class,input_count,kept_count,output_image_count,output_label_count,pair_match,domain_score_mean,domain_score_min,domain_score_max
D00,167,134,134,134,True,0.7672027945518494,0.6718384027481079,0.8285989165306091
D10,65,65,65,65,True,0.7898675203323364,0.7138465046882629,0.861896276473999
D20,114,91,91,91,True,0.7718469500541687,0.6390396952629089,0.8528225421905518
D40,58,58,58,58,True,0.7393344640731812,0.39491021633148193,0.9382221102714539
