generation_index,source_sample_id,source_image_path,source_label_path,source_image_sha256,source_label_sha256,source_split,is_negative,anchor_class,class_ids,prompt,seed,width,height,num_inference_steps,guidance_scale,scheduler,base_output_filename,rgda_output_filename,rgda_checkpoint_sha256
0,formal_train_0002,,,fc5031b3c928f33ec72954918ce5b04b82742f2b082fa5df6b7ee7b81e6cc4af,015cec094e6afa2d1371cec2f61423b56c94d84ec7a610f24f69372497ea1fc0,train,false,D10,,a Czech road surface with transverse crack and pothole damage,202600000,512,512,28,4.5,FlowMatchEulerDiscreteScheduler,sd3base_0000_formal_train_0002.png,sd3rgda_0000_formal_train_0002.png,dca7d04a8b90b317724bd3572b21b91304f9c98fa36014208cc695df34489bc2
1,formal_train_0007,,,c5c83b976ff921897c0da6ce77246ee7f3758a831f989a5546eb452e5188cdc2,d7ec1cf3e30bb5463037c41bdbcc346dfce0b21d214434b410ff155a64c65979,train,false,D10,,a Czech road surface with transverse crack damage,202600001,512,512,28,4.5,FlowMatchEulerDiscreteScheduler,sd3base_0001_formal_train_0007.png,sd3rgda_0001_formal_train_0007.png,dca7d04a8b90b317724bd3572b21b91304f9c98fa36014208cc695df34489bc2
2,formal_train_0008,,,3a8cfa040380a30fb5a30b69bc5cc420df18a252628459334d839a4ff53a961b,77efce8d99bd3936d155aad9887c126432c7e4c7482903222ee7306b2a7b165b,train,false,D10,,a Czech road surface with transverse crack damage,202600002,512,512,28,4.5,FlowMatchEulerDiscreteScheduler,sd3base_0002_formal_train_0008.png,sd3rgda_0002_formal_train_0008.png,dca7d04a8b90b317724bd3572b21b91304f9c98fa36014208cc695df34489bc2
3,formal_train_0009,,,1edf70674d37638c7aed0ad074c6fa06c6502b6a6b843d4fc5e7cd67536c0520,538d632347d9473b75387439c3bdc1e8d2fa96b0b1a86691b8899bef62c9a979,train,false,D00,,a Czech road surface with longitudinal crack damage,202600003,512,512,28,4.5,FlowMatchEulerDiscreteScheduler,sd3base_0003_formal_train_0009.png,sd3rgda_0003_formal_train_0009.png,dca7d04a8b90b317724bd3572b21b91304f9c98fa36014208cc695df34489bc2
4,formal_train_0017,,,75a6145095bf4810c19abebd6aa0802ee32e817a796eef8da56f9fde8fbb93c4,8b5cb326a5ac643e04dcbaf7f12ba606ab9c013b123a1447dcd4c1dfa4c36baf,train,false,D10,,a Czech road surface with transverse crack and pothole damage,202600004,512,512,28,4.5,FlowMatchEulerDiscreteScheduler,sd3base_0004_formal_train_0017.png,sd3rgda_0004_formal_train_0017.png,dca7d04a8b90b317724bd3572b21b91304f9c98fa36014208cc695df34489bc2
5,formal_train_0018,,,b24e0fa1e9e7dc5cdc3bcc6acf1d7ca0f9c7c0d7be792305fc59d027e8c2c2b1,252ff361030d94e189328ba64513f2f06218d5f3bd613ca04c61ce5cb12a6d0c,train,false,D20,,a Czech road surface with alligator crack damage,202600005,512,512,28,4.5,FlowMatchEulerDiscreteScheduler,sd3base_0005_formal_train_0018.png,sd3rgda_0005_formal_train_0018.png,dca7d04a8b90b317724bd3572b21b91304f9c98fa36014208cc695df34489bc2
6,formal_train_0023,,,5358013edbac5e23973f0c32453d7aaf2e007fd885025eb5024de8f9c3e374b1,25339410908098bb8fa9d7105e702990fe7b8035daae7a741b2fc15678583da1,train,false,D00,,a Czech road surface with longitudinal crack damage,202600006,512,512,28,4.5,FlowMatchEulerDiscreteScheduler,sd3base_0006_formal_train_0023.png,sd3rgda_0006_formal_train_0023.png,dca7d04a8b90b317724bd3572b21b91304f9c98fa36014208cc695df34489bc2
7,formal_train_0024,,,0d649a01bf38f34d74d36b7e17a5db4ba20a60063090d4c7c9aff468e0ec6033,54ae7c1c231832534a8bdfea8511216376b487e952ac76d315e6181f7f4fb7e0,train,false,D00,,a Czech road surface with longitudinal crack and transverse crack damage,202600007,512,512,28,4.5,FlowMatchEulerDiscreteScheduler,sd3base_0007_formal_train_0024.png,sd3rgda_0007_formal_train_0024.png,dca7d04a8b90b317724bd3572b21b91304f9c98fa36014208cc695df34489bc2
8,formal_train_0027,,,a9b343b913b22b2a9e92c7d45352362efca327f2cd4a9ef40c05f09ed93c6492,53499857b0abeb43a896bcb7f17f83c0654ef3f17b687815b3e001ee625a9a06,train,false,D00,,a Czech road surface with longitudinal crack damage,202600008,512,512,28,4.5,FlowMatchEulerDiscreteScheduler,sd3base_0008_formal_train_0027.png,sd3rgda_0008_formal_train_0027.png,dca7d04a8b90b317724bd3572b21b91304f9c98fa36014208cc695df34489bc2
9,formal_train_0029,,,f77709fd4bf5a9a196caed8d433c2b8755ba8a0b5428e39d6b1e44701d12e2ba,4a8cd37106a38179ae6f3f3dd6c8f716750d0ea81239e7f549c68b8cdcfd782e,train,false,D40,,a Czech road surface with pothole damage,202600009,512,512,28,4.5,FlowMatchEulerDiscreteScheduler,sd3base_0009_formal_train_0029.png,sd3rgda_0009_formal_train_0029.png,dca7d04a8b90b317724bd3572b21b91304f9c98fa36014208cc695df34489bc2
10,formal_train_0032,,,b08776e54fa3a7875e038954d40ff4024df131e89a2d21270ac70dd3d3c5456b,73961c09777582dc76f283626e818d9959cc931e7e62040be28ebde4bc6411b0,train,false,D00,,a Czech road surface with longitudinal crack damage,202600010,512,512,28,4.5,FlowMatchEulerDiscreteScheduler,sd3base_0010_formal_train_0032.png,sd3rgda_0010_formal_train_0032.png,dca7d04a8b90b317724bd3572b21b91304f9c98fa36014208cc695df34489bc2
11,formal_train_0035,,,2a5d38601f5af5f1bd48d5fe93490655d1d43ed7133922681bd278413fd014e4,dee70448ff4df1f45bb71e6df9fb95c4b00e3bc12f5c12b2c0a089e75dec809c,train,false,D00,,a Czech road surface with longitudinal crack and transverse crack damage,202600011,512,512,28,4.5,FlowMatchEulerDiscreteScheduler,sd3base_0011_formal_train_0035.png,sd3rgda_0011_formal_train_0035.png,dca7d04a8b90b317724bd3572b21b91304f9c98fa36014208cc695df34489bc2
12,formal_train_0039,,,b1ca72d14e7425e398da129c072f3808dce2f503822737bc0e64157660390789,009b9a354701b2f85f5ef96076cc91fbf67d8fed7e2475d216b9e95d73817b03,train,false,D10,,a Czech road surface with transverse crack damage,202600012,512,512,28,4.5,FlowMatchEulerDiscreteScheduler,sd3base_0012_formal_train_0039.png,sd3rgda_0012_formal_train_0039.png,dca7d04a8b90b317724bd3572b21b91304f9c98fa36014208cc695df34489bc2
13,formal_train_0041,,,20a2454f7bb9c18bdfd6a98a891d52a7280701e470d4908c736c42d2514f1878,42d114f29a82b2ae95ad781ec605d0f18d6702641799800d2055a3eae131efd6,train,false,D20,,a Czech road surface with alligator crack and pothole damage,202600013,512,512,28,4.5,FlowMatchEulerDiscreteScheduler,sd3base_0013_formal_train_0041.png,sd3rgda_0013_formal_train_0041.png,dca7d04a8b90b317724bd3572b21b91304f9c98fa36014208cc695df34489bc2
14,formal_train_0044,,,44b8d0c8e3dd03a6700ab496c9a0f043a9d5eb3b98eebc952d975a38182cf2ab,c7ace31a71f3d717149d7a0e9f55aca9ba66da5f758b0bbcbdd05b941bd0055e,train,false,D10,,a Czech road surface with transverse crack and alligator crack damage,202600014,512,512,28,4.5,FlowMatchEulerDiscreteScheduler,sd3base_0014_formal_train_0044.png,sd3rgda_0014_formal_train_0044.png,dca7d04a8b90b317724bd3572b21b91304f9c98fa36014208cc695df34489bc2
15,formal_train_0046,,,1289d382c507aad792ecede503106b9fe2f50e5dcee1182ddc5d2990b7aae82a,259ec14a77fc6b913080f133e4fd80c9871d58e283002f67bf868c4f03ebb5f6,train,false,D00,,a Czech road surface with longitudinal crack damage,202600015,512,512,28,4.5,FlowMatchEulerDiscreteScheduler,sd3base_0015_formal_train_0046.png,sd3rgda_0015_formal_train_0046.png,dca7d04a8b90b317724bd3572b21b91304f9c98fa36014208cc695df34489bc2
16,formal_train_0053,,,7c3c94117b4183fca4f940de2bc5762c37a25bc5fbf9b25eb99b622fd504cb28,880e46ccd1eefdae45ab7d22ef9594d398cf1b43cbfe426a01c51edc302db306,train,false,D40,,a Czech road surface with pothole damage,202600016,512,512,28,4.5,FlowMatchEulerDiscreteScheduler,sd3base_0016_formal_train_0053.png,sd3rgda_0016_formal_train_0053.png,dca7d04a8b90b317724bd3572b21b91304f9c98fa36014208cc695df34489bc2
17,formal_train_0055,,,00f51a8603f5c88180154024208b42258edf6b5aeca6f037733d869db257ad97,33589397590991006f6fad505dab541f5c8af05dd2f0a8dca4c8117f83d67012,train,false,D00,,a Czech road surface with longitudinal crack and transverse crack damage,202600017,512,512,28,4.5,FlowMatchEulerDiscreteScheduler,sd3base_0017_formal_train_0055.png,sd3rgda_0017_formal_train_0055.png,dca7d04a8b90b317724bd3572b21b91304f9c98fa36014208cc695df34489bc2
18,formal_train_0057,,,4cff95af02b6bb0ca84c2d859c9514cfc8294b6353d1348919053bc5ce460e9b,b7b98d9cb6e43f22b8de1fb3a2d125698c82627a14ee6c9c84772e3c00d32416,train,false,D20,,a Czech road surface with alligator crack damage,202600018,512,512,28,4.5,FlowMatchEulerDiscreteScheduler,sd3base_0018_formal_train_0057.png,sd3rgda_0018_formal_train_0057.png,dca7d04a8b90b317724bd3572b21b91304f9c98fa36014208cc695df34489bc2
19,formal_train_0058,,,85214dda023fc26b64de14b473f1231ed81f74ce5c863c460355558d7b5d89b8,3448689b90d42cf69b50a7df272271383a9151d31ddb34c6fc5cf856ceb725df,train,false,D00,,a Czech road surface with longitudinal crack damage,202600019,512,512,28,4.5,FlowMatchEulerDiscreteScheduler,sd3base_0019_formal_train_0058.png,sd3rgda_0019_formal_train_0058.png,dca7d04a8b90b317724bd3572b21b91304f9c98fa36014208cc695df34489bc2
20,formal_train_0059,,,fea123295a9bc31f7a4b16fe0ef4df04a7bfc6ace8b9371fcb1d39d473181ff7,c6b7b89e3c74ebe5f94e62a5359a9ef9523567fdecd7ba706dd2b1124f0c1d99,train,false,D00,,a Czech road surface with longitudinal crack damage,202600020,512,512,28,4.5,FlowMatchEulerDiscreteScheduler,sd3base_0020_formal_train_0059.png,sd3rgda_0020_formal_train_0059.png,dca7d04a8b90b317724bd3572b21b91304f9c98fa36014208cc695df34489bc2
21,formal_train_0062,,,679da57b51d8949e4688f355839305d528cca8a8ac738e0b625a4ab84bec7a78,908530ff8dd42480d075bf291b0fd3a6946c8497d5df899a44fccfe802277832,train,false,D00,,a Czech road surface with longitudinal crack damage,202600021,512,512,28,4.5,FlowMatchEulerDiscreteScheduler,sd3base_0021_formal_train_0062.png,sd3rgda_0021_formal_train_0062.png,dca7d04a8b90b317724bd3572b21b91304f9c98fa36014208cc695df34489bc2
22,formal_train_0063,,,7d06cf9ae02e8881720733d60c03645602c5f6c2007e75a984aa7a1e0813f386,38d56935ed5babe57e55807bddbb6ce0befd2f94374ff6a01ed2d97b3ff4add4,train,false,D00,,a Czech road surface with longitudinal crack damage,202600022,512,512,28,4.5,FlowMatchEulerDiscreteScheduler,sd3base_0022_formal_train_0063.png,sd3rgda_0022_formal_train_0063.png,dca7d04a8b90b317724bd3572b21b91304f9c98fa36014208cc695df34489bc2
23,formal_train_0065,,,1a4aac3181aaf563e035c20be43726648516363776ff0cc3043efff0defc3ace,b40e588d9d7092da2beb0f4d893ab8b5425576c606fa9fc777add4b2cc0c41e5,train,false,D00,,a Czech road surface with longitudinal crack damage,202600023,512,512,28,4.5,FlowMatchEulerDiscreteScheduler,sd3base_0023_formal_train_0065.png,sd3rgda_0023_formal_train_0065.png,dca7d04a8b90b317724bd3572b21b91304f9c98fa36014208cc695df34489bc2
24,formal_train_0066,,,f16f12414a4fb1e969953e186e52b1e2ad510516f732cba5a3b7077417f9be34,9dd7ae46a3df66699bcb014001eeb7037884156ee4e290e5c0c9cdfc80e6c040,train,false,D00,,a Czech road surface with longitudinal crack damage,202600024,512,512,28,4.5,FlowMatchEulerDiscreteScheduler,sd3base_0024_formal_train_0066.png,sd3rgda_0024_formal_train_0066.png,dca7d04a8b90b317724bd3572b21b91304f9c98fa36014208cc695df34489bc2
25,formal_train_0072,,,b012745206d07ccbc7d692912ba0e8172cb71dbe95b6cf0183f3af327a212809,c1d80e82045b654fad84482b2dfadb7ba4188e553e0808af668af78c2affff78,train,false,D10,,a Czech road surface with transverse crack damage,202600025,512,512,28,4.5,FlowMatchEulerDiscreteScheduler,sd3base_0025_formal_train_0072.png,sd3rgda_0025_formal_train_0072.png,dca7d04a8b90b317724bd3572b21b91304f9c98fa36014208cc695df34489bc2
26,formal_train_0077,,,24c670a9d342713076aca4c490d724637ccd9ee7f97018ebd3bc50dcecb1af45,ff38773300c1f4d746a7d69b4c32f06e604a5ec6caa058d33ccb4a2b5ac724ed,train,false,D00,,a Czech road surface with longitudinal crack damage,202600026,512,512,28,4.5,FlowMatchEulerDiscreteScheduler,sd3base_0026_formal_train_0077.png,sd3rgda_0026_formal_train_0077.png,dca7d04a8b90b317724bd3572b21b91304f9c98fa36014208cc695df34489bc2
27,formal_train_0079,,,69acbd18006700d74bfd0f0078a0bbe4fcb0958506e44e5d63915ce7e1251853,de0c18b16ae94eee4ac598d51e5c4583df47cdd2563b8811e205c38cd82f121e,train,false,D00,,a Czech road surface with longitudinal crack damage,202600027,512,512,28,4.5,FlowMatchEulerDiscreteScheduler,sd3base_0027_formal_train_0079.png,sd3rgda_0027_formal_train_0079.png,dca7d04a8b90b317724bd3572b21b91304f9c98fa36014208cc695df34489bc2
28,formal_train_0082,,,77b5e15db969159c4f789ebc426deb8148d8b9d7c0e43e34053fc7ea572c07a4,9f72c41372645d981393cdf3abea7b20186b7dab5750d8f733895bca1b21d5e8,train,false,D00,,a Czech road surface with longitudinal crack damage,202600028,512,512,28,4.5,FlowMatchEulerDiscreteScheduler,sd3base_0028_formal_train_0082.png,sd3rgda_0028_formal_train_0082.png,dca7d04a8b90b317724bd3572b21b91304f9c98fa36014208cc695df34489bc2
29,formal_train_0086,,,403ab8aefe980809d5f1d001d390c3fe9d85a92f096691b4c0a8a7d85324379a,37ec8d3584eae644a15638e422886a596e12572de7473ad67540739fdcc8bad8,train,false,D00,,a Czech road surface with longitudinal crack damage,202600029,512,512,28,4.5,FlowMatchEulerDiscreteScheduler,sd3base_0029_formal_train_0086.png,sd3rgda_0029_formal_train_0086.png,dca7d04a8b90b317724bd3572b21b91304f9c98fa36014208cc695df34489bc2
30,formal_train_0090,,,97d0fc84d0f09f9f8fd97aa0db5ef8fac511a03fa615c4e93cc57c2b0d815f79,9fb6529abc74540b5cc887366c793159530b12ffc280caac4c85f157f50162ad,train,false,D00,,a Czech road surface with longitudinal crack damage,202600030,512,512,28,4.5,FlowMatchEulerDiscreteScheduler,sd3base_0030_formal_train_0090.png,sd3rgda_0030_formal_train_0090.png,dca7d04a8b90b317724bd3572b21b91304f9c98fa36014208cc695df34489bc2
31,formal_train_0095,,,69b9e961659ba23ad6d64173a755920a64fef5d333b37073e3c42648bd320403,e5051f5c510c9eeae849ec5f9b42ce2ee86f2e46f32f1b0e51ca97908cb4e8d3,train,false,D00,,a Czech road surface with longitudinal crack damage,202600031,512,512,28,4.5,FlowMatchEulerDiscreteScheduler,sd3base_0031_formal_train_0095.png,sd3rgda_0031_formal_train_0095.png,dca7d04a8b90b317724bd3572b21b91304f9c98fa36014208cc695df34489bc2
32,formal_train_0102,,,60c3b1741241a6ca5e2812955f39e67bb0d118fc9a92c97fcd5b666767bc7ae0,794186e27f6a0c1cf94ea4146640239ae199769372ec840fd3139ee36a5daabb,train,false,D00,,a Czech road surface with longitudinal crack and transverse crack damage,202600032,512,512,28,4.5,FlowMatchEulerDiscreteScheduler,sd3base_0032_formal_train_0102.png,sd3rgda_0032_formal_train_0102.png,dca7d04a8b90b317724bd3572b21b91304f9c98fa36014208cc695df34489bc2
33,formal_train_0104,,,f92976df20e71648b9f191acab550152967762d5c018060163f33b1e5fde5dc3,29a5091398caf7656a3c7a01cbe353a0613c3c28c491dc3478fa14709e0956fa,train,false,D00,,a Czech road surface with longitudinal crack damage,202600033,512,512,28,4.5,FlowMatchEulerDiscreteScheduler,sd3base_0033_formal_train_0104.png,sd3rgda_0033_formal_train_0104.png,dca7d04a8b90b317724bd3572b21b91304f9c98fa36014208cc695df34489bc2
34,formal_train_0107,,,fe1d0a836caf181059ef9726d286cc63461492f35ca1a112bfe52df64d8f0e67,cb9fc63adc09099cab84dee5609835333f4f00cc5d0eba8cbaf87ac37a22c5c5,train,false,D20,,a Czech road surface with alligator crack damage,202600034,512,512,28,4.5,FlowMatchEulerDiscreteScheduler,sd3base_0034_formal_train_0107.png,sd3rgda_0034_formal_train_0107.png,dca7d04a8b90b317724bd3572b21b91304f9c98fa36014208cc695df34489bc2
35,formal_train_0108,,,56cb85866bb3f58351e4c7ea0fde7a312dec4299b8fd50a3d29256d70b482981,c6adfeaa44a7b9841626f7d1b2b720086845ba501fb249b05e02e08e0f417947,train,false,D00,,a Czech road surface with longitudinal crack damage,202600035,512,512,28,4.5,FlowMatchEulerDiscreteScheduler,sd3base_0035_formal_train_0108.png,sd3rgda_0035_formal_train_0108.png,dca7d04a8b90b317724bd3572b21b91304f9c98fa36014208cc695df34489bc2
36,formal_train_0109,,,aa116866bf4d680600cadc686f65abd2001cb27a3d7abbff6f4de89a363eb6ef,8c8fa5ade7fb3a2d5f00edee5a19c7e32a551290216c8384c98153054246a637,train,false,D00,,a Czech road surface with longitudinal crack damage,202600036,512,512,28,4.5,FlowMatchEulerDiscreteScheduler,sd3base_0036_formal_train_0109.png,sd3rgda_0036_formal_train_0109.png,dca7d04a8b90b317724bd3572b21b91304f9c98fa36014208cc695df34489bc2
37,formal_train_0112,,,3ae96b9647519a80e770b7e125205d648712c868f2b531c5de8c67e9f357ced9,43498daa722e4ede601a84aefe5401ad7a9e6a9f16b574566c4ee46b2f3db76b,train,false,D00,,a Czech road surface with longitudinal crack damage,202600037,512,512,28,4.5,FlowMatchEulerDiscreteScheduler,sd3base_0037_formal_train_0112.png,sd3rgda_0037_formal_train_0112.png,dca7d04a8b90b317724bd3572b21b91304f9c98fa36014208cc695df34489bc2
38,formal_train_0117,,,9ca3a5b5e2ff4eb45ca5fa954e2b8915180d2259380fdc9e1d08bd02859b89ed,52475882bd41cc8ccc7174820c859356771e09ed6f97a7e870182928ea461d91,train,false,D00,,a Czech road surface with longitudinal crack damage,202600038,512,512,28,4.5,FlowMatchEulerDiscreteScheduler,sd3base_0038_formal_train_0117.png,sd3rgda_0038_formal_train_0117.png,dca7d04a8b90b317724bd3572b21b91304f9c98fa36014208cc695df34489bc2
39,formal_train_0118,,,d42ba08be76e2984cab30086ab679a59fd0934f2ff57853fb030e9bde6eb6390,b19c67677f736f93db254c43521a57efbbae3a8147796a8369fc69b73dc53eb3,train,false,D10,,a Czech road surface with transverse crack damage,202600039,512,512,28,4.5,FlowMatchEulerDiscreteScheduler,sd3base_0039_formal_train_0118.png,sd3rgda_0039_formal_train_0118.png,dca7d04a8b90b317724bd3572b21b91304f9c98fa36014208cc695df34489bc2
40,formal_train_0120,,,8803c72bc5d623aec03a14f3c9ed36b90e48f29b945dbc0b703da640f4c523f5,80089f37c154cca321987e54ab15208a98985b39f63904b311f4ccc617793fe5,train,false,D00,,a Czech road surface with longitudinal crack damage,202600040,512,512,28,4.5,FlowMatchEulerDiscreteScheduler,sd3base_0040_formal_train_0120.png,sd3rgda_0040_formal_train_0120.png,dca7d04a8b90b317724bd3572b21b91304f9c98fa36014208cc695df34489bc2
41,formal_train_0121,,,7fda68ff04b8fb9070e9405ae168e46acdb7e01145a2b625c73e452cebbb6819,ad0017067837df9911d3e4fab5b8ce3af6e4d2e613d2c2406d995a8dc61308cf,train,false,D00,,a Czech road surface with longitudinal crack damage,202600041,512,512,28,4.5,FlowMatchEulerDiscreteScheduler,sd3base_0041_formal_train_0121.png,sd3rgda_0041_formal_train_0121.png,dca7d04a8b90b317724bd3572b21b91304f9c98fa36014208cc695df34489bc2
42,formal_train_0123,,,f6b1e81b13dd51be98b62da4c2e3cacacea7c45eb85a2aa8c681b361a6cbac04,11c2d4b9f9a4ec243a62865dc8ddce40e0eadfd629a18e046a5b74f30dfdf4e7,train,false,D00,,a Czech road surface with longitudinal crack damage,202600042,512,512,28,4.5,FlowMatchEulerDiscreteScheduler,sd3base_0042_formal_train_0123.png,sd3rgda_0042_formal_train_0123.png,dca7d04a8b90b317724bd3572b21b91304f9c98fa36014208cc695df34489bc2
43,formal_train_0125,,,b3703da76346a69d2bd5f599dc22eb72c12eb6b6f0b4a11a7aa5db018465b175,6c1cf5bb1eef10c787a8230f38db965f12ae727222609cc762d532510c801236,train,false,D00,,a Czech road surface with longitudinal crack damage,202600043,512,512,28,4.5,FlowMatchEulerDiscreteScheduler,sd3base_0043_formal_train_0125.png,sd3rgda_0043_formal_train_0125.png,dca7d04a8b90b317724bd3572b21b91304f9c98fa36014208cc695df34489bc2
44,formal_train_0127,,,5c726e01884a3f8cf419a46483e1653f7fff2995053db21a1b5b75447dfc4af8,970944b27b7a93ae532dd2e278b40cb8ae955fcaa96f47427feb395953fee11b,train,false,D00,,a Czech road surface with longitudinal crack damage,202600044,512,512,28,4.5,FlowMatchEulerDiscreteScheduler,sd3base_0044_formal_train_0127.png,sd3rgda_0044_formal_train_0127.png,dca7d04a8b90b317724bd3572b21b91304f9c98fa36014208cc695df34489bc2
45,formal_train_0128,,,db32ad945d77def3efc72a4d06ed34103e7a1f7b9236399fa4a36f2e97eb9d2e,46b6bf2d63b95ee4d00e30b12249179904417881fb7e45b571ee16c7eceebda3,train,false,D10,,a Czech road surface with transverse crack damage,202600045,512,512,28,4.5,FlowMatchEulerDiscreteScheduler,sd3base_0045_formal_train_0128.png,sd3rgda_0045_formal_train_0128.png,dca7d04a8b90b317724bd3572b21b91304f9c98fa36014208cc695df34489bc2
46,formal_train_0130,,,abc3862dd2bc3e88911de3cd609abac97567b0f76a51288777cf898e7dbc2d59,f7a8397e7a8db1ed6e3b8b53b74e78740307ff11456598a09516edc8f9ad1222,train,false,D00,,a Czech road surface with longitudinal crack and alligator crack and pothole damage,202600046,512,512,28,4.5,FlowMatchEulerDiscreteScheduler,sd3base_0046_formal_train_0130.png,sd3rgda_0046_formal_train_0130.png,dca7d04a8b90b317724bd3572b21b91304f9c98fa36014208cc695df34489bc2
47,formal_train_0132,,,13bc007389276a3bbe468bc28e5b0549ab9c84c5c128565c8e13830b95fcbc79,2eac2a9ae4f6e6431ff09db74e4b6a80874a1c18f920fbe5f58033a3d6a4c4f3,train,false,D10,,a Czech road surface with transverse crack damage,202600047,512,512,28,4.5,FlowMatchEulerDiscreteScheduler,sd3base_0047_formal_train_0132.png,sd3rgda_0047_formal_train_0132.png,dca7d04a8b90b317724bd3572b21b91304f9c98fa36014208cc695df34489bc2
48,formal_train_0133,,,972d91495e2cbfbb11ce662968048bda975be73ee90d0d76984620677a9e8f23,19eed12cd7dee3134b29bdeeb2207746417d2bcf852408b7a08a74776159d312,train,false,D00,,a Czech road surface with longitudinal crack and transverse crack damage,202600048,512,512,28,4.5,FlowMatchEulerDiscreteScheduler,sd3base_0048_formal_train_0133.png,sd3rgda_0048_formal_train_0133.png,dca7d04a8b90b317724bd3572b21b91304f9c98fa36014208cc695df34489bc2
49,formal_train_0134,,,db47230c8e8f804bf69923e3faf95bedbc203ffc34a05f04fe5a1eae40bd5977,32b0399c8262a321ac5227b7d09b08e66ad210d444eee10e6ae877971e08af41,train,false,D00,,a Czech road surface with longitudinal crack and transverse crack damage,202600049,512,512,28,4.5,FlowMatchEulerDiscreteScheduler,sd3base_0049_formal_train_0134.png,sd3rgda_0049_formal_train_0134.png,dca7d04a8b90b317724bd3572b21b91304f9c98fa36014208cc695df34489bc2
50,formal_train_0135,,,075a1ea37f0a85bd0fd532ec43bd7243713b5937a165870b348a0db9adaf0cd4,5035bbb2f11bc23b91591f5dd525089bd04776f24683bc031f47311ca8cad2c9,train,false,D00,,a Czech road surface with longitudinal crack damage,202600050,512,512,28,4.5,FlowMatchEulerDiscreteScheduler,sd3base_0050_formal_train_0135.png,sd3rgda_0050_formal_train_0135.png,dca7d04a8b90b317724bd3572b21b91304f9c98fa36014208cc695df34489bc2
51,formal_train_0136,,,1ed1195c532a4f400ac380888c773f5a0200b6f5ab76396ef326f19ca815d0e8,7b1bb0fcde74ca50b1af1bee22eb0136f9a41c9fd077e50302893ee47b3a8b84,train,false,D10,,a Czech road surface with transverse crack damage,202600051,512,512,28,4.5,FlowMatchEulerDiscreteScheduler,sd3base_0051_formal_train_0136.png,sd3rgda_0051_formal_train_0136.png,dca7d04a8b90b317724bd3572b21b91304f9c98fa36014208cc695df34489bc2
52,formal_train_0137,,,d15d0e71d396b6405e0d8c79d3e64fe958e251086f56fdc6ab22e4039a0b8b67,1b1590814d38b5a30236569a1a6d747b3ff5f468224054250d6c6070ad1529de,train,false,D00,,a Czech road surface with longitudinal crack damage,202600052,512,512,28,4.5,FlowMatchEulerDiscreteScheduler,sd3base_0052_formal_train_0137.png,sd3rgda_0052_formal_train_0137.png,dca7d04a8b90b317724bd3572b21b91304f9c98fa36014208cc695df34489bc2
53,formal_train_0140,,,dd483e928c7ffd2984a87994e1fac5825fa59749a7736bf6257250f194ba085e,cc48520d30fb1b89156b59a4d720d3da3a86b2641ebeae4172fce34529239a09,train,false,D20,,a Czech road surface with alligator crack damage,202600053,512,512,28,4.5,FlowMatchEulerDiscreteScheduler,sd3base_0053_formal_train_0140.png,sd3rgda_0053_formal_train_0140.png,dca7d04a8b90b317724bd3572b21b91304f9c98fa36014208cc695df34489bc2
54,formal_train_0141,,,16987a30d8c53bbc446b68fe796c31cc98217d6939e0945b6282212cb78acfd8,d14b6e048252a7e2fad180941f345077e669eaa192b301da3a992f7d528122f1,train,false,D10,,a Czech road surface with transverse crack damage,202600054,512,512,28,4.5,FlowMatchEulerDiscreteScheduler,sd3base_0054_formal_train_0141.png,sd3rgda_0054_formal_train_0141.png,dca7d04a8b90b317724bd3572b21b91304f9c98fa36014208cc695df34489bc2
55,formal_train_0147,,,de6aa6015ca35f7a1986e28753c7136eaff8c69c339aaa2965980c66e9c9abcc,2f05e265823076b0b4d4128e113dffa84849282483bb2e966533a0f3cf0be9c0,train,false,D00,,a Czech road surface with longitudinal crack damage,202600055,512,512,28,4.5,FlowMatchEulerDiscreteScheduler,sd3base_0055_formal_train_0147.png,sd3rgda_0055_formal_train_0147.png,dca7d04a8b90b317724bd3572b21b91304f9c98fa36014208cc695df34489bc2
56,formal_train_0148,,,f1c050cb18065dbe537ff06581d08ca702467f1670b3ef209788ec21afcbd1e1,956b8f1726c57750b56c595d209d05b97902c48469a9bbc5e5bac864c792ca43,train,false,D00,,a Czech road surface with longitudinal crack and transverse crack damage,202600056,512,512,28,4.5,FlowMatchEulerDiscreteScheduler,sd3base_0056_formal_train_0148.png,sd3rgda_0056_formal_train_0148.png,dca7d04a8b90b317724bd3572b21b91304f9c98fa36014208cc695df34489bc2
57,formal_train_0149,,,a150ce3eb666ca6d412674993886cef9815f9c1853c1d5b831951302890d308d,d35c7b84d7cf289582e586a14186936da6bfa8067a3120b7772ac5643fff931f,train,false,D00,,a Czech road surface with longitudinal crack and alligator crack and pothole damage,202600057,512,512,28,4.5,FlowMatchEulerDiscreteScheduler,sd3base_0057_formal_train_0149.png,sd3rgda_0057_formal_train_0149.png,dca7d04a8b90b317724bd3572b21b91304f9c98fa36014208cc695df34489bc2
58,formal_train_0150,,,ff42a51e5518265a228ccf60667ef5c766a08db1be9ce70b2b67bf90821fed7a,dea4cd4c538657365d8e9accd75ea7874a64f068b84f35ad96fa6846572beccc,train,false,D00,,a Czech road surface with longitudinal crack and transverse crack damage,202600058,512,512,28,4.5,FlowMatchEulerDiscreteScheduler,sd3base_0058_formal_train_0150.png,sd3rgda_0058_formal_train_0150.png,dca7d04a8b90b317724bd3572b21b91304f9c98fa36014208cc695df34489bc2
59,formal_train_0151,,,7863fa24d0894ee3a15ee3ec25154fe33b8b7a2cc2b92233b31a19789a88c737,e15ca6b1b60b0ebf217e86d9814d9d932493c94cf883ae05bd451d71bb2921fe,train,false,D00,,a Czech road surface with longitudinal crack damage,202600059,512,512,28,4.5,FlowMatchEulerDiscreteScheduler,sd3base_0059_formal_train_0151.png,sd3rgda_0059_formal_train_0151.png,dca7d04a8b90b317724bd3572b21b91304f9c98fa36014208cc695df34489bc2
60,formal_train_0152,,,aa359b12fed343e627a2de3cf52299bc242da70f7a3d627c3b202c635f5a7137,35464fe1d8dd37050ce3f6af8da438375acf549a76098a818310c7d943c8c683,train,false,D00,,a Czech road surface with longitudinal crack and pothole damage,202600060,512,512,28,4.5,FlowMatchEulerDiscreteScheduler,sd3base_0060_formal_train_0152.png,sd3rgda_0060_formal_train_0152.png,dca7d04a8b90b317724bd3572b21b91304f9c98fa36014208cc695df34489bc2
61,formal_train_0154,,,a9fbb79ed64fb9a15f1221351cdcc6992cabd3289dd85fb273b56c6434e6a95d,9a6b960e4657ac25e45bc107b02e401c0fea4a12ae8d7064073754760ae17f6b,train,false,D00,,a Czech road surface with longitudinal crack damage,202600061,512,512,28,4.5,FlowMatchEulerDiscreteScheduler,sd3base_0061_formal_train_0154.png,sd3rgda_0061_formal_train_0154.png,dca7d04a8b90b317724bd3572b21b91304f9c98fa36014208cc695df34489bc2
62,formal_train_0159,,,7badceaaa408378177d2cdefdbee5b0908502b7f6faf97e5fe1956cc0af6944a,6cafb0e0edda965ca216f984ec8f77d74bfc02944d030edc5eb1b0b5e11a1684,train,false,D10,,a Czech road surface with transverse crack damage,202600062,512,512,28,4.5,FlowMatchEulerDiscreteScheduler,sd3base_0062_formal_train_0159.png,sd3rgda_0062_formal_train_0159.png,dca7d04a8b90b317724bd3572b21b91304f9c98fa36014208cc695df34489bc2
63,formal_train_0160,,,e4948256db6226fe5cfa71ab0598ee4b1a215e1cee971c0acacd7580914e0511,eaec1ef545868b3ca8b424aed994a45e16b9abbbe742c09aba9674a39e15ef7b,train,false,D00,,a Czech road surface with longitudinal crack damage,202600063,512,512,28,4.5,FlowMatchEulerDiscreteScheduler,sd3base_0063_formal_train_0160.png,sd3rgda_0063_formal_train_0160.png,dca7d04a8b90b317724bd3572b21b91304f9c98fa36014208cc695df34489bc2
64,formal_train_0162,,,aa9a158e456a7203be295648c3103ca8d14d6d27a14d9b238e38542cf9874600,b11a4b74c9c33352a72102aa957a9b6f3839a5ef1dc964cfcfb67ed0f702cb68,train,false,D40,,a Czech road surface with pothole damage,202600064,512,512,28,4.5,FlowMatchEulerDiscreteScheduler,sd3base_0064_formal_train_0162.png,sd3rgda_0064_formal_train_0162.png,dca7d04a8b90b317724bd3572b21b91304f9c98fa36014208cc695df34489bc2
65,formal_train_0163,,,9e2dca92069316c3e34270f8d2f6bbed8e0ef7a054231742358f5af25aba56ca,8dbcf5da0bd181631e294cb0a8f2b3557ad57d4cf8b1b0866e73745f2157fcb9,train,false,D00,,a Czech road surface with longitudinal crack damage,202600065,512,512,28,4.5,FlowMatchEulerDiscreteScheduler,sd3base_0065_formal_train_0163.png,sd3rgda_0065_formal_train_0163.png,dca7d04a8b90b317724bd3572b21b91304f9c98fa36014208cc695df34489bc2
66,formal_train_0164,,,b07da3d759462aa7138245e5b6d01a5152794fbdc9b2037730243fd775c08cfa,0827196e147da8ccc6495a8b95b0f41a603a4a982d54e752d92ab632d646cac6,train,false,D00,,a Czech road surface with longitudinal crack and pothole damage,202600066,512,512,28,4.5,FlowMatchEulerDiscreteScheduler,sd3base_0066_formal_train_0164.png,sd3rgda_0066_formal_train_0164.png,dca7d04a8b90b317724bd3572b21b91304f9c98fa36014208cc695df34489bc2
67,formal_train_0165,,,7ce8c3b517c3d3bef04a04b360c7b0ed78f0f8b307df5427b7305d9a00aaabbc,05a4596023c6842d29058912ac5aa4dd9f8a551906dd8ee0a60d72d1d85683ae,train,false,D00,,a Czech road surface with longitudinal crack damage,202600067,512,512,28,4.5,FlowMatchEulerDiscreteScheduler,sd3base_0067_formal_train_0165.png,sd3rgda_0067_formal_train_0165.png,dca7d04a8b90b317724bd3572b21b91304f9c98fa36014208cc695df34489bc2
68,formal_train_0170,,,81ddd0170eef0a13da9e904bf4cd4cc3437a2d5b6f6020428df8edd50121ec3d,d092cac3036bc52d32e968df08dc1a23b04a3b616f58d74027c81594e7d59f80,train,false,D10,,a Czech road surface with transverse crack and pothole damage,202600068,512,512,28,4.5,FlowMatchEulerDiscreteScheduler,sd3base_0068_formal_train_0170.png,sd3rgda_0068_formal_train_0170.png,dca7d04a8b90b317724bd3572b21b91304f9c98fa36014208cc695df34489bc2
69,formal_train_0171,,,ae685ab1ec7f9de56816fadf6bf391e7e37f28ba3488dbb7d08b47d3260af0cb,43fcdbac939fe8557ff880792e6bd13960b593c80e2c3297df24a438fb302471,train,false,D00,,a Czech road surface with longitudinal crack damage,202600069,512,512,28,4.5,FlowMatchEulerDiscreteScheduler,sd3base_0069_formal_train_0171.png,sd3rgda_0069_formal_train_0171.png,dca7d04a8b90b317724bd3572b21b91304f9c98fa36014208cc695df34489bc2
70,formal_train_0181,,,732a7362cdb125de1f725cf4ef770f50719a9ce5197141c07c4d6c2ed8fd66a5,6be34dacd8e8605eb20af53294168b9780d5ebb524d0a0ac91cce46af6fb8047,train,false,D00,,a Czech road surface with longitudinal crack damage,202600070,512,512,28,4.5,FlowMatchEulerDiscreteScheduler,sd3base_0070_formal_train_0181.png,sd3rgda_0070_formal_train_0181.png,dca7d04a8b90b317724bd3572b21b91304f9c98fa36014208cc695df34489bc2
71,formal_train_0185,,,4ba1445236a1171ffcb3dfdcdef4c2da34af812fa50423d11bc99ff13a26999d,3ca8f12738b709d59f3ba911ed55c31f938923c680f1a63083bc1d6ba016d214,train,false,D10,,a Czech road surface with transverse crack damage,202600071,512,512,28,4.5,FlowMatchEulerDiscreteScheduler,sd3base_0071_formal_train_0185.png,sd3rgda_0071_formal_train_0185.png,dca7d04a8b90b317724bd3572b21b91304f9c98fa36014208cc695df34489bc2
72,formal_train_0188,,,841e20b1fcd8aa99572a0899be7e7435c1e517d63361cbd983b4600cdc4f9f38,9d7714ffaa27f4da557a4eefacd61f9a2c664b980187eef60e58af93b2d636c7,train,false,D00,,a Czech road surface with longitudinal crack damage,202600072,512,512,28,4.5,FlowMatchEulerDiscreteScheduler,sd3base_0072_formal_train_0188.png,sd3rgda_0072_formal_train_0188.png,dca7d04a8b90b317724bd3572b21b91304f9c98fa36014208cc695df34489bc2
73,formal_train_0189,,,3fd8da298fc71729d2c7f737a3a302d55169f6557408590ed8493857b063ff6c,5f95b7890f0579536a0d7d5f1adff3e5062f7917ff7fb7155871ae273085a302,train,false,D10,,a Czech road surface with transverse crack damage,202600073,512,512,28,4.5,FlowMatchEulerDiscreteScheduler,sd3base_0073_formal_train_0189.png,sd3rgda_0073_formal_train_0189.png,dca7d04a8b90b317724bd3572b21b91304f9c98fa36014208cc695df34489bc2
74,formal_train_0190,,,de6b0b3b1f18d2cdd21da0e50d8ca33bf26bd00afcd928439cbf9ed4ef34cbc0,c86fd7ea191cc9824ea3d4f37807948ccda78119c77d5ab233a1ca4bf90de7bb,train,false,D40,,a Czech road surface with pothole damage,202600074,512,512,28,4.5,FlowMatchEulerDiscreteScheduler,sd3base_0074_formal_train_0190.png,sd3rgda_0074_formal_train_0190.png,dca7d04a8b90b317724bd3572b21b91304f9c98fa36014208cc695df34489bc2
75,formal_train_0193,,,ace7197d9d49d4477161e190436afcfc8be95e6dc747202689fa42be615e8d60,ba357ffb55d39c71be3bd8519c0002d43515e8f9cc651473ee63613a046083dd,train,false,D20,,a Czech road surface with alligator crack damage,202600075,512,512,28,4.5,FlowMatchEulerDiscreteScheduler,sd3base_0075_formal_train_0193.png,sd3rgda_0075_formal_train_0193.png,dca7d04a8b90b317724bd3572b21b91304f9c98fa36014208cc695df34489bc2
76,formal_train_0199,,,503996578d4f5238cd135e3713f83ef6eec9b6927145c8ee59f8ac9f13fc5833,13a59e0d96fd1aa8c2e6bd32324ef3d4549538e53309700feabae78f85381be1,train,false,D00,,a Czech road surface with longitudinal crack damage,202600076,512,512,28,4.5,FlowMatchEulerDiscreteScheduler,sd3base_0076_formal_train_0199.png,sd3rgda_0076_formal_train_0199.png,dca7d04a8b90b317724bd3572b21b91304f9c98fa36014208cc695df34489bc2
77,formal_train_0203,,,f32accc17a056023185791ec73ac869ff325241da18559c1bfac59e2fda38e0d,c6ec145ba9d4697de15ea585a1011989a8e2e66460f90dfb06bdf4f3da4c2541,train,false,D00,,a Czech road surface with longitudinal crack damage,202600077,512,512,28,4.5,FlowMatchEulerDiscreteScheduler,sd3base_0077_formal_train_0203.png,sd3rgda_0077_formal_train_0203.png,dca7d04a8b90b317724bd3572b21b91304f9c98fa36014208cc695df34489bc2
78,formal_train_0207,,,3623a204e9404acef3675a9e98c800fdeec7bff79d2a8def5bcb390fb961539f,a834d52f61ad81fa21eef353edc7981b3e20ca1b58e851ca59bcf6d187e48a0e,train,false,D00,,a Czech road surface with longitudinal crack damage,202600078,512,512,28,4.5,FlowMatchEulerDiscreteScheduler,sd3base_0078_formal_train_0207.png,sd3rgda_0078_formal_train_0207.png,dca7d04a8b90b317724bd3572b21b91304f9c98fa36014208cc695df34489bc2
79,formal_train_0208,,,23b3ef24c5f3a8d6d8c7c7dd8cae17bd2a9e271927d66f0af73bcef70370fd8c,91442f4256bc7279370c57fa78d7e1e436f7d6becf2e729083b2d75a3960bcda,train,false,D00,,a Czech road surface with longitudinal crack damage,202600079,512,512,28,4.5,FlowMatchEulerDiscreteScheduler,sd3base_0079_formal_train_0208.png,sd3rgda_0079_formal_train_0208.png,dca7d04a8b90b317724bd3572b21b91304f9c98fa36014208cc695df34489bc2
80,formal_train_0214,,,5d2273097dd406906d1276475414c674295402f430dc9d8ec162ff8868b2a51b,05514fa5689d1a72eada0fa3aa4de6a090f896ba3fb6d5998938f888c956aae8,train,false,D00,,a Czech road surface with longitudinal crack damage,202600080,512,512,28,4.5,FlowMatchEulerDiscreteScheduler,sd3base_0080_formal_train_0214.png,sd3rgda_0080_formal_train_0214.png,dca7d04a8b90b317724bd3572b21b91304f9c98fa36014208cc695df34489bc2
81,formal_train_0215,,,b97ff4a7a2dae9ec6e157610ff42f1726b65d6cd6b07625776d0ca3e2729ee0c,f0cbf58cd0b7ed9d71f13b908ca808d249f85276abd74b30fdb57949e80e6b0d,train,false,D40,,a Czech road surface with pothole damage,202600081,512,512,28,4.5,FlowMatchEulerDiscreteScheduler,sd3base_0081_formal_train_0215.png,sd3rgda_0081_formal_train_0215.png,dca7d04a8b90b317724bd3572b21b91304f9c98fa36014208cc695df34489bc2
82,formal_train_0216,,,550620771864b30636bb5607810acd81409d584f75167d1f9cafd937ac1a241c,7de58cc6d3e6595f485c1483b6d196adff6f723642d27378590b778756546cd3,train,false,D00,,a Czech road surface with longitudinal crack and pothole damage,202600082,512,512,28,4.5,FlowMatchEulerDiscreteScheduler,sd3base_0082_formal_train_0216.png,sd3rgda_0082_formal_train_0216.png,dca7d04a8b90b317724bd3572b21b91304f9c98fa36014208cc695df34489bc2
83,formal_train_0218,,,9a5afe15cf7b1d82c4b3df8c3d379a0e7ea4c7e87e993e8ac8407c26a7a31207,c0a8ea8729ffafd3c26d2cee1962fd5fdc3713ea65fb3ecb3dc81d63ae930eee,train,false,D00,,a Czech road surface with longitudinal crack damage,202600083,512,512,28,4.5,FlowMatchEulerDiscreteScheduler,sd3base_0083_formal_train_0218.png,sd3rgda_0083_formal_train_0218.png,dca7d04a8b90b317724bd3572b21b91304f9c98fa36014208cc695df34489bc2
84,formal_train_0219,,,9025a12d5a75bf37f5ea2e5cd05ce909a08f41e5132418a1a63e56cfb70c8cae,7780eebeaa90e3ac3602f44777f6b0cd339c5573a39e932cd6fbddad6ac732ea,train,false,D10,,a Czech road surface with transverse crack damage,202600084,512,512,28,4.5,FlowMatchEulerDiscreteScheduler,sd3base_0084_formal_train_0219.png,sd3rgda_0084_formal_train_0219.png,dca7d04a8b90b317724bd3572b21b91304f9c98fa36014208cc695df34489bc2
85,formal_train_0220,,,a72d9b33671f6042938f24623477583e9bc5e784e375cf3c1fd0501a50cc106a,14fea5b8d669124ada5bc55fc2308b65fc90737b06d0afe079a1c032d3a057d6,train,false,D20,,a Czech road surface with alligator crack damage,202600085,512,512,28,4.5,FlowMatchEulerDiscreteScheduler,sd3base_0085_formal_train_0220.png,sd3rgda_0085_formal_train_0220.png,dca7d04a8b90b317724bd3572b21b91304f9c98fa36014208cc695df34489bc2
86,formal_train_0222,,,a0edbd77fdd5004ff67be824de0bc57046f22ec5b6873549d321a856cbc0974f,f0ddf1ab533c71d6e629aacb39687c6a01d6018f643eeaa51cb88a5fed6d8d79,train,false,D20,,a Czech road surface with alligator crack and pothole damage,202600086,512,512,28,4.5,FlowMatchEulerDiscreteScheduler,sd3base_0086_formal_train_0222.png,sd3rgda_0086_formal_train_0222.png,dca7d04a8b90b317724bd3572b21b91304f9c98fa36014208cc695df34489bc2
87,formal_train_0226,,,d1f6e24cfeba97ed121cf22f4601dfa97d44ddebcc1b708100854a5bc98704a2,3fb2dcf019fdc7b3c48ff98e98fde64ac46c4bcd582f82df73f87e9d2ee13a84,train,false,D00,,a Czech road surface with longitudinal crack and transverse crack damage,202600087,512,512,28,4.5,FlowMatchEulerDiscreteScheduler,sd3base_0087_formal_train_0226.png,sd3rgda_0087_formal_train_0226.png,dca7d04a8b90b317724bd3572b21b91304f9c98fa36014208cc695df34489bc2
88,formal_train_0227,,,afe9e0dcb72cb9f94b77b7b5f44090c58c3e69432eac3eeebf5dc190d4180827,8d14741ef4acf1dc3e28a98b459a11fbb8b9091aeed985d9e4095c34d5cff7e6,train,false,D00,,a Czech road surface with longitudinal crack damage,202600088,512,512,28,4.5,FlowMatchEulerDiscreteScheduler,sd3base_0088_formal_train_0227.png,sd3rgda_0088_formal_train_0227.png,dca7d04a8b90b317724bd3572b21b91304f9c98fa36014208cc695df34489bc2
89,formal_train_0231,,,1ae09ab999ab3bb665eab83d83300c237147b79ac3bd8f0c9a1cbd1a41e01142,039fbea21979f737ab4cccf681c39f3c1363323b9f6e5e47c4d1ebf90a516005,train,false,D00,,a Czech road surface with longitudinal crack damage,202600089,512,512,28,4.5,FlowMatchEulerDiscreteScheduler,sd3base_0089_formal_train_0231.png,sd3rgda_0089_formal_train_0231.png,dca7d04a8b90b317724bd3572b21b91304f9c98fa36014208cc695df34489bc2
90,formal_train_0232,,,67d5d5d9fb5b36327a406ccfea993ccf339076fed4980c833f136b699254370e,fb79a2ca9cbc459bf899107a67a49f79bd6e17d0af1e93785ec8ddaa259b9c5d,train,false,D10,,a Czech road surface with transverse crack damage,202600090,512,512,28,4.5,FlowMatchEulerDiscreteScheduler,sd3base_0090_formal_train_0232.png,sd3rgda_0090_formal_train_0232.png,dca7d04a8b90b317724bd3572b21b91304f9c98fa36014208cc695df34489bc2
91,formal_train_0238,,,ee4c22a2fda6a708f5f9aef42c1dd95b82e53f352d6ab7b8df14404f19e75b86,17caa52f937e8be4226a5ed82e21372f3c81a009c37588a220f3ba5ce91495dc,train,false,D00,,a Czech road surface with longitudinal crack damage,202600091,512,512,28,4.5,FlowMatchEulerDiscreteScheduler,sd3base_0091_formal_train_0238.png,sd3rgda_0091_formal_train_0238.png,dca7d04a8b90b317724bd3572b21b91304f9c98fa36014208cc695df34489bc2
92,formal_train_0239,,,c7ebd6d694925344880dd8d746aa9ea5f5f1433984e2af5fb73d70047e3a80ce,35a9c9d3fa97116ab19847f7686b2cece7bf5ed8cce16cca00b69c5016ee0c22,train,false,D00,,a Czech road surface with longitudinal crack damage,202600092,512,512,28,4.5,FlowMatchEulerDiscreteScheduler,sd3base_0092_formal_train_0239.png,sd3rgda_0092_formal_train_0239.png,dca7d04a8b90b317724bd3572b21b91304f9c98fa36014208cc695df34489bc2
93,formal_train_0243,,,a49467e8f7b2fc74ed0780f7a2ee4fe741f3d78f99e8d8aace4fa5baf7465244,31d895d7c4226bdaa2133db94fbd70f8fb8805ee342d28a0df466b75e2819236,train,false,D00,,a Czech road surface with longitudinal crack damage,202600093,512,512,28,4.5,FlowMatchEulerDiscreteScheduler,sd3base_0093_formal_train_0243.png,sd3rgda_0093_formal_train_0243.png,dca7d04a8b90b317724bd3572b21b91304f9c98fa36014208cc695df34489bc2
94,formal_train_0244,,,0812eb365851c054d8981943b2b32fd96b2a8d158ebe2a312b1476cf1f7d66fa,c5bac81c951e22558356e880c8d50b55069625b413f82f05a990aea8f1a09eda,train,false,D00,,a Czech road surface with longitudinal crack and pothole damage,202600094,512,512,28,4.5,FlowMatchEulerDiscreteScheduler,sd3base_0094_formal_train_0244.png,sd3rgda_0094_formal_train_0244.png,dca7d04a8b90b317724bd3572b21b91304f9c98fa36014208cc695df34489bc2
95,formal_train_0245,,,9666c7fb7e909f7d10251ee8b9f84d7d026e7c9a987a47d9dd6b7faebacadf7b,6b7f5149614f4a26bc913608d0fe3a695592a9e776952afca04a4c60fcd87a35,train,false,D10,,a Czech road surface with transverse crack damage,202600095,512,512,28,4.5,FlowMatchEulerDiscreteScheduler,sd3base_0095_formal_train_0245.png,sd3rgda_0095_formal_train_0245.png,dca7d04a8b90b317724bd3572b21b91304f9c98fa36014208cc695df34489bc2
96,formal_train_0247,,,ac70fbc1cefc63643602cf82309f1063ac82cc601d01d692f12a1d9a7a672002,8714efb62d842bf3099083d9a83b5ea9cf68c0a4b551bf56584e03f0047ea0ce,train,false,D00,,a Czech road surface with longitudinal crack damage,202600096,512,512,28,4.5,FlowMatchEulerDiscreteScheduler,sd3base_0096_formal_train_0247.png,sd3rgda_0096_formal_train_0247.png,dca7d04a8b90b317724bd3572b21b91304f9c98fa36014208cc695df34489bc2
97,formal_train_0250,,,a3c9f16d4a01a30b95264d9abaaffa445085ab8f6f4e2b1ca37471387e0901f0,fc3321525af4076aaa9b01f1604d2d49f2768c94387786b68d0b9c820c0dcee0,train,false,D00,,a Czech road surface with longitudinal crack damage,202600097,512,512,28,4.5,FlowMatchEulerDiscreteScheduler,sd3base_0097_formal_train_0250.png,sd3rgda_0097_formal_train_0250.png,dca7d04a8b90b317724bd3572b21b91304f9c98fa36014208cc695df34489bc2
98,formal_train_0251,,,299a7ea28c4318d79c891579f85d0e8d6433fa2fd4d6b5131e79878c793faa94,26c79a76f0883660be74a969a6abc8c750de491f250e5956f19b5844b237ed9c,train,false,D00,,a Czech road surface with longitudinal crack damage,202600098,512,512,28,4.5,FlowMatchEulerDiscreteScheduler,sd3base_0098_formal_train_0251.png,sd3rgda_0098_formal_train_0251.png,dca7d04a8b90b317724bd3572b21b91304f9c98fa36014208cc695df34489bc2
99,formal_train_0254,,,ca200437e475aeb8c68b5f10189b3bb2303900ade346963f3bb4657b2815e6b4,ceb3582f70c94ee9c1f79e62ea2d20a4101936e4f183a659e0d97bfe9b3a4f89,train,false,D00,,a Czech road surface with longitudinal crack damage,202600099,512,512,28,4.5,FlowMatchEulerDiscreteScheduler,sd3base_0099_formal_train_0254.png,sd3rgda_0099_formal_train_0254.png,dca7d04a8b90b317724bd3572b21b91304f9c98fa36014208cc695df34489bc2
100,formal_train_0255,,,e67b6350cdd1d47d7e6c489d52808f1773ee8147383dc907f60136b725beadf5,372301ec7ebece13bd44519e36d0bfdd09fa0be1f03f44f412e4047a84a6a777,train,false,D10,,a Czech road surface with transverse crack damage,202600100,512,512,28,4.5,FlowMatchEulerDiscreteScheduler,sd3base_0100_formal_train_0255.png,sd3rgda_0100_formal_train_0255.png,dca7d04a8b90b317724bd3572b21b91304f9c98fa36014208cc695df34489bc2
101,formal_train_0256,,,64852be006c467281bdcdcace0117fca06caab516e1967604c3650d7c9490c90,e0482d2abe26d5f439670bbffff0bb9dd441bdc03af7b79ddc99094d840c5074,train,false,D00,,a Czech road surface with longitudinal crack and transverse crack damage,202600101,512,512,28,4.5,FlowMatchEulerDiscreteScheduler,sd3base_0101_formal_train_0256.png,sd3rgda_0101_formal_train_0256.png,dca7d04a8b90b317724bd3572b21b91304f9c98fa36014208cc695df34489bc2
102,formal_train_0258,,,8e7250a72f200ba8e95f57407964c15e0664ee55c54aa9dcbdc5575562a3f60d,3952e07c3c890b5ad004d750032ec0918e2a6d20aefa9ed92afd6bfa72093357,train,false,D00,,a Czech road surface with longitudinal crack damage,202600102,512,512,28,4.5,FlowMatchEulerDiscreteScheduler,sd3base_0102_formal_train_0258.png,sd3rgda_0102_formal_train_0258.png,dca7d04a8b90b317724bd3572b21b91304f9c98fa36014208cc695df34489bc2
103,formal_train_0262,,,bc39d963d7e6e84e399c16eea8dd648b3ac716877607da993ed0136e507ad7ee,a40844dba58c7a07f36f841e25740909ddce8d6180764a7d9c9dfbe1d46dcdc9,train,false,D00,,a Czech road surface with longitudinal crack damage,202600103,512,512,28,4.5,FlowMatchEulerDiscreteScheduler,sd3base_0103_formal_train_0262.png,sd3rgda_0103_formal_train_0262.png,dca7d04a8b90b317724bd3572b21b91304f9c98fa36014208cc695df34489bc2
104,formal_train_0265,,,2e742d76612eb4350e234d768ea3d43245a45e942b7c1c34203e16c592d60705,c3da74e21004321ea898fdf68b372df7621992d74b5f6e6af6d692d65f29f95c,train,false,D10,,a Czech road surface with transverse crack damage,202600104,512,512,28,4.5,FlowMatchEulerDiscreteScheduler,sd3base_0104_formal_train_0265.png,sd3rgda_0104_formal_train_0265.png,dca7d04a8b90b317724bd3572b21b91304f9c98fa36014208cc695df34489bc2
105,formal_train_0274,,,e2ff367dca7e84082da77de8c1bfd9d8e2b8423c85032e0a8229f4b2bc967015,ee66437f1076e0b3bde4525e5d74c80e6a41664edab4360b11c94e1fdc54d94f,train,false,D00,,a Czech road surface with longitudinal crack damage,202600105,512,512,28,4.5,FlowMatchEulerDiscreteScheduler,sd3base_0105_formal_train_0274.png,sd3rgda_0105_formal_train_0274.png,dca7d04a8b90b317724bd3572b21b91304f9c98fa36014208cc695df34489bc2
106,formal_train_0275,,,6ff8d7d3d7e4b0c42100461568d2e8e4a78b3eaf7ba27a427a7b76f92f41d59e,6d2e4fc5f39d342c90b52988555c011bfd60f35e3c6550b3915208f4564fc40d,train,false,D20,,a Czech road surface with alligator crack and pothole damage,202600106,512,512,28,4.5,FlowMatchEulerDiscreteScheduler,sd3base_0106_formal_train_0275.png,sd3rgda_0106_formal_train_0275.png,dca7d04a8b90b317724bd3572b21b91304f9c98fa36014208cc695df34489bc2
107,formal_train_0276,,,a00e020b7ed39bc3d473f580edeba298c228462f3ec737d97ccd4af61e346520,cf9e197d19b1ccbf2c42e032aff862c8eb0576a3cb6288a2b337bc5413b166cc,train,false,D00,,a Czech road surface with longitudinal crack damage,202600107,512,512,28,4.5,FlowMatchEulerDiscreteScheduler,sd3base_0107_formal_train_0276.png,sd3rgda_0107_formal_train_0276.png,dca7d04a8b90b317724bd3572b21b91304f9c98fa36014208cc695df34489bc2
108,formal_train_0281,,,0d578b00660ed36b6673e8dc7cc573809916c7cf64b06abcfb9c98106f2e7173,5408627dcaedf80416722f5119244e45533b9e04024c6345984d6d2038ad20dc,train,false,D00,,a Czech road surface with longitudinal crack damage,202600108,512,512,28,4.5,FlowMatchEulerDiscreteScheduler,sd3base_0108_formal_train_0281.png,sd3rgda_0108_formal_train_0281.png,dca7d04a8b90b317724bd3572b21b91304f9c98fa36014208cc695df34489bc2
109,formal_train_0282,,,32031eec8751b312add297bdff128172e89615c12fd17734732f656069935ba4,ec33194c28ac533b75955289158b4835d80e4ba8d8906fbdf5b003e9c28f459d,train,false,D10,,a Czech road surface with transverse crack damage,202600109,512,512,28,4.5,FlowMatchEulerDiscreteScheduler,sd3base_0109_formal_train_0282.png,sd3rgda_0109_formal_train_0282.png,dca7d04a8b90b317724bd3572b21b91304f9c98fa36014208cc695df34489bc2
110,formal_train_0285,,,6b80221ca1fc0e03b16aa61fd75d24d02db707ae8a9f52542551d18383f915ac,c115535697461551637b8c60e4123bf427fed1c632c4362679132f3d88cf2f70,train,false,D00,,a Czech road surface with longitudinal crack and transverse crack damage,202600110,512,512,28,4.5,FlowMatchEulerDiscreteScheduler,sd3base_0110_formal_train_0285.png,sd3rgda_0110_formal_train_0285.png,dca7d04a8b90b317724bd3572b21b91304f9c98fa36014208cc695df34489bc2
111,formal_train_0286,,,c27539126d2a20546b307b259350068fee1c9353866e6c7faea5234926e5785d,075190ca23e753eb4f4567594765aee93b4d9458c93cec252de061f9b57fd387,train,false,D00,,a Czech road surface with longitudinal crack damage,202600111,512,512,28,4.5,FlowMatchEulerDiscreteScheduler,sd3base_0111_formal_train_0286.png,sd3rgda_0111_formal_train_0286.png,dca7d04a8b90b317724bd3572b21b91304f9c98fa36014208cc695df34489bc2
112,formal_train_0289,,,36afd50c59983dd4ab3d5f61789bb273715675cffc492e6bd2c7ff8b28f0d5f6,24c7fe2199d2861d674acd531a493558d05987b90e269db036dc7cf8c216255e,train,false,D00,,a Czech road surface with longitudinal crack damage,202600112,512,512,28,4.5,FlowMatchEulerDiscreteScheduler,sd3base_0112_formal_train_0289.png,sd3rgda_0112_formal_train_0289.png,dca7d04a8b90b317724bd3572b21b91304f9c98fa36014208cc695df34489bc2
113,formal_train_0290,,,7eb4d7e08ce4aebddd159e4f7404b91887151e24c37b60584cb56b5e94adb861,cd433c7a1c6e7440bcbcd0b11042469799d4545573898e2688169de21cf35929,train,false,D00,,a Czech road surface with longitudinal crack and alligator crack damage,202600113,512,512,28,4.5,FlowMatchEulerDiscreteScheduler,sd3base_0113_formal_train_0290.png,sd3rgda_0113_formal_train_0290.png,dca7d04a8b90b317724bd3572b21b91304f9c98fa36014208cc695df34489bc2
114,formal_train_0291,,,dc2c28b5ab9afef2076d3242f85546ab25408b538a263e16e92f5977827a49b5,5d97b94f8b572867869a62cde85ec5b8c57c6eca4c485ec86392e44e14af39ff,train,false,D00,,a Czech road surface with longitudinal crack damage,202600114,512,512,28,4.5,FlowMatchEulerDiscreteScheduler,sd3base_0114_formal_train_0291.png,sd3rgda_0114_formal_train_0291.png,dca7d04a8b90b317724bd3572b21b91304f9c98fa36014208cc695df34489bc2
115,formal_train_0294,,,928783e52d3332f53f9a5b04fcf2cbd6bbe545d43debe799a4ec1c805ba81533,79a37cf3839e29a4087a9d1d2e7ead1b900e974f1a9d7ab6c92d05bc16d589ba,train,false,D00,,a Czech road surface with longitudinal crack damage,202600115,512,512,28,4.5,FlowMatchEulerDiscreteScheduler,sd3base_0115_formal_train_0294.png,sd3rgda_0115_formal_train_0294.png,dca7d04a8b90b317724bd3572b21b91304f9c98fa36014208cc695df34489bc2
116,formal_train_0296,,,e90bc2597f8e69b4dece4f17756c06009acbaf2ed9835892299c72ff569ac49b,c47963a97fd0fedf2e6b1fa210be59446ea78948230bdd01f55aa412126c633d,train,false,D00,,a Czech road surface with longitudinal crack and transverse crack and alligator crack damage,202600116,512,512,28,4.5,FlowMatchEulerDiscreteScheduler,sd3base_0116_formal_train_0296.png,sd3rgda_0116_formal_train_0296.png,dca7d04a8b90b317724bd3572b21b91304f9c98fa36014208cc695df34489bc2
117,formal_train_0298,,,a82447f6e51a053ccf2082a083cf6e481a37bbf896999f40efe5c7cbdace3748,1d686d9cd2b52fa567f62872cb38398fbca9167cc2801b6cdab3a1271268824f,train,false,D10,,a Czech road surface with transverse crack damage,202600117,512,512,28,4.5,FlowMatchEulerDiscreteScheduler,sd3base_0117_formal_train_0298.png,sd3rgda_0117_formal_train_0298.png,dca7d04a8b90b317724bd3572b21b91304f9c98fa36014208cc695df34489bc2
118,formal_train_0304,,,6e46870907b6aedaa040b652b75ff1e57cb13a271d2bbfe35879c72e21005152,5fe2fb18d5acfc7afddc6132557c8e9266e4b2d4929a4ce783f011ed31e40770,train,false,D00,,a Czech road surface with longitudinal crack and transverse crack damage,202600118,512,512,28,4.5,FlowMatchEulerDiscreteScheduler,sd3base_0118_formal_train_0304.png,sd3rgda_0118_formal_train_0304.png,dca7d04a8b90b317724bd3572b21b91304f9c98fa36014208cc695df34489bc2
119,formal_train_0308,,,b5d7b4680467b3f5f76ea07705a3dd3a6816f419ce26792cf7459578be6ec72a,36f4a4c7d4eb2e2bab9e3f4287ebe49f21c2121a85d10cc3e4950748d1456b49,train,false,D00,,a Czech road surface with longitudinal crack damage,202600119,512,512,28,4.5,FlowMatchEulerDiscreteScheduler,sd3base_0119_formal_train_0308.png,sd3rgda_0119_formal_train_0308.png,dca7d04a8b90b317724bd3572b21b91304f9c98fa36014208cc695df34489bc2
120,formal_train_0309,,,6fc036965dc3140b4a9a395251c4bd7c99be2f0a779c6da0dc0675e27ed347f7,e547c6fd75e459728f18bb69090f72c5a10dbdf9ca372cb0af49e5f59cdbea89,train,false,D00,,a Czech road surface with longitudinal crack damage,202600120,512,512,28,4.5,FlowMatchEulerDiscreteScheduler,sd3base_0120_formal_train_0309.png,sd3rgda_0120_formal_train_0309.png,dca7d04a8b90b317724bd3572b21b91304f9c98fa36014208cc695df34489bc2
121,formal_train_0312,,,d3591adbd5c21963ba303803602a41998fa3fc23690d41a3240dd76a8e51d081,50f88f8316843de113e553b04626d5129ed58b983c028b78d5164b5bf2a5764a,train,false,D00,,a Czech road surface with longitudinal crack damage,202600121,512,512,28,4.5,FlowMatchEulerDiscreteScheduler,sd3base_0121_formal_train_0312.png,sd3rgda_0121_formal_train_0312.png,dca7d04a8b90b317724bd3572b21b91304f9c98fa36014208cc695df34489bc2
122,formal_train_0314,,,8bb5b853c1ab36b83b2db258a2050a38a81dfcb1a9062318372207dd1ad6a1fa,c770023d12aa03a6ea4672c358215b853610478c75920358d4b11775c590d221,train,false,D00,,a Czech road surface with longitudinal crack damage,202600122,512,512,28,4.5,FlowMatchEulerDiscreteScheduler,sd3base_0122_formal_train_0314.png,sd3rgda_0122_formal_train_0314.png,dca7d04a8b90b317724bd3572b21b91304f9c98fa36014208cc695df34489bc2
123,formal_train_0317,,,0fb6b6f1bb12184eb7d75f98b137d553cb14d60ee646360f490ddf4a8cb63026,41b9c234bceaf1a9e6c9de5189f408f40a5c899032406370863e257e0dd942c0,train,false,D00,,a Czech road surface with longitudinal crack damage,202600123,512,512,28,4.5,FlowMatchEulerDiscreteScheduler,sd3base_0123_formal_train_0317.png,sd3rgda_0123_formal_train_0317.png,dca7d04a8b90b317724bd3572b21b91304f9c98fa36014208cc695df34489bc2
124,formal_train_0323,,,b6b35691d5e781b9987e5b899f679f094f1b9b96ad83fdcb6535b820a080f5e4,1b4316d71032ff9d3a6ff0112e83ab6f0eb7402c7ac1fb2f40b58df844d424d8,train,false,D00,,a Czech road surface with longitudinal crack damage,202600124,512,512,28,4.5,FlowMatchEulerDiscreteScheduler,sd3base_0124_formal_train_0323.png,sd3rgda_0124_formal_train_0323.png,dca7d04a8b90b317724bd3572b21b91304f9c98fa36014208cc695df34489bc2
125,formal_train_0324,,,6393f65420c01dfbd132049057157054255509f0556229f44ecf852e3ea9a50a,b9f0e49fb8de6691fe6acd53f1bcefb1a1176fe9909b4f3f928ce503785f8f30,train,false,D20,,a Czech road surface with alligator crack damage,202600125,512,512,28,4.5,FlowMatchEulerDiscreteScheduler,sd3base_0125_formal_train_0324.png,sd3rgda_0125_formal_train_0324.png,dca7d04a8b90b317724bd3572b21b91304f9c98fa36014208cc695df34489bc2
126,formal_train_0325,,,ffe5283da109054a6e8de258a9e53b96651a6b7c93ad3ad9fe8b2927035764d6,88a9a57c038ab9abf8ac9b5911e8669d90fc6ead18b95904d62bc2b4957ee8d0,train,false,D40,,a Czech road surface with pothole damage,202600126,512,512,28,4.5,FlowMatchEulerDiscreteScheduler,sd3base_0126_formal_train_0325.png,sd3rgda_0126_formal_train_0325.png,dca7d04a8b90b317724bd3572b21b91304f9c98fa36014208cc695df34489bc2
127,formal_train_0328,,,1c6e6a57ddb0b6e6dbcfab913c0af4343b067dc98ae0854d96400a8eab12c4ec,9687f6d8285fb44d45112905ddac55078cdb95486bd851890748f1c7f735b72f,train,false,D20,,a Czech road surface with alligator crack damage,202600127,512,512,28,4.5,FlowMatchEulerDiscreteScheduler,sd3base_0127_formal_train_0328.png,sd3rgda_0127_formal_train_0328.png,dca7d04a8b90b317724bd3572b21b91304f9c98fa36014208cc695df34489bc2
128,formal_train_0332,,,6ddac4bc2b5d5b7af4569b714eede772e7ca95147c67fb04e9fa74e800967c58,c94e5adc11a93e4c129236280a18fa8ab82175ed43faffd5f0e2534bf764185e,train,false,D00,,a Czech road surface with longitudinal crack and pothole damage,202600128,512,512,28,4.5,FlowMatchEulerDiscreteScheduler,sd3base_0128_formal_train_0332.png,sd3rgda_0128_formal_train_0332.png,dca7d04a8b90b317724bd3572b21b91304f9c98fa36014208cc695df34489bc2
129,formal_train_0338,,,fbabc889bd7200392192d71a91bb8dd60772d37decacddb722b0ab1942ce094e,abb2deb33cd8c37785c1e40725fcf4dc92f3f9552668d0377bc844519ccd0355,train,false,D40,,a Czech road surface with pothole damage,202600129,512,512,28,4.5,FlowMatchEulerDiscreteScheduler,sd3base_0129_formal_train_0338.png,sd3rgda_0129_formal_train_0338.png,dca7d04a8b90b317724bd3572b21b91304f9c98fa36014208cc695df34489bc2
130,formal_train_0340,,,04873f38c56cdb392802261e33680ecf80e428c5b1355a8f7fed7ee75e11d280,39de278d76974abbfebb814192e17746d43e4764cb85ffe26a3fd808ed1399f8,train,false,D00,,a Czech road surface with longitudinal crack and transverse crack damage,202600130,512,512,28,4.5,FlowMatchEulerDiscreteScheduler,sd3base_0130_formal_train_0340.png,sd3rgda_0130_formal_train_0340.png,dca7d04a8b90b317724bd3572b21b91304f9c98fa36014208cc695df34489bc2
131,formal_train_0344,,,3219d20aeee295ed108dedc0a8aaa05c805328468560f383857504329b1c4e41,d84e3b3402602c16927900e75bd557f27c820933b5253e38f616ec5cd26eaccb,train,false,D00,,a Czech road surface with longitudinal crack damage,202600131,512,512,28,4.5,FlowMatchEulerDiscreteScheduler,sd3base_0131_formal_train_0344.png,sd3rgda_0131_formal_train_0344.png,dca7d04a8b90b317724bd3572b21b91304f9c98fa36014208cc695df34489bc2
132,formal_train_0352,,,6dc6d87141625d95298545d9148576833eeed96f5b5ca46cf0e2e6f2e377bdc8,29ad0475fa12573c5b8c3775112db46dd63c569b4c872e69fdc2531a21a2a6ba,train,false,D00,,a Czech road surface with longitudinal crack and transverse crack and pothole damage,202600132,512,512,28,4.5,FlowMatchEulerDiscreteScheduler,sd3base_0132_formal_train_0352.png,sd3rgda_0132_formal_train_0352.png,dca7d04a8b90b317724bd3572b21b91304f9c98fa36014208cc695df34489bc2
133,formal_train_0354,,,58afba5dca56fba12b917a0ecff32b1d6dc9da35cbb743ba8e6d9d7ef2764d99,8567e5f7041d2e8a0c47155dd22f296233a33a72473d61a0d24ba45debf4df7c,train,false,D10,,a Czech road surface with transverse crack damage,202600133,512,512,28,4.5,FlowMatchEulerDiscreteScheduler,sd3base_0133_formal_train_0354.png,sd3rgda_0133_formal_train_0354.png,dca7d04a8b90b317724bd3572b21b91304f9c98fa36014208cc695df34489bc2
134,formal_train_0356,,,9b7a3238fe5d445d93461f5503e0656a933691c7d7e3ea475e9afb832bdb81d7,986d48ed696837a34184529718f84f167627f4dc411029a53da34f498af5ea9a,train,false,D00,,a Czech road surface with longitudinal crack damage,202600134,512,512,28,4.5,FlowMatchEulerDiscreteScheduler,sd3base_0134_formal_train_0356.png,sd3rgda_0134_formal_train_0356.png,dca7d04a8b90b317724bd3572b21b91304f9c98fa36014208cc695df34489bc2
135,formal_train_0359,,,4c4a9541be9cb07398e1dcd998158a5daefb647e88b07fe60ea6a6acdfeef293,f455882258ede3fc865f04e916ba7f06959159e0a3789cc0ca3080532ad21373,train,false,D40,,a Czech road surface with pothole damage,202600135,512,512,28,4.5,FlowMatchEulerDiscreteScheduler,sd3base_0135_formal_train_0359.png,sd3rgda_0135_formal_train_0359.png,dca7d04a8b90b317724bd3572b21b91304f9c98fa36014208cc695df34489bc2
136,formal_train_0360,,,73745235a7c725608248df2edaec6a83498da9d383e6db528644b133c4534ebb,d4b0d981fd712498fc40d0b8662665f08618162b5e3b67c9b6a2415d3dcdd567,train,false,D00,,a Czech road surface with longitudinal crack damage,202600136,512,512,28,4.5,FlowMatchEulerDiscreteScheduler,sd3base_0136_formal_train_0360.png,sd3rgda_0136_formal_train_0360.png,dca7d04a8b90b317724bd3572b21b91304f9c98fa36014208cc695df34489bc2
137,formal_train_0361,,,1e4d681902bea4df7d5d0c719dd39ebf0f3145756d7ab7697f89ae4cac578bcc,8b0dbdeefa538930a59df519afff0353deac0fb3d7b99088d5a4bcdf3259d750,train,false,D00,,a Czech road surface with longitudinal crack damage,202600137,512,512,28,4.5,FlowMatchEulerDiscreteScheduler,sd3base_0137_formal_train_0361.png,sd3rgda_0137_formal_train_0361.png,dca7d04a8b90b317724bd3572b21b91304f9c98fa36014208cc695df34489bc2
138,formal_train_0363,,,02c88679d5333a63ed11cbef8891777b176b401a9a07cb9c10a21101e36c6983,db5d3d7454ad6ee04b8a3a71cfb9d1eba4514ec172bb42410bee984cbdca2fd0,train,false,D20,,a Czech road surface with alligator crack damage,202600138,512,512,28,4.5,FlowMatchEulerDiscreteScheduler,sd3base_0138_formal_train_0363.png,sd3rgda_0138_formal_train_0363.png,dca7d04a8b90b317724bd3572b21b91304f9c98fa36014208cc695df34489bc2
139,formal_train_0364,,,c0bec2e50425a317b68403bdc8211c4983d24fa658e6b6907c761fd344b54367,eaea81378b8a85af46b08a6d183c60ad08588f69782e1f3beb170b2c24587a9c,train,false,D10,,a Czech road surface with transverse crack damage,202600139,512,512,28,4.5,FlowMatchEulerDiscreteScheduler,sd3base_0139_formal_train_0364.png,sd3rgda_0139_formal_train_0364.png,dca7d04a8b90b317724bd3572b21b91304f9c98fa36014208cc695df34489bc2
140,formal_train_0369,,,f7e6ad23febc5b6a2ecd496fc95cc574dd69150b501613b9b326e24c37a32012,1208edd1205820018ab27ada47df11d8bbce797a7fd67a8fee5d6141671aa539,train,false,D00,,a Czech road surface with longitudinal crack damage,202600140,512,512,28,4.5,FlowMatchEulerDiscreteScheduler,sd3base_0140_formal_train_0369.png,sd3rgda_0140_formal_train_0369.png,dca7d04a8b90b317724bd3572b21b91304f9c98fa36014208cc695df34489bc2
141,formal_train_0371,,,d2a3e71985f0fbc704d70a557091f4672a148eba2114cd610e2744ebbb90c06f,0e99ae4cc13902d25046a37f52691f099d621e43b8fd23364c7cf6d1ee736f2a,train,false,D00,,a Czech road surface with longitudinal crack and transverse crack damage,202600141,512,512,28,4.5,FlowMatchEulerDiscreteScheduler,sd3base_0141_formal_train_0371.png,sd3rgda_0141_formal_train_0371.png,dca7d04a8b90b317724bd3572b21b91304f9c98fa36014208cc695df34489bc2
142,formal_train_0372,,,f758e670eb75eb6e56a9bf3d7d0b8fb45e8554ce71ec0c96e2debdb1cb32dd3f,eb5c00169589001173a157b0e890fd3407e100dac8c57153da2d5d70029e89f4,train,false,D00,,a Czech road surface with longitudinal crack damage,202600142,512,512,28,4.5,FlowMatchEulerDiscreteScheduler,sd3base_0142_formal_train_0372.png,sd3rgda_0142_formal_train_0372.png,dca7d04a8b90b317724bd3572b21b91304f9c98fa36014208cc695df34489bc2
143,formal_train_0379,,,85403583cfea6517b68828761e956f238b9f75f05c781e146d81e13bd1586fc8,79c463bafb07bac6025f899932528d11819b36a22e1a859b5c2794702bb2cf46,train,false,D00,,a Czech road surface with longitudinal crack and transverse crack damage,202600143,512,512,28,4.5,FlowMatchEulerDiscreteScheduler,sd3base_0143_formal_train_0379.png,sd3rgda_0143_formal_train_0379.png,dca7d04a8b90b317724bd3572b21b91304f9c98fa36014208cc695df34489bc2
144,formal_train_0380,,,6925397e01f10522a2bde09f53d3d5bc82f5291d9462ab260b72a10def2241b5,469e8fb0874cfcc3a035edc3c63ec2981c8c704dbba88e6aa621b64044d2813e,train,false,D10,,a Czech road surface with transverse crack damage,202600144,512,512,28,4.5,FlowMatchEulerDiscreteScheduler,sd3base_0144_formal_train_0380.png,sd3rgda_0144_formal_train_0380.png,dca7d04a8b90b317724bd3572b21b91304f9c98fa36014208cc695df34489bc2
145,formal_train_0382,,,6e0f45dd59a22a712bff39e7f22e70e0a75d717468e581ba45978c544a6858b9,e276b2d84458bc791d4f854599ea750fff05531f753dc9f840af5bda06cc805a,train,false,D20,,a Czech road surface with alligator crack damage,202600145,512,512,28,4.5,FlowMatchEulerDiscreteScheduler,sd3base_0145_formal_train_0382.png,sd3rgda_0145_formal_train_0382.png,dca7d04a8b90b317724bd3572b21b91304f9c98fa36014208cc695df34489bc2
146,formal_train_0385,,,c9f3d0e96eb2c1c0bf206f760279c8eb2a1349e5d34aec26b36e3da7ca7963cf,1f8a0c3a58803b2fcc7fc261a98680dbf4cefa6021be38a4d6c02520f6a86e1e,train,false,D00,,a Czech road surface with longitudinal crack damage,202600146,512,512,28,4.5,FlowMatchEulerDiscreteScheduler,sd3base_0146_formal_train_0385.png,sd3rgda_0146_formal_train_0385.png,dca7d04a8b90b317724bd3572b21b91304f9c98fa36014208cc695df34489bc2
147,formal_train_0386,,,af248a536e4f12ef2bd17762f658566f2089dbadef42bf908430bff222b2af4b,6198faaa2dbc25c71fded097df8b4070970fe1043176f4126802e73905c76fca,train,false,D00,,a Czech road surface with longitudinal crack and transverse crack damage,202600147,512,512,28,4.5,FlowMatchEulerDiscreteScheduler,sd3base_0147_formal_train_0386.png,sd3rgda_0147_formal_train_0386.png,dca7d04a8b90b317724bd3572b21b91304f9c98fa36014208cc695df34489bc2
148,formal_train_0387,,,b1d25c487936eeeba16661cc9b4f27afe9fcdb002dc2400a7dc52ad16c7225cf,83ba7441ec5cd6fb6a51b79784fe036a432374ebfa021ad550274d82607038f5,train,false,D00,,a Czech road surface with longitudinal crack and transverse crack damage,202600148,512,512,28,4.5,FlowMatchEulerDiscreteScheduler,sd3base_0148_formal_train_0387.png,sd3rgda_0148_formal_train_0387.png,dca7d04a8b90b317724bd3572b21b91304f9c98fa36014208cc695df34489bc2
149,formal_train_0398,,,c553c04ffc251e8471f078e1f117ea9d53d19363b71f2d56158543996a166207,4c73cbeb42970058b04d1f607b99b0a9e0b651fbf0518aba9271cf59c6ee0ae3,train,false,D00,,a Czech road surface with longitudinal crack damage,202600149,512,512,28,4.5,FlowMatchEulerDiscreteScheduler,sd3base_0149_formal_train_0398.png,sd3rgda_0149_formal_train_0398.png,dca7d04a8b90b317724bd3572b21b91304f9c98fa36014208cc695df34489bc2
150,formal_train_0399,,,9e142b3bc5fefb2686cc8a0fe2fd02884007802c1675ad202f90eddc71b7d09b,c217560d50daec4460cc6775f11cdafb946b792e91b9b6f62b29ccf17b524123,train,false,D00,,a Czech road surface with longitudinal crack damage,202600150,512,512,28,4.5,FlowMatchEulerDiscreteScheduler,sd3base_0150_formal_train_0399.png,sd3rgda_0150_formal_train_0399.png,dca7d04a8b90b317724bd3572b21b91304f9c98fa36014208cc695df34489bc2
151,formal_train_0401,,,48d7d56d6ea4103d7d796890d68f63397f0662952581e10077668cc8276067ac,48f8586c05377666f68a6eadd65165c38a4564342bdefddb549228602aa04275,train,false,D00,,a Czech road surface with longitudinal crack damage,202600151,512,512,28,4.5,FlowMatchEulerDiscreteScheduler,sd3base_0151_formal_train_0401.png,sd3rgda_0151_formal_train_0401.png,dca7d04a8b90b317724bd3572b21b91304f9c98fa36014208cc695df34489bc2
152,formal_train_0403,,,daf659c44863da13049c6417ae31f901fcdb351d939ad67dc44f67fb2a2284a5,ad9ef3abbd48a62aa32e8ea3b54ef1e1aee0327b58d8c15a4b42f3daa3839eff,train,false,D00,,a Czech road surface with longitudinal crack damage,202600152,512,512,28,4.5,FlowMatchEulerDiscreteScheduler,sd3base_0152_formal_train_0403.png,sd3rgda_0152_formal_train_0403.png,dca7d04a8b90b317724bd3572b21b91304f9c98fa36014208cc695df34489bc2
153,formal_train_0409,,,bcf2d16fe1a996e374457cd2114cf763e3da1652f6bc7839bba6e94eb4e6f6e3,2900445b238d1dbd2e89eada437e229a8ae95ed7b28a470615370790cbc904ae,train,false,D00,,a Czech road surface with longitudinal crack damage,202600153,512,512,28,4.5,FlowMatchEulerDiscreteScheduler,sd3base_0153_formal_train_0409.png,sd3rgda_0153_formal_train_0409.png,dca7d04a8b90b317724bd3572b21b91304f9c98fa36014208cc695df34489bc2
154,formal_train_0410,,,89cff4a6600f2d633e4c9d6d2f3080fa412ab905bb10fb95dc2a0f3c2ba88c19,a68b390443109b4ca0dc4cc65862578da462400d3c53ce09875bd4e6c184ebc6,train,false,D00,,a Czech road surface with longitudinal crack damage,202600154,512,512,28,4.5,FlowMatchEulerDiscreteScheduler,sd3base_0154_formal_train_0410.png,sd3rgda_0154_formal_train_0410.png,dca7d04a8b90b317724bd3572b21b91304f9c98fa36014208cc695df34489bc2
155,formal_train_0412,,,11ce8a58b00935299b7ccd5e401b8d855066b388db3b6ad445f993176f73cb98,59a6f368ffdaf6dbcaaefc08526b48a490ee5ad7faa03e66aca3edab88d7e170,train,false,D00,,a Czech road surface with longitudinal crack damage,202600155,512,512,28,4.5,FlowMatchEulerDiscreteScheduler,sd3base_0155_formal_train_0412.png,sd3rgda_0155_formal_train_0412.png,dca7d04a8b90b317724bd3572b21b91304f9c98fa36014208cc695df34489bc2
156,formal_train_0413,,,6cba2ae03d43805f94401bbc34860083f4899d1a11e266654e0022d310211504,929d58733b5de02c0a3125a62b53a3e77265b3daceca12607682e122986d7db8,train,false,D10,,a Czech road surface with transverse crack damage,202600156,512,512,28,4.5,FlowMatchEulerDiscreteScheduler,sd3base_0156_formal_train_0413.png,sd3rgda_0156_formal_train_0413.png,dca7d04a8b90b317724bd3572b21b91304f9c98fa36014208cc695df34489bc2
157,formal_train_0422,,,63ca3ce1d838ed73f2ed3ee87c7efdec0844047e6daa1d05badbe02349a17e0b,9bcd1891ee8320785f9d9424bc4b2674d0604be09a3f83043c057fa13a7db88a,train,false,D40,,a Czech road surface with pothole damage,202600157,512,512,28,4.5,FlowMatchEulerDiscreteScheduler,sd3base_0157_formal_train_0422.png,sd3rgda_0157_formal_train_0422.png,dca7d04a8b90b317724bd3572b21b91304f9c98fa36014208cc695df34489bc2
158,formal_train_0424,,,877dd30335ca365b38e65735a23463a6de8a37c62b84690bfdbcd2dc10f1dc35,2f80dcf30bc3f14c7d10196312658e513d72cf37b1a78fa33f9212ae619764fc,train,false,D00,,a Czech road surface with longitudinal crack and pothole damage,202600158,512,512,28,4.5,FlowMatchEulerDiscreteScheduler,sd3base_0158_formal_train_0424.png,sd3rgda_0158_formal_train_0424.png,dca7d04a8b90b317724bd3572b21b91304f9c98fa36014208cc695df34489bc2
159,formal_train_0425,,,e94f4811e3abe4e87e6628f787ed20a5eadf07ec83b1b25cb7a632d8b357b131,bdd5a3e0fa2ab574943895915fd750c07dbae61b5f17ec5889099e6c72dae68e,train,false,D00,,a Czech road surface with longitudinal crack and pothole damage,202600159,512,512,28,4.5,FlowMatchEulerDiscreteScheduler,sd3base_0159_formal_train_0425.png,sd3rgda_0159_formal_train_0425.png,dca7d04a8b90b317724bd3572b21b91304f9c98fa36014208cc695df34489bc2
160,formal_train_0426,,,d5df051e643bfeea7b0dc6d5877ee4f50c7cc5ee89126b57b38ce6f8e4bd586a,2977c88118de798b36b2dcac729e14e2900e564c7c28bfa96050c869f11b1384,train,false,D00,,a Czech road surface with longitudinal crack and transverse crack damage,202600160,512,512,28,4.5,FlowMatchEulerDiscreteScheduler,sd3base_0160_formal_train_0426.png,sd3rgda_0160_formal_train_0426.png,dca7d04a8b90b317724bd3572b21b91304f9c98fa36014208cc695df34489bc2
161,formal_train_0428,,,d27bbbb968d124fb76c8b97e0c251cb77af03a74bd94217558c5961b7626c227,ed6814dddb07ad94cefeef74152c1a85bf517f3205d3a79be89251f933f8d27c,train,false,D00,,a Czech road surface with longitudinal crack and pothole damage,202600161,512,512,28,4.5,FlowMatchEulerDiscreteScheduler,sd3base_0161_formal_train_0428.png,sd3rgda_0161_formal_train_0428.png,dca7d04a8b90b317724bd3572b21b91304f9c98fa36014208cc695df34489bc2
162,formal_train_0433,,,f1cfe826e059c32077e4cf01883318ab21095f75fcd0aa6aa678abbd5c9df6c2,9d0f774622feea05786a6ac84a756b1854fa4d7d3ddd9a4b5661ea6faab18268,train,false,D40,,a Czech road surface with pothole damage,202600162,512,512,28,4.5,FlowMatchEulerDiscreteScheduler,sd3base_0162_formal_train_0433.png,sd3rgda_0162_formal_train_0433.png,dca7d04a8b90b317724bd3572b21b91304f9c98fa36014208cc695df34489bc2
163,formal_train_0438,,,8189e0475eb81b35f7c984d941d750bf231043532c1984259bfeff6d1c1989e6,6cfe16f93f0487bdf70baaea69bccc4fe3d5a4ad1ce8dde790ab05279b18c776,train,false,D00,,a Czech road surface with longitudinal crack damage,202600163,512,512,28,4.5,FlowMatchEulerDiscreteScheduler,sd3base_0163_formal_train_0438.png,sd3rgda_0163_formal_train_0438.png,dca7d04a8b90b317724bd3572b21b91304f9c98fa36014208cc695df34489bc2
164,formal_train_0439,,,23fdf567625ddfaecaed7a342fa0c72dc6a10133d7f65292b6072b6931e8b01b,81cb311fa31c2a2e1c0629c7fce7bcce6624396349c1b924c9c8a53aaf3fc55b,train,false,D00,,a Czech road surface with longitudinal crack damage,202600164,512,512,28,4.5,FlowMatchEulerDiscreteScheduler,sd3base_0164_formal_train_0439.png,sd3rgda_0164_formal_train_0439.png,dca7d04a8b90b317724bd3572b21b91304f9c98fa36014208cc695df34489bc2
165,formal_train_0442,,,05e61a942bbd269f0e3e5262a83ab40e18faaa87ddc7aaa39ad3c19b6fdc40a0,9843ba211dce75873ab959b9ebfede4ad365da160ce9b0115912655ea3a95bb2,train,false,D00,,a Czech road surface with longitudinal crack damage,202600165,512,512,28,4.5,FlowMatchEulerDiscreteScheduler,sd3base_0165_formal_train_0442.png,sd3rgda_0165_formal_train_0442.png,dca7d04a8b90b317724bd3572b21b91304f9c98fa36014208cc695df34489bc2
166,formal_train_0443,,,6a8853e9f9f19684e25cd392e3d9b1a7a71d32992ac3b2e6058c2cdfdfc2857b,2b1854137277158fc5467e267386bb72dcf98cd99f4b8d039ef01bc4241ae778,train,false,D00,,a Czech road surface with longitudinal crack and transverse crack damage,202600166,512,512,28,4.5,FlowMatchEulerDiscreteScheduler,sd3base_0166_formal_train_0443.png,sd3rgda_0166_formal_train_0443.png,dca7d04a8b90b317724bd3572b21b91304f9c98fa36014208cc695df34489bc2
167,formal_train_0446,,,119e9cbcd213b09f1c5c860c0ffe52d71f83a41f108f99d136b60217cecb54ec,3471b43ce319e6f52ce62c38cb5de7f8bbcd63394ff9271b48e4ad0b23fb4946,train,false,D40,,a Czech road surface with pothole damage,202600167,512,512,28,4.5,FlowMatchEulerDiscreteScheduler,sd3base_0167_formal_train_0446.png,sd3rgda_0167_formal_train_0446.png,dca7d04a8b90b317724bd3572b21b91304f9c98fa36014208cc695df34489bc2
168,formal_train_0447,,,8be72dd2543e50f00724d7e0e6e32f1cce8c1e8e978e3e3d66398bf8d959f8f6,d8540a01fc828376d8f71fe4bf71ec789f36bba9957dc12384e1886919a5235a,train,false,D40,,a Czech road surface with pothole damage,202600168,512,512,28,4.5,FlowMatchEulerDiscreteScheduler,sd3base_0168_formal_train_0447.png,sd3rgda_0168_formal_train_0447.png,dca7d04a8b90b317724bd3572b21b91304f9c98fa36014208cc695df34489bc2
169,formal_train_0453,,,923b2ae1a355feb5343173a297b0d28dde052052802eb794966d1a0369709f8f,b84c5c6e139641d4ae5b5bf7a438b71aecb69697c5a1402615c082fd5800a71a,train,false,D00,,a Czech road surface with longitudinal crack damage,202600169,512,512,28,4.5,FlowMatchEulerDiscreteScheduler,sd3base_0169_formal_train_0453.png,sd3rgda_0169_formal_train_0453.png,dca7d04a8b90b317724bd3572b21b91304f9c98fa36014208cc695df34489bc2
170,formal_train_0455,,,187565d113615208d09c2d4ba1db52d9c208e456db083d81a267c927b27c686d,86649a7ea853d355ab2c9c031f5faa3f191fa1bd19478a3cf164335398d67099,train,false,D20,,a Czech road surface with alligator crack damage,202600170,512,512,28,4.5,FlowMatchEulerDiscreteScheduler,sd3base_0170_formal_train_0455.png,sd3rgda_0170_formal_train_0455.png,dca7d04a8b90b317724bd3572b21b91304f9c98fa36014208cc695df34489bc2
171,formal_train_0458,,,8ab2e8d8508d7f5f339df5c9ff4ec369cf6f9dba69fd3758fd209d15b8bcc43b,b1feb9c5aa6389cbce6171f28caf84a65c147f7a31fa17393d6006e172b0df55,train,false,D00,,a Czech road surface with longitudinal crack and transverse crack and alligator crack damage,202600171,512,512,28,4.5,FlowMatchEulerDiscreteScheduler,sd3base_0171_formal_train_0458.png,sd3rgda_0171_formal_train_0458.png,dca7d04a8b90b317724bd3572b21b91304f9c98fa36014208cc695df34489bc2
172,formal_train_0459,,,ffef49e87e36b06d1f280cde61624277b928e8c4e733357bb4b3c5b06b7bcf39,0330aba801458d7bbe5ccdd17acb524a3f8ac97cd98a7cd8dacc17f9e80112e8,train,false,D00,,a Czech road surface with longitudinal crack damage,202600172,512,512,28,4.5,FlowMatchEulerDiscreteScheduler,sd3base_0172_formal_train_0459.png,sd3rgda_0172_formal_train_0459.png,dca7d04a8b90b317724bd3572b21b91304f9c98fa36014208cc695df34489bc2
173,formal_train_0460,,,cffc408cfba1326a02bd2aa0cbe664f90f45380cb3f7554d4040242cb4beb1fe,bd2e6002cdc1cca878185f25c3d68c9130bfef3a7f101fa21334cc1e6d1c2b56,train,false,D00,,a Czech road surface with longitudinal crack and pothole damage,202600173,512,512,28,4.5,FlowMatchEulerDiscreteScheduler,sd3base_0173_formal_train_0460.png,sd3rgda_0173_formal_train_0460.png,dca7d04a8b90b317724bd3572b21b91304f9c98fa36014208cc695df34489bc2
174,formal_train_0463,,,03de980fea430c5065bec71e614f9c2cba6f4d3a5e98125290ab1eb3b8b1a9d1,e8622291966fe0a0e40990f43040518d4b5fb8dec9203cf636f174b76bea7a6a,train,false,D00,,a Czech road surface with longitudinal crack damage,202600174,512,512,28,4.5,FlowMatchEulerDiscreteScheduler,sd3base_0174_formal_train_0463.png,sd3rgda_0174_formal_train_0463.png,dca7d04a8b90b317724bd3572b21b91304f9c98fa36014208cc695df34489bc2
175,formal_train_0467,,,801fb6f5e0334c1da1d11ab147a2e94787ea05eb809c4635230f8f242fe628e0,f87cfdffba49da6504e25f13d54582f2ff23fb6d0cc84d090898e67f55364df4,train,false,D00,,a Czech road surface with longitudinal crack and transverse crack damage,202600175,512,512,28,4.5,FlowMatchEulerDiscreteScheduler,sd3base_0175_formal_train_0467.png,sd3rgda_0175_formal_train_0467.png,dca7d04a8b90b317724bd3572b21b91304f9c98fa36014208cc695df34489bc2
176,formal_train_0470,,,1104ccb19bcb33c7e113eea26930570b844601727d858d05ff15cdc9a6bf9a7f,88fda6978e12cadd39ec0376e53863eee5be847ffc703e61ec632d780b294790,train,false,D00,,a Czech road surface with longitudinal crack damage,202600176,512,512,28,4.5,FlowMatchEulerDiscreteScheduler,sd3base_0176_formal_train_0470.png,sd3rgda_0176_formal_train_0470.png,dca7d04a8b90b317724bd3572b21b91304f9c98fa36014208cc695df34489bc2
177,formal_train_0473,,,2e669fce3917f3a331c1f34e90f7c31ed08c3fff074337bb6946bdbed7ac037e,7656795f5eeb9c4c623842041fd4f06ce8e40d9e42d3ba6e1f33eafe6e9a0f8c,train,false,D00,,a Czech road surface with longitudinal crack damage,202600177,512,512,28,4.5,FlowMatchEulerDiscreteScheduler,sd3base_0177_formal_train_0473.png,sd3rgda_0177_formal_train_0473.png,dca7d04a8b90b317724bd3572b21b91304f9c98fa36014208cc695df34489bc2
178,formal_train_0474,,,e6ba155bd239feac784616cc657d608fc4433234192c747e7922c6c2c62c4117,07d05b9285e0bc0da54bdc0d493905ac61b5c61e3d76d5856b795790a15de88d,train,false,D40,,a Czech road surface with pothole damage,202600178,512,512,28,4.5,FlowMatchEulerDiscreteScheduler,sd3base_0178_formal_train_0474.png,sd3rgda_0178_formal_train_0474.png,dca7d04a8b90b317724bd3572b21b91304f9c98fa36014208cc695df34489bc2
179,formal_train_0475,,,3875408ca6b80e6a80a9002088a7e474e297f5fa733948c83a53920574a8b265,1f22204c64605185369bd77512f43718b2daffdd2c5338dfddf5047aa567bc44,train,false,D40,,a Czech road surface with pothole damage,202600179,512,512,28,4.5,FlowMatchEulerDiscreteScheduler,sd3base_0179_formal_train_0475.png,sd3rgda_0179_formal_train_0475.png,dca7d04a8b90b317724bd3572b21b91304f9c98fa36014208cc695df34489bc2
180,formal_train_0476,,,c2bee00916f8baf8a26d03dc29a7913b145b3b62675b891ed83ba29b31cc3a1b,28c5cd4c7f3fd9aff69e981ab8fa4aa955eafdbff0e3b17ef17d4430b781cd67,train,false,D10,,a Czech road surface with transverse crack and pothole damage,202600180,512,512,28,4.5,FlowMatchEulerDiscreteScheduler,sd3base_0180_formal_train_0476.png,sd3rgda_0180_formal_train_0476.png,dca7d04a8b90b317724bd3572b21b91304f9c98fa36014208cc695df34489bc2
181,formal_train_0481,,,fef863250a680f8bf3cc28ab02a8721e80d7f159eff91f4e26b07a8e210df057,c31ee9820743edffbaaf9d15c8275b48db8cf983526c424b29b77af975140cdc,train,false,D00,,a Czech road surface with longitudinal crack damage,202600181,512,512,28,4.5,FlowMatchEulerDiscreteScheduler,sd3base_0181_formal_train_0481.png,sd3rgda_0181_formal_train_0481.png,dca7d04a8b90b317724bd3572b21b91304f9c98fa36014208cc695df34489bc2
182,formal_train_0487,,,a35dc4e22c1acab2ed9a5ca744600925c6ec69b57db8cdfe1a35220ebd4012e7,813a5170b7b3c4308efaedf0992c508f294afef47a4d58f354a1f9c6cceb230e,train,false,D00,,a Czech road surface with longitudinal crack damage,202600182,512,512,28,4.5,FlowMatchEulerDiscreteScheduler,sd3base_0182_formal_train_0487.png,sd3rgda_0182_formal_train_0487.png,dca7d04a8b90b317724bd3572b21b91304f9c98fa36014208cc695df34489bc2
183,formal_train_0492,,,3e3ec7ea2c2cfd8ed63f4594d02601ec331870597f9e8f537a5e26988310793b,7c77e24e6acf64c363043266ee8de89718719a985cf186507f9af414ea4a33c8,train,false,D00,,a Czech road surface with longitudinal crack damage,202600183,512,512,28,4.5,FlowMatchEulerDiscreteScheduler,sd3base_0183_formal_train_0492.png,sd3rgda_0183_formal_train_0492.png,dca7d04a8b90b317724bd3572b21b91304f9c98fa36014208cc695df34489bc2
184,formal_train_0493,,,92255ae501bb949ac4d039c534cfb0028cd2247714362306ae1ef37431873822,2c2ab705d56ef21aed9c7fc2a20237b1a62ebf4ad3462ca11f13b6db423b02b9,train,false,D00,,a Czech road surface with longitudinal crack damage,202600184,512,512,28,4.5,FlowMatchEulerDiscreteScheduler,sd3base_0184_formal_train_0493.png,sd3rgda_0184_formal_train_0493.png,dca7d04a8b90b317724bd3572b21b91304f9c98fa36014208cc695df34489bc2
185,formal_train_0497,,,eeca78042a7957109c13014cd1b73306ed839b7d566cf3ae5cd242e730ac37b7,04d1d411d87f5d936f3c2a52f45025a45f5ce07c080b6fbb8448bcb4fb16d04a,train,false,D40,,a Czech road surface with pothole damage,202600185,512,512,28,4.5,FlowMatchEulerDiscreteScheduler,sd3base_0185_formal_train_0497.png,sd3rgda_0185_formal_train_0497.png,dca7d04a8b90b317724bd3572b21b91304f9c98fa36014208cc695df34489bc2
186,formal_train_0499,,,6fcd4a193b4864fd589784e1f1ea04d311dbe53dcdaa0a14e28f780598e68d46,53b6f78edfcddb5d7eb83761ce7c2814d19a46a287531247261192ef8c94d1cc,train,false,D00,,a Czech road surface with longitudinal crack and pothole damage,202600186,512,512,28,4.5,FlowMatchEulerDiscreteScheduler,sd3base_0186_formal_train_0499.png,sd3rgda_0186_formal_train_0499.png,dca7d04a8b90b317724bd3572b21b91304f9c98fa36014208cc695df34489bc2
187,formal_train_0503,,,2a26aad497ea820f0094be4264283e61aea726c13a45fd72ea1b8f571a9adb53,7cd02f81fe58a2a8289217daa628c2ad54e300c2605e2975929ee6309480c7ee,train,false,D00,,a Czech road surface with longitudinal crack damage,202600187,512,512,28,4.5,FlowMatchEulerDiscreteScheduler,sd3base_0187_formal_train_0503.png,sd3rgda_0187_formal_train_0503.png,dca7d04a8b90b317724bd3572b21b91304f9c98fa36014208cc695df34489bc2
188,formal_train_0504,,,1f7cebdae960124c49191e0284779d30afde8d8ab60ba607716c58262e83a276,f0a07340b97cfddafa9c6b33b502de439ada57ec43f0e03eb1c63e456347c40a,train,false,D20,,a Czech road surface with alligator crack damage,202600188,512,512,28,4.5,FlowMatchEulerDiscreteScheduler,sd3base_0188_formal_train_0504.png,sd3rgda_0188_formal_train_0504.png,dca7d04a8b90b317724bd3572b21b91304f9c98fa36014208cc695df34489bc2
189,formal_train_0508,,,fb86ebbad7f565eb60b38d069414149bd84cb18b92ad0bf428f136a4191a8aba,ee3fa1c42e38e46d6ec6496cdb7050bf6bfa50ba3295853a8d0fb94e9d24c30f,train,false,D10,,a Czech road surface with transverse crack and alligator crack damage,202600189,512,512,28,4.5,FlowMatchEulerDiscreteScheduler,sd3base_0189_formal_train_0508.png,sd3rgda_0189_formal_train_0508.png,dca7d04a8b90b317724bd3572b21b91304f9c98fa36014208cc695df34489bc2
190,formal_train_0510,,,f646d059b1503230839fe766514ac89c5be829811d29e674cbb249b88aa4eb05,9315654443d24605e67eae03596f500be1d6c373c0fd7c778da9fe749c49d854,train,false,D00,,a Czech road surface with longitudinal crack damage,202600190,512,512,28,4.5,FlowMatchEulerDiscreteScheduler,sd3base_0190_formal_train_0510.png,sd3rgda_0190_formal_train_0510.png,dca7d04a8b90b317724bd3572b21b91304f9c98fa36014208cc695df34489bc2
191,formal_train_0512,,,c80a34e91c1707b983943276f5d743407b9183e90ffd7fca795977fab8712659,6ac2fc16b9dd30322e6a36809844966fb2267162bdc9d1cbc833b1b796ad1151,train,false,D40,,a Czech road surface with pothole damage,202600191,512,512,28,4.5,FlowMatchEulerDiscreteScheduler,sd3base_0191_formal_train_0512.png,sd3rgda_0191_formal_train_0512.png,dca7d04a8b90b317724bd3572b21b91304f9c98fa36014208cc695df34489bc2
192,formal_train_0513,,,fcf1778b5d20572c871e0e90020623cb9cb731b598e1a45dcaf0686c6daad386,4859d28aa54135455ddc76d8ae4865f68e413039ab21014d948ae9c31b3f9054,train,false,D10,,a Czech road surface with transverse crack damage,202600192,512,512,28,4.5,FlowMatchEulerDiscreteScheduler,sd3base_0192_formal_train_0513.png,sd3rgda_0192_formal_train_0513.png,dca7d04a8b90b317724bd3572b21b91304f9c98fa36014208cc695df34489bc2
193,formal_train_0514,,,339a9109fd984e41edfd4adbee3f95d2a71d9886ad4614a5f1e90dc5add387fe,3b5fb4416c707a7457e7702191d29df4923e7f48753e79428408085c464e9238,train,false,D00,,a Czech road surface with longitudinal crack and transverse crack damage,202600193,512,512,28,4.5,FlowMatchEulerDiscreteScheduler,sd3base_0193_formal_train_0514.png,sd3rgda_0193_formal_train_0514.png,dca7d04a8b90b317724bd3572b21b91304f9c98fa36014208cc695df34489bc2
194,formal_train_0515,,,21a707c97815f4f6c810a286f2942a4938009e52607964f281e272efc1cb58c7,81e6d603a2a5d9ef8da99f2e962fbb465bc6ef63a0d0404a2aa207199b724a6a,train,false,D00,,a Czech road surface with longitudinal crack damage,202600194,512,512,28,4.5,FlowMatchEulerDiscreteScheduler,sd3base_0194_formal_train_0515.png,sd3rgda_0194_formal_train_0515.png,dca7d04a8b90b317724bd3572b21b91304f9c98fa36014208cc695df34489bc2
195,formal_train_0522,,,a7fd2eb6b9a1adcb98b712f2aed81f9872c64041333414d3e172b5521722c545,5632f1891477707c54a6bae2de750b2a0d4fcc3e6ec9e15d43a7779d09d775a2,train,false,D40,,a Czech road surface with pothole damage,202600195,512,512,28,4.5,FlowMatchEulerDiscreteScheduler,sd3base_0195_formal_train_0522.png,sd3rgda_0195_formal_train_0522.png,dca7d04a8b90b317724bd3572b21b91304f9c98fa36014208cc695df34489bc2
196,formal_train_0525,,,e66bce209b86fde3fc2549b693dd96fc0f632d02469f57acd25f855a35fd32ea,1836cff83a24cc20a2267d617105668f18b203f1a077dd8b4ed79ab8d82f12d2,train,false,D00,,a Czech road surface with longitudinal crack damage,202600196,512,512,28,4.5,FlowMatchEulerDiscreteScheduler,sd3base_0196_formal_train_0525.png,sd3rgda_0196_formal_train_0525.png,dca7d04a8b90b317724bd3572b21b91304f9c98fa36014208cc695df34489bc2
197,formal_train_0526,,,2c63bdca4c68827a1d5027f580cfcab66002947a90c5678fdc3f18198831dc3c,fb52904c5351008e810178fddbb06a247c7f7958995b432435d85587fd4f69ad,train,false,D20,,a Czech road surface with alligator crack damage,202600197,512,512,28,4.5,FlowMatchEulerDiscreteScheduler,sd3base_0197_formal_train_0526.png,sd3rgda_0197_formal_train_0526.png,dca7d04a8b90b317724bd3572b21b91304f9c98fa36014208cc695df34489bc2
198,formal_train_0527,,,830193ff21f78fd688d3a51753713e4ca8d1f02f3a59df6b5a2e7fe58aac589f,29dcc9f6974f08003389bf61fdb5a1249dce83138b7fa5b4720b5042be650a21,train,false,D00,,a Czech road surface with longitudinal crack damage,202600198,512,512,28,4.5,FlowMatchEulerDiscreteScheduler,sd3base_0198_formal_train_0527.png,sd3rgda_0198_formal_train_0527.png,dca7d04a8b90b317724bd3572b21b91304f9c98fa36014208cc695df34489bc2
199,formal_train_0528,,,684886ba20678fcd904480370726c27f3cf9828c27f85d85e4cb2d69eedde386,9b250572a957076fefda19779f435fe25e951b9a80e52617f5879f9bf9af7a78,train,false,D00,,a Czech road surface with longitudinal crack damage,202600199,512,512,28,4.5,FlowMatchEulerDiscreteScheduler,sd3base_0199_formal_train_0528.png,sd3rgda_0199_formal_train_0528.png,dca7d04a8b90b317724bd3572b21b91304f9c98fa36014208cc695df34489bc2
200,formal_train_0529,,,9998f2aac16126c99e94581f1753b75447ce52813f2eeaa1825a30e52c7583ef,e8ae27d12d40bee3fb29466db04565b7e1eb3afdff49d040fd7c0b6d1a2bbf4f,train,false,D00,,a Czech road surface with longitudinal crack damage,202600200,512,512,28,4.5,FlowMatchEulerDiscreteScheduler,sd3base_0200_formal_train_0529.png,sd3rgda_0200_formal_train_0529.png,dca7d04a8b90b317724bd3572b21b91304f9c98fa36014208cc695df34489bc2
201,formal_train_0531,,,10c3bbfdd73e39aa9deb8882afeba458ef7f25b58ee9998993e33975bc53f54a,8fb897f436f3aab340c2c907d7912e8608a77264c6231a992fc938b37b07326d,train,false,D00,,a Czech road surface with longitudinal crack damage,202600201,512,512,28,4.5,FlowMatchEulerDiscreteScheduler,sd3base_0201_formal_train_0531.png,sd3rgda_0201_formal_train_0531.png,dca7d04a8b90b317724bd3572b21b91304f9c98fa36014208cc695df34489bc2
202,formal_train_0532,,,aeb5eeef86385577a001fb86d1ed6b6d3ba79d1ff0b6626d02a24ae932435894,e106c5c7d9045f6ddf6abb53e85f87bf2b703b5132162dcbb723adbd17da768c,train,false,D00,,a Czech road surface with longitudinal crack damage,202600202,512,512,28,4.5,FlowMatchEulerDiscreteScheduler,sd3base_0202_formal_train_0532.png,sd3rgda_0202_formal_train_0532.png,dca7d04a8b90b317724bd3572b21b91304f9c98fa36014208cc695df34489bc2
203,formal_train_0533,,,ac9b0ab3ec65d98bdd37f324e01fec0a4694310136a694752b585ee863c46dfb,efbbdd2b2980092f9af13d1545dc9ec52bde723b10ea2e51ec2b0374271769cd,train,false,D40,,a Czech road surface with pothole damage,202600203,512,512,28,4.5,FlowMatchEulerDiscreteScheduler,sd3base_0203_formal_train_0533.png,sd3rgda_0203_formal_train_0533.png,dca7d04a8b90b317724bd3572b21b91304f9c98fa36014208cc695df34489bc2
204,formal_train_0537,,,90c3cd90ea26e80db5071b29b1c997bf45ec109810401d7586b8033e1a793a71,6dadd2e90130b547a249d5846545dad2060e48b2bc58a0ed9ae70ee4b4ffdd1a,train,false,D00,,a Czech road surface with longitudinal crack damage,202600204,512,512,28,4.5,FlowMatchEulerDiscreteScheduler,sd3base_0204_formal_train_0537.png,sd3rgda_0204_formal_train_0537.png,dca7d04a8b90b317724bd3572b21b91304f9c98fa36014208cc695df34489bc2
205,formal_train_0538,,,cc43fa99e0f491bd99dfe68194856e47a3ff4fda4dbf2dc2b5016a1e07b60fa3,210f5a8081459d0924624b96cdb7136ba6aa039b1f1449c2c7263de8e8963d67,train,false,D00,,a Czech road surface with longitudinal crack damage,202600205,512,512,28,4.5,FlowMatchEulerDiscreteScheduler,sd3base_0205_formal_train_0538.png,sd3rgda_0205_formal_train_0538.png,dca7d04a8b90b317724bd3572b21b91304f9c98fa36014208cc695df34489bc2
206,formal_train_0546,,,9f2fa8dbb1906d661b8745169eac8d19240e823306cc19897e9af7bc19a4a15d,bb36119be269308f54eb86bc9f58fd9d778dc861c12acc442e07c8bb1e2ade5b,train,false,D00,,a Czech road surface with longitudinal crack damage,202600206,512,512,28,4.5,FlowMatchEulerDiscreteScheduler,sd3base_0206_formal_train_0546.png,sd3rgda_0206_formal_train_0546.png,dca7d04a8b90b317724bd3572b21b91304f9c98fa36014208cc695df34489bc2
207,formal_train_0548,,,71f5e2ac54b717eb8fce513631df17c61e82aa2327b5ca55c3c5f3eba71a16ed,e1018ba52beaf513ac1307162f87425b8270d2108a5e93e7b48b209063b5dea3,train,false,D00,,a Czech road surface with longitudinal crack damage,202600207,512,512,28,4.5,FlowMatchEulerDiscreteScheduler,sd3base_0207_formal_train_0548.png,sd3rgda_0207_formal_train_0548.png,dca7d04a8b90b317724bd3572b21b91304f9c98fa36014208cc695df34489bc2
208,formal_train_0554,,,122d20434baf4686cb6a9197cf3fd33e90708aefe30061e694fa2aefb2044a71,9d27ebcf0b2f1f17778dd0fc66e9412b294a7a98327820287d14c3fd79d458b7,train,false,D20,,a Czech road surface with alligator crack and pothole damage,202600208,512,512,28,4.5,FlowMatchEulerDiscreteScheduler,sd3base_0208_formal_train_0554.png,sd3rgda_0208_formal_train_0554.png,dca7d04a8b90b317724bd3572b21b91304f9c98fa36014208cc695df34489bc2
209,formal_train_0556,,,bfc949cd5c5271b9e9f6137a3066416eb65a9e201eb5207b2f6fdd53699079ea,b6c58e0610d9143cb18ebc4e1639374b657f0e346734e487960dcab6fecb5323,train,false,D00,,a Czech road surface with longitudinal crack damage,202600209,512,512,28,4.5,FlowMatchEulerDiscreteScheduler,sd3base_0209_formal_train_0556.png,sd3rgda_0209_formal_train_0556.png,dca7d04a8b90b317724bd3572b21b91304f9c98fa36014208cc695df34489bc2
210,formal_train_0557,,,b0610c45831525895dce53e713bf05d24877f4fcb7ad6896878b3dc009b8e841,cae7d1f3b2d609d23542974c1495b670321798d883810d08a4d7947da3c1a27a,train,false,D00,,a Czech road surface with longitudinal crack damage,202600210,512,512,28,4.5,FlowMatchEulerDiscreteScheduler,sd3base_0210_formal_train_0557.png,sd3rgda_0210_formal_train_0557.png,dca7d04a8b90b317724bd3572b21b91304f9c98fa36014208cc695df34489bc2
211,formal_train_0561,,,e3bdcdc2391ca41171857c95b3fbfe4b4f3692c1f849720fa999eaf9d818dc4f,e4b2adb7b461792792b4cdbbee29ed88a5d732ad71daa6d3fa64694be75047f1,train,false,D10,,a Czech road surface with transverse crack damage,202600211,512,512,28,4.5,FlowMatchEulerDiscreteScheduler,sd3base_0211_formal_train_0561.png,sd3rgda_0211_formal_train_0561.png,dca7d04a8b90b317724bd3572b21b91304f9c98fa36014208cc695df34489bc2
212,formal_train_0562,,,4d1458dce017d0684e593e114ee8dd21604c32aba4759fa0f45d6dee0e6f2a88,3574d02b74e2bce03ef2a4f66f6626615f68ba4d651abb4653e7c9d6f9d9d910,train,false,D00,,a Czech road surface with longitudinal crack damage,202600212,512,512,28,4.5,FlowMatchEulerDiscreteScheduler,sd3base_0212_formal_train_0562.png,sd3rgda_0212_formal_train_0562.png,dca7d04a8b90b317724bd3572b21b91304f9c98fa36014208cc695df34489bc2
213,formal_train_0564,,,ca7d1f439b271487507e172cdc34802011f62e661ae26f51e1b96ec2430bc61c,7ea0182e1f6a23aa78ac9d8d41dadc6e7d3e3e965aafe3361ee81c460f2096b3,train,false,D00,,a Czech road surface with longitudinal crack damage,202600213,512,512,28,4.5,FlowMatchEulerDiscreteScheduler,sd3base_0213_formal_train_0564.png,sd3rgda_0213_formal_train_0564.png,dca7d04a8b90b317724bd3572b21b91304f9c98fa36014208cc695df34489bc2
214,formal_train_0565,,,17f1a405db879d09ea8dc30f84b82d17234178d786d36a1a6b56299da9d2663d,2906e96907102becbe14daf329d180b0bd5b6c0e459c0c7ccc1be63d2c0f686e,train,false,D00,,a Czech road surface with longitudinal crack damage,202600214,512,512,28,4.5,FlowMatchEulerDiscreteScheduler,sd3base_0214_formal_train_0565.png,sd3rgda_0214_formal_train_0565.png,dca7d04a8b90b317724bd3572b21b91304f9c98fa36014208cc695df34489bc2
215,formal_train_0566,,,d5b292df66ad51850ebfbc6f9ea94b9759afec5dfeda3df80ffdfef32cc290c0,1bdcf95ad63fb16f57e58bea6533cb1da959f343da80e69157ac5bc92a46423d,train,false,D00,,a Czech road surface with longitudinal crack damage,202600215,512,512,28,4.5,FlowMatchEulerDiscreteScheduler,sd3base_0215_formal_train_0566.png,sd3rgda_0215_formal_train_0566.png,dca7d04a8b90b317724bd3572b21b91304f9c98fa36014208cc695df34489bc2
216,formal_train_0568,,,6b871d453810bc18a27199600bba52eb3721e26eecf4805986c2696773a406cc,f2c93c8816207220685ff484be64fcd7f8637d1a71366bbd05742b5c60379f5b,train,false,D00,,a Czech road surface with longitudinal crack and transverse crack damage,202600216,512,512,28,4.5,FlowMatchEulerDiscreteScheduler,sd3base_0216_formal_train_0568.png,sd3rgda_0216_formal_train_0568.png,dca7d04a8b90b317724bd3572b21b91304f9c98fa36014208cc695df34489bc2
217,formal_train_0569,,,16cb62f185c588e444f0df3d33cbdef5c25390b3aaeacd0647d53613ef79d184,5e728cf809c47c5396930d01dff08f426489a2e18955b07158c6e66a92dd278e,train,false,D10,,a Czech road surface with transverse crack damage,202600217,512,512,28,4.5,FlowMatchEulerDiscreteScheduler,sd3base_0217_formal_train_0569.png,sd3rgda_0217_formal_train_0569.png,dca7d04a8b90b317724bd3572b21b91304f9c98fa36014208cc695df34489bc2
218,formal_train_0570,,,f09f752278ca715b92773bbd5f21f81d89b122355e8953d34946268b5bf0af83,20981bc8058a3a544d24f418ea4ebab649e52a0230c07e36cb379ca54e917e75,train,false,D00,,a Czech road surface with longitudinal crack damage,202600218,512,512,28,4.5,FlowMatchEulerDiscreteScheduler,sd3base_0218_formal_train_0570.png,sd3rgda_0218_formal_train_0570.png,dca7d04a8b90b317724bd3572b21b91304f9c98fa36014208cc695df34489bc2
219,formal_train_0571,,,eaa3022b677887c3e7c16f8c94b9ebc54d8a16950d83a7fb3c67d7b246a58cac,e201c0c5aede3d384d3db6584fcbb583b7b42a6648a388390ee1328e5d22bf83,train,false,D10,,a Czech road surface with transverse crack damage,202600219,512,512,28,4.5,FlowMatchEulerDiscreteScheduler,sd3base_0219_formal_train_0571.png,sd3rgda_0219_formal_train_0571.png,dca7d04a8b90b317724bd3572b21b91304f9c98fa36014208cc695df34489bc2
220,formal_train_0572,,,5a754c2f64999ff1ac48421b672478ae8307f726effa71fe5655e073bb141b30,741fec8b5cb63939f8452d599cc739af0be1791fdc9a5bd567e0f81c4d98a4f9,train,false,D00,,a Czech road surface with longitudinal crack damage,202600220,512,512,28,4.5,FlowMatchEulerDiscreteScheduler,sd3base_0220_formal_train_0572.png,sd3rgda_0220_formal_train_0572.png,dca7d04a8b90b317724bd3572b21b91304f9c98fa36014208cc695df34489bc2
221,formal_train_0573,,,d3017ddcca0862fd062c3dbb33ef7bfcbf63f17e294c86c9f8677457f209f0e1,977601366b686b5294bc7475756dde1879d81bde5af1855434361c2559236cc8,train,false,D00,,a Czech road surface with longitudinal crack damage,202600221,512,512,28,4.5,FlowMatchEulerDiscreteScheduler,sd3base_0221_formal_train_0573.png,sd3rgda_0221_formal_train_0573.png,dca7d04a8b90b317724bd3572b21b91304f9c98fa36014208cc695df34489bc2
222,formal_train_0579,,,c875de92851aeedc6b12bbd9dc5a6126ab9ca0a6c2675dd6eb8a36fe1f8d5183,f79796239b42a593f7141c806b7afdf587a75fc1f15bb0b17a7ca01127b19e6a,train,false,D00,,a Czech road surface with longitudinal crack and transverse crack damage,202600222,512,512,28,4.5,FlowMatchEulerDiscreteScheduler,sd3base_0222_formal_train_0579.png,sd3rgda_0222_formal_train_0579.png,dca7d04a8b90b317724bd3572b21b91304f9c98fa36014208cc695df34489bc2
223,formal_train_0585,,,27d6056838b5921e9b04bc34f07aa29cd3825fce8c3276b0a93fea18129204c2,32e8d813d3d6f54abee045ae9d4c5b2666b8620a3a4fc39684c08c11a70718ab,train,false,D10,,a Czech road surface with transverse crack damage,202600223,512,512,28,4.5,FlowMatchEulerDiscreteScheduler,sd3base_0223_formal_train_0585.png,sd3rgda_0223_formal_train_0585.png,dca7d04a8b90b317724bd3572b21b91304f9c98fa36014208cc695df34489bc2
224,formal_train_0586,,,0b1004440f03a4918f336a6ff05f56202e4ba20141acef5fe4d99707f2dd7ea9,8cbeda6b615a2b516e0a0597cf3f88257049068713cad132b6bbbd5042262bef,train,false,D10,,a Czech road surface with transverse crack damage,202600224,512,512,28,4.5,FlowMatchEulerDiscreteScheduler,sd3base_0224_formal_train_0586.png,sd3rgda_0224_formal_train_0586.png,dca7d04a8b90b317724bd3572b21b91304f9c98fa36014208cc695df34489bc2
225,formal_train_0587,,,a4eb1553d9c80154ad7def25bce7b7326f57b70d479635b02d742a68d482e789,198ea7c7116b77c1a145325194f991aeb44a3295fbcc9dce6dda4933baaecab3,train,false,D00,,a Czech road surface with longitudinal crack damage,202600225,512,512,28,4.5,FlowMatchEulerDiscreteScheduler,sd3base_0225_formal_train_0587.png,sd3rgda_0225_formal_train_0587.png,dca7d04a8b90b317724bd3572b21b91304f9c98fa36014208cc695df34489bc2
226,formal_train_0588,,,3004f633c0bb9efc5b4a7b965b81b6142d2f7ed6f529ce8729af8577db78b442,dae24c98bb966ff3b9ea64dab8bff55f602f3ff32d588e3ae618f2cb202e12ff,train,false,D00,,a Czech road surface with longitudinal crack and alligator crack damage,202600226,512,512,28,4.5,FlowMatchEulerDiscreteScheduler,sd3base_0226_formal_train_0588.png,sd3rgda_0226_formal_train_0588.png,dca7d04a8b90b317724bd3572b21b91304f9c98fa36014208cc695df34489bc2
227,formal_train_0594,,,52cdaac644650f64b79ed26501311e58877706b7779d30c7bd1d8da6e951835a,75b92d8db33a7a7d567750752e6301844d9a5917f46e7d2475b721ba0d4d2954,train,false,D40,,a Czech road surface with pothole damage,202600227,512,512,28,4.5,FlowMatchEulerDiscreteScheduler,sd3base_0227_formal_train_0594.png,sd3rgda_0227_formal_train_0594.png,dca7d04a8b90b317724bd3572b21b91304f9c98fa36014208cc695df34489bc2
228,formal_train_0595,,,8c9e80650a1d937a7a9d5af44caa59d9b54b6e17429e6b9cb9a026860a53342e,96a874294104b8d0f4d7f2ca4a7a45b5a4f55d95224a4eac25db183acccacfa7,train,false,D10,,a Czech road surface with transverse crack and pothole damage,202600228,512,512,28,4.5,FlowMatchEulerDiscreteScheduler,sd3base_0228_formal_train_0595.png,sd3rgda_0228_formal_train_0595.png,dca7d04a8b90b317724bd3572b21b91304f9c98fa36014208cc695df34489bc2
229,formal_train_0596,,,ce4ce1a6ed3f44ee1a6df70799a6100dd35594cfc04aa6bd6d8fc0bfd1fb08c9,8512a92426756848a36b3158d4a40c0010a38435811a77ca22031d0ef1bf4a52,train,false,D00,,a Czech road surface with longitudinal crack and alligator crack damage,202600229,512,512,28,4.5,FlowMatchEulerDiscreteScheduler,sd3base_0229_formal_train_0596.png,sd3rgda_0229_formal_train_0596.png,dca7d04a8b90b317724bd3572b21b91304f9c98fa36014208cc695df34489bc2
230,formal_train_0597,,,5a5b1d2b5228fd8bbd034debbf31063b37ac15d896f3d8af647548532b66ba3a,a4d859af55a91fa3e87f52c32b34c2f93dcc6a36593545b7223ad626a22ff359,train,false,D00,,a Czech road surface with longitudinal crack damage,202600230,512,512,28,4.5,FlowMatchEulerDiscreteScheduler,sd3base_0230_formal_train_0597.png,sd3rgda_0230_formal_train_0597.png,dca7d04a8b90b317724bd3572b21b91304f9c98fa36014208cc695df34489bc2
231,formal_train_0599,,,d1d3a118ac022dbea8d9e0ecbcc27f51e149ae43ecdeca9bab192aae0eaf6940,7f02e827ff3c4a4b350c568782e194c581d800e3ef0662c155b9d72289501568,train,false,D00,,a Czech road surface with longitudinal crack damage,202600231,512,512,28,4.5,FlowMatchEulerDiscreteScheduler,sd3base_0231_formal_train_0599.png,sd3rgda_0231_formal_train_0599.png,dca7d04a8b90b317724bd3572b21b91304f9c98fa36014208cc695df34489bc2
232,formal_train_0601,,,fb1ac58b95d4052a95e0f631fe1d685652a9c8adf93042c3b107678314d1eaf8,f5fc61f1999229be36c989bafd6fa8733a34ae4ca371f949d182969d199c4820,train,false,D00,,a Czech road surface with longitudinal crack damage,202600232,512,512,28,4.5,FlowMatchEulerDiscreteScheduler,sd3base_0232_formal_train_0601.png,sd3rgda_0232_formal_train_0601.png,dca7d04a8b90b317724bd3572b21b91304f9c98fa36014208cc695df34489bc2
233,formal_train_0602,,,9275c0a1f8eb0f43202d1f33fff485404af3182c13afcd524ac26ba82a8b18fc,a3edae2f0f579581b18ef2a8026ac43d693ff27bc366f9f5ae8ea06d29e39985,train,false,D10,,a Czech road surface with transverse crack damage,202600233,512,512,28,4.5,FlowMatchEulerDiscreteScheduler,sd3base_0233_formal_train_0602.png,sd3rgda_0233_formal_train_0602.png,dca7d04a8b90b317724bd3572b21b91304f9c98fa36014208cc695df34489bc2
234,formal_train_0611,,,527cbafeba550d155348746680f523a432e565a09c69ebdc370466bab77e6bf7,b54975105d27832965668b835849717edf2fa74a297b3d4ffb0463de91a417b6,train,false,D00,,a Czech road surface with longitudinal crack damage,202600234,512,512,28,4.5,FlowMatchEulerDiscreteScheduler,sd3base_0234_formal_train_0611.png,sd3rgda_0234_formal_train_0611.png,dca7d04a8b90b317724bd3572b21b91304f9c98fa36014208cc695df34489bc2
235,formal_train_0612,,,7695de03a7a4162d06c958610e97913be23e0e3e41ef3140fe89673f24a11033,9503d1357a2ab7a3b4b20ff99bea34b91881c200e55e9e3c46f61ab52a427831,train,false,D00,,a Czech road surface with longitudinal crack damage,202600235,512,512,28,4.5,FlowMatchEulerDiscreteScheduler,sd3base_0235_formal_train_0612.png,sd3rgda_0235_formal_train_0612.png,dca7d04a8b90b317724bd3572b21b91304f9c98fa36014208cc695df34489bc2
236,formal_train_0614,,,b7b5d878eb68f3f85cc442918e4dfe9647b079031e52415c54f500b29c26d144,77cbb683c7570f9d96897dadc0a4afd41c60261dacc84382acf0ac0ddc755f55,train,false,D10,,a Czech road surface with transverse crack and pothole damage,202600236,512,512,28,4.5,FlowMatchEulerDiscreteScheduler,sd3base_0236_formal_train_0614.png,sd3rgda_0236_formal_train_0614.png,dca7d04a8b90b317724bd3572b21b91304f9c98fa36014208cc695df34489bc2
237,formal_train_0616,,,d239aaf7b35f3f09a4cddf5f8bef89eaa14c3388ec70860f82d8ed72ee4cd4e9,2a6349db950b071c9fc0c0e8140c20be962474baa1fa8a7beb9cc052a64f5ed8,train,false,D00,,a Czech road surface with longitudinal crack damage,202600237,512,512,28,4.5,FlowMatchEulerDiscreteScheduler,sd3base_0237_formal_train_0616.png,sd3rgda_0237_formal_train_0616.png,dca7d04a8b90b317724bd3572b21b91304f9c98fa36014208cc695df34489bc2
238,formal_train_0621,,,2bff73cafed0d7e4925fbd11777d515ebec37e5159f3e3b581983332ddf16ca1,ac82911fd32502a2ba302ea32d12d7a42a6c7acdd55597a37f22f12de33d9ceb,train,false,D40,,a Czech road surface with pothole damage,202600238,512,512,28,4.5,FlowMatchEulerDiscreteScheduler,sd3base_0238_formal_train_0621.png,sd3rgda_0238_formal_train_0621.png,dca7d04a8b90b317724bd3572b21b91304f9c98fa36014208cc695df34489bc2
239,formal_train_0622,,,8deaa2de2e0a8abeaf5556399201b83a30fdb35f5e2b6e438d10041d75c3da6f,7cdcc7e827d22fc87fb08347890bb1de95545ab15371e391f36cc5131168acb4,train,false,D00,,a Czech road surface with longitudinal crack and transverse crack damage,202600239,512,512,28,4.5,FlowMatchEulerDiscreteScheduler,sd3base_0239_formal_train_0622.png,sd3rgda_0239_formal_train_0622.png,dca7d04a8b90b317724bd3572b21b91304f9c98fa36014208cc695df34489bc2
240,formal_train_0624,,,d26338fde1d986b6a81d6bf662f4957f1b33cafc48369815b5308ef32c83aedd,11b3261fdbd83532a7e0acd83f29fd47b2809f09fc43f04cf22999e43522d2a3,train,false,D10,,a Czech road surface with transverse crack damage,202600240,512,512,28,4.5,FlowMatchEulerDiscreteScheduler,sd3base_0240_formal_train_0624.png,sd3rgda_0240_formal_train_0624.png,dca7d04a8b90b317724bd3572b21b91304f9c98fa36014208cc695df34489bc2
241,formal_train_0627,,,1648b4d0ff29b5e3926acf6c33a66bf654790e2682ce5a630c33f876a2488a9e,af3dd0ad09f34b48431142a0665f3d5c853e9bfd9d5804632f0fad785586fdd7,train,false,D00,,a Czech road surface with longitudinal crack damage,202600241,512,512,28,4.5,FlowMatchEulerDiscreteScheduler,sd3base_0241_formal_train_0627.png,sd3rgda_0241_formal_train_0627.png,dca7d04a8b90b317724bd3572b21b91304f9c98fa36014208cc695df34489bc2
242,formal_train_0628,,,e3e89a423370c96f9c3ad55da12f835c743edb2c8c8dde33c3daa707edaa97ee,ed809a6c5b53033ea774f3f2c25235b6e0ed6eacdf3e5f1ba5dcac182a728dd2,train,false,D10,,a Czech road surface with transverse crack and pothole damage,202600242,512,512,28,4.5,FlowMatchEulerDiscreteScheduler,sd3base_0242_formal_train_0628.png,sd3rgda_0242_formal_train_0628.png,dca7d04a8b90b317724bd3572b21b91304f9c98fa36014208cc695df34489bc2
243,formal_train_0629,,,a38cace2762f3f3c1146b9fb5440257336f6e9373f545357b07653055d1d5282,6ed7726331f749647b9c54bf178aea4c24a4f462ec39d95fcbbf1435adec9e0d,train,false,D00,,a Czech road surface with longitudinal crack damage,202600243,512,512,28,4.5,FlowMatchEulerDiscreteScheduler,sd3base_0243_formal_train_0629.png,sd3rgda_0243_formal_train_0629.png,dca7d04a8b90b317724bd3572b21b91304f9c98fa36014208cc695df34489bc2
244,formal_train_0632,,,e99e148662e1d8befcdfafdf4ea2b6d56b36bdc35848d7993fa216bc7b0992c4,827072e44534c992a15166773b7b667043b12fb6e778589ba51d22d977efb657,train,false,D00,,a Czech road surface with longitudinal crack and transverse crack and alligator crack damage,202600244,512,512,28,4.5,FlowMatchEulerDiscreteScheduler,sd3base_0244_formal_train_0632.png,sd3rgda_0244_formal_train_0632.png,dca7d04a8b90b317724bd3572b21b91304f9c98fa36014208cc695df34489bc2
245,formal_train_0638,,,6aa7baaf37471ca633a44d8485fadd91de15176bbe5592a78f9b46be611905c5,3b18c3cb11bbb35da08fbd4c6812f7e0c582b92543457521b5b88cf480a82a10,train,false,D00,,a Czech road surface with longitudinal crack and pothole damage,202600245,512,512,28,4.5,FlowMatchEulerDiscreteScheduler,sd3base_0245_formal_train_0638.png,sd3rgda_0245_formal_train_0638.png,dca7d04a8b90b317724bd3572b21b91304f9c98fa36014208cc695df34489bc2
246,formal_train_0640,,,503d753cbc0cddb5a325f09407c893a6b8190910cf1af5cca1756c41ace55283,f30d0c65c5380b57a56d3af1366879647a811366ae2fece4c0d68af35ae9b539,train,false,D00,,a Czech road surface with longitudinal crack damage,202600246,512,512,28,4.5,FlowMatchEulerDiscreteScheduler,sd3base_0246_formal_train_0640.png,sd3rgda_0246_formal_train_0640.png,dca7d04a8b90b317724bd3572b21b91304f9c98fa36014208cc695df34489bc2
247,formal_train_0645,,,08ffb8cd151453e31bbe9b9fcac3fd22d88b2a2ef9345c00ea4584cb9983b8a8,d3e0fc1494f9ab7bb91d871fb932fa9a5d392252dddec2e9a5a58a7fd6d49c5f,train,false,D00,,a Czech road surface with longitudinal crack and transverse crack damage,202600247,512,512,28,4.5,FlowMatchEulerDiscreteScheduler,sd3base_0247_formal_train_0645.png,sd3rgda_0247_formal_train_0645.png,dca7d04a8b90b317724bd3572b21b91304f9c98fa36014208cc695df34489bc2
248,formal_train_0648,,,4ebb41f847ce45dc675172d60b4dbf86e1a1c541320a567aad9c98e4ca8c1075,811760a3d64b1df88cc30d33d6602c7c3c65a0a7991b078bbacaff0166727e9e,train,false,D00,,a Czech road surface with longitudinal crack damage,202600248,512,512,28,4.5,FlowMatchEulerDiscreteScheduler,sd3base_0248_formal_train_0648.png,sd3rgda_0248_formal_train_0648.png,dca7d04a8b90b317724bd3572b21b91304f9c98fa36014208cc695df34489bc2
249,formal_train_0650,,,d57fd6a8e1e6357058c85f46635af1cacd21325a9ebda6a86e87052fb16f72f1,970a56597b1e9fb2f943068788c5877d020952e664f184289b5af09f44c7dff6,train,false,D00,,a Czech road surface with longitudinal crack damage,202600249,512,512,28,4.5,FlowMatchEulerDiscreteScheduler,sd3base_0249_formal_train_0650.png,sd3rgda_0249_formal_train_0650.png,dca7d04a8b90b317724bd3572b21b91304f9c98fa36014208cc695df34489bc2
250,formal_train_0651,,,c90b606e99e5b7461b866e3b36c3bb67acf7059b7dc2aae47ceb2cb28f7f4178,55ebbea8fe6f76b97042a6f986c132eb307888c016931274ea026f8ec0e7f77b,train,false,D00,,a Czech road surface with longitudinal crack damage,202600250,512,512,28,4.5,FlowMatchEulerDiscreteScheduler,sd3base_0250_formal_train_0651.png,sd3rgda_0250_formal_train_0651.png,dca7d04a8b90b317724bd3572b21b91304f9c98fa36014208cc695df34489bc2
251,formal_train_0657,,,70fc9fc089e43b9865ccce782375671f124e14fac60e8106033ec4c1321112c7,030e9f4615a6cd82690169ff984820e83b92dfcda70e43e9dd9ddb21d2077cfe,train,false,D00,,a Czech road surface with longitudinal crack damage,202600251,512,512,28,4.5,FlowMatchEulerDiscreteScheduler,sd3base_0251_formal_train_0657.png,sd3rgda_0251_formal_train_0657.png,dca7d04a8b90b317724bd3572b21b91304f9c98fa36014208cc695df34489bc2
252,formal_train_0662,,,439e9cce1ae5f81c08a67798b25fd7132da5885cdf09e4ccc09c09a420892872,03853cb7dbbbad83f112ecaf69417a2a52e85252a69d6fa8083c3fe120b3bc11,train,false,D00,,a Czech road surface with longitudinal crack damage,202600252,512,512,28,4.5,FlowMatchEulerDiscreteScheduler,sd3base_0252_formal_train_0662.png,sd3rgda_0252_formal_train_0662.png,dca7d04a8b90b317724bd3572b21b91304f9c98fa36014208cc695df34489bc2
253,formal_train_0664,,,7d0b44101f8405a188511f9326df29b12f6418febdebc25166eca77f237d9505,e6f588b0ae72111b949c760aad9ee2e1a7031557fc3489d6075d9127d4153dcf,train,false,D00,,a Czech road surface with longitudinal crack damage,202600253,512,512,28,4.5,FlowMatchEulerDiscreteScheduler,sd3base_0253_formal_train_0664.png,sd3rgda_0253_formal_train_0664.png,dca7d04a8b90b317724bd3572b21b91304f9c98fa36014208cc695df34489bc2
254,formal_train_0666,,,c0cf86a1a896b2d72308cc6695665c94611929c1af6a3516fbf0c58baf4eaef3,ad4e86a89e4bf415380928787cb87d56a5458b6a4f82fbdaaf970213fbaba46f,train,false,D20,,a Czech road surface with alligator crack damage,202600254,512,512,28,4.5,FlowMatchEulerDiscreteScheduler,sd3base_0254_formal_train_0666.png,sd3rgda_0254_formal_train_0666.png,dca7d04a8b90b317724bd3572b21b91304f9c98fa36014208cc695df34489bc2
255,formal_train_0670,,,d82ca014b181f7c8a42d602c4e7fed1ef56dcc5a92cfd61a293f81d5a05eecd3,f53cbfa7bf43fc7fb8c7d689c02a11f8e73b1de3d95a0a7ac348282205eef438,train,false,D10,,a Czech road surface with transverse crack damage,202600255,512,512,28,4.5,FlowMatchEulerDiscreteScheduler,sd3base_0255_formal_train_0670.png,sd3rgda_0255_formal_train_0670.png,dca7d04a8b90b317724bd3572b21b91304f9c98fa36014208cc695df34489bc2
256,formal_train_0672,,,67ecd086eddf77a53f56a4749f4fb8d56ceda284e60ff1df916cd8882208bbb5,dc064321c3b557d38681af4060d57f71eaf5533ca193a9e3b38f99e2d939e96e,train,false,D00,,a Czech road surface with longitudinal crack damage,202600256,512,512,28,4.5,FlowMatchEulerDiscreteScheduler,sd3base_0256_formal_train_0672.png,sd3rgda_0256_formal_train_0672.png,dca7d04a8b90b317724bd3572b21b91304f9c98fa36014208cc695df34489bc2
257,formal_train_0676,,,c8f2eac0bd11217f8719323b3052cbdd82d5a403499935b619ebeea3f04de1d5,2959c61899c3879b20d66d9449ae1686eaaa96399cdabfd5c6ec1c3cebd5f81d,train,false,D00,,a Czech road surface with longitudinal crack damage,202600257,512,512,28,4.5,FlowMatchEulerDiscreteScheduler,sd3base_0257_formal_train_0676.png,sd3rgda_0257_formal_train_0676.png,dca7d04a8b90b317724bd3572b21b91304f9c98fa36014208cc695df34489bc2
258,formal_train_0679,,,ea17d258a124ae8084c28dc69c9ee6d28a6e4865634bb03f9c0cc42b1b23c371,0a8211cd3654485c507df1808e50f3ba6dd41b57e095ffce79765ee897e3b753,train,false,D00,,a Czech road surface with longitudinal crack damage,202600258,512,512,28,4.5,FlowMatchEulerDiscreteScheduler,sd3base_0258_formal_train_0679.png,sd3rgda_0258_formal_train_0679.png,dca7d04a8b90b317724bd3572b21b91304f9c98fa36014208cc695df34489bc2
259,formal_train_0680,,,93666e305d4cfd20e6567541aa6f1ca5922b05d3b37a8c652cfb3d94434ec120,3494e3475ad8a24a717aa769cd97c60204a01e91e7106db9f140912619167f86,train,false,D20,,a Czech road surface with alligator crack damage,202600259,512,512,28,4.5,FlowMatchEulerDiscreteScheduler,sd3base_0259_formal_train_0680.png,sd3rgda_0259_formal_train_0680.png,dca7d04a8b90b317724bd3572b21b91304f9c98fa36014208cc695df34489bc2
260,formal_train_0683,,,1292246bd2435d11239c4a90febb3479dbb134f3a2ca35c4bc61cb21a6cee2d9,7a93b7730d93a2f4db5e0224240ed311758944dfc5f2b13e5e31df267b241f51,train,false,D00,,a Czech road surface with longitudinal crack damage,202600260,512,512,28,4.5,FlowMatchEulerDiscreteScheduler,sd3base_0260_formal_train_0683.png,sd3rgda_0260_formal_train_0683.png,dca7d04a8b90b317724bd3572b21b91304f9c98fa36014208cc695df34489bc2
261,formal_train_0689,,,80201c9761e4c2823d6d6c83def6f49c9d94e0866da19bbf612adfd5a2b16906,246ea4b3fa4340bbc3fc813a9affd17a0db1b7ee80b822f752bbc83c7f316139,train,false,D00,,a Czech road surface with longitudinal crack damage,202600261,512,512,28,4.5,FlowMatchEulerDiscreteScheduler,sd3base_0261_formal_train_0689.png,sd3rgda_0261_formal_train_0689.png,dca7d04a8b90b317724bd3572b21b91304f9c98fa36014208cc695df34489bc2
262,formal_train_0690,,,21252749a05aaeac7ae0c4ed864b8a7b7d1822811f85ede0667cbca61b633986,c42b13422706391393923537e16d35eed2224b5d8651ae16f2e48bc14dc0b578,train,false,D00,,a Czech road surface with longitudinal crack damage,202600262,512,512,28,4.5,FlowMatchEulerDiscreteScheduler,sd3base_0262_formal_train_0690.png,sd3rgda_0262_formal_train_0690.png,dca7d04a8b90b317724bd3572b21b91304f9c98fa36014208cc695df34489bc2
263,formal_train_0691,,,5b5d5e7ae44983ed2d02b5f2d9bf2098c6f6a425fd3ef4b20ebf03979bf80120,4a9e907c206cb10dbf55614cbe5df73e3c417fa00c181b47c9e55e176c719402,train,false,D00,,a Czech road surface with longitudinal crack and transverse crack damage,202600263,512,512,28,4.5,FlowMatchEulerDiscreteScheduler,sd3base_0263_formal_train_0691.png,sd3rgda_0263_formal_train_0691.png,dca7d04a8b90b317724bd3572b21b91304f9c98fa36014208cc695df34489bc2
264,formal_train_0694,,,a1d4c776a6a13d7171dda7a8df19c985947eb0c26c7dc73a276adbb156b6761c,0d9bf87ede78de1fdb005a82a6cd32c1be42a3056e642682540f1db0307e2991,train,false,D00,,a Czech road surface with longitudinal crack and transverse crack damage,202600264,512,512,28,4.5,FlowMatchEulerDiscreteScheduler,sd3base_0264_formal_train_0694.png,sd3rgda_0264_formal_train_0694.png,dca7d04a8b90b317724bd3572b21b91304f9c98fa36014208cc695df34489bc2
265,formal_train_0695,,,2741605275d19af53451660e864f1abd044e2bd9055458a276ca68d190de7bff,ba608e6988527fc46f1d769962c8a9aae36aeb83bb55640f16793d7c01c6e79c,train,false,D00,,a Czech road surface with longitudinal crack and transverse crack and alligator crack damage,202600265,512,512,28,4.5,FlowMatchEulerDiscreteScheduler,sd3base_0265_formal_train_0695.png,sd3rgda_0265_formal_train_0695.png,dca7d04a8b90b317724bd3572b21b91304f9c98fa36014208cc695df34489bc2
266,formal_train_0697,,,22478bd1702620a1eff4059aba6b1362134e3f65a79d35e55480b0660fc62d2b,cc11086be6874e5ac25ab43200690ad3d659fdeb66fab528796ce9ad80875f81,train,false,D10,,a Czech road surface with transverse crack damage,202600266,512,512,28,4.5,FlowMatchEulerDiscreteScheduler,sd3base_0266_formal_train_0697.png,sd3rgda_0266_formal_train_0697.png,dca7d04a8b90b317724bd3572b21b91304f9c98fa36014208cc695df34489bc2
267,formal_train_0699,,,47c17afe30b885026d38ff759a3e280826b9017a69caa4a3d9d656065a8d4bec,c487514a8cf24c8357b98149ddbe878cf2393c3f9e69b44aa124e7ac6c6984ae,train,false,D00,,a Czech road surface with longitudinal crack damage,202600267,512,512,28,4.5,FlowMatchEulerDiscreteScheduler,sd3base_0267_formal_train_0699.png,sd3rgda_0267_formal_train_0699.png,dca7d04a8b90b317724bd3572b21b91304f9c98fa36014208cc695df34489bc2
268,formal_train_0702,,,5cfa767ce6b789c136607b45b084ec03b4ea2dd1772fda4618b7aa54d35b3e42,367d2e104ece37c4366227adf82d8756e8a627b402867567282741b2645903bb,train,false,D00,,a Czech road surface with longitudinal crack damage,202600268,512,512,28,4.5,FlowMatchEulerDiscreteScheduler,sd3base_0268_formal_train_0702.png,sd3rgda_0268_formal_train_0702.png,dca7d04a8b90b317724bd3572b21b91304f9c98fa36014208cc695df34489bc2
269,formal_train_0703,,,e13ba0441858e4baea25623a48e6ee8cdfe3086882ee86993ab9371134a847d2,6b9601f7ff6c5d6e50f06e68618709a2a329c8ca90c42c3bb89ad932e02f0a44,train,false,D00,,a Czech road surface with longitudinal crack damage,202600269,512,512,28,4.5,FlowMatchEulerDiscreteScheduler,sd3base_0269_formal_train_0703.png,sd3rgda_0269_formal_train_0703.png,dca7d04a8b90b317724bd3572b21b91304f9c98fa36014208cc695df34489bc2
270,formal_train_0705,,,7d49df65af12b0ab2fca700e3f92ccd21a462e9a67cb2440d4be1423c0286f06,896a3d7afd9ae586920b7d25273b52fc563853d80fdffd69d769541b1bf53d62,train,false,D20,,a Czech road surface with alligator crack and pothole damage,202600270,512,512,28,4.5,FlowMatchEulerDiscreteScheduler,sd3base_0270_formal_train_0705.png,sd3rgda_0270_formal_train_0705.png,dca7d04a8b90b317724bd3572b21b91304f9c98fa36014208cc695df34489bc2
271,formal_train_0706,,,50ecf0e3777ec231195f413064df9255f6fbabba0acf1d2035165b03edda1b7d,8d761cf9e7b7de26a23324b9bc41a2527ac4feb695e6a80c777c908ba054a376,train,false,D00,,a Czech road surface with longitudinal crack damage,202600271,512,512,28,4.5,FlowMatchEulerDiscreteScheduler,sd3base_0271_formal_train_0706.png,sd3rgda_0271_formal_train_0706.png,dca7d04a8b90b317724bd3572b21b91304f9c98fa36014208cc695df34489bc2
272,formal_train_0707,,,890fed9e5e9d8784ee5e2344217beb75253dbaabd8f5aa2ac52346ea41f52b37,e661e62e9814dda9b5d6021ac75046957fef20749eae14db525f0487142c722d,train,false,D00,,a Czech road surface with longitudinal crack damage,202600272,512,512,28,4.5,FlowMatchEulerDiscreteScheduler,sd3base_0272_formal_train_0707.png,sd3rgda_0272_formal_train_0707.png,dca7d04a8b90b317724bd3572b21b91304f9c98fa36014208cc695df34489bc2
273,formal_train_0708,,,c1e65244a3265a56382dedb8374008d469692c45910d4288b03d9325f319200a,7343007d8bd167f7bf5085dad99c9c513e409c7850c70068ee4c3136ee719a2e,train,false,D00,,a Czech road surface with longitudinal crack damage,202600273,512,512,28,4.5,FlowMatchEulerDiscreteScheduler,sd3base_0273_formal_train_0708.png,sd3rgda_0273_formal_train_0708.png,dca7d04a8b90b317724bd3572b21b91304f9c98fa36014208cc695df34489bc2
274,formal_train_0711,,,0334c8305b35d19dc6fa733aaf8d912ef91c766a26694dc0a66722352d7801fe,f5424aa895fab46174c9abfe761ff4b6a6a718a7a7a41d463b83cba583e004aa,train,false,D20,,a Czech road surface with alligator crack damage,202600274,512,512,28,4.5,FlowMatchEulerDiscreteScheduler,sd3base_0274_formal_train_0711.png,sd3rgda_0274_formal_train_0711.png,dca7d04a8b90b317724bd3572b21b91304f9c98fa36014208cc695df34489bc2
275,formal_train_0713,,,b1bf961c3a6a5e7347756c448e202c3b3505792d0327fca196c12fe08140fa31,9675da0ebed90241912c267f9fbec0a4bb6b07050bfc32db7425024ca5b6ee09,train,false,D00,,a Czech road surface with longitudinal crack damage,202600275,512,512,28,4.5,FlowMatchEulerDiscreteScheduler,sd3base_0275_formal_train_0713.png,sd3rgda_0275_formal_train_0713.png,dca7d04a8b90b317724bd3572b21b91304f9c98fa36014208cc695df34489bc2
276,formal_train_0717,,,ca133ba1b624d8d42a1b655e95553e9bdf95ed388bd024081da47cddcb427edf,f4f170e7af692b64906c5579af4774859a118c298bdeeb81a149e0f62cb69b60,train,false,D20,,a Czech road surface with alligator crack and pothole damage,202600276,512,512,28,4.5,FlowMatchEulerDiscreteScheduler,sd3base_0276_formal_train_0717.png,sd3rgda_0276_formal_train_0717.png,dca7d04a8b90b317724bd3572b21b91304f9c98fa36014208cc695df34489bc2
277,formal_train_0718,,,c756995ea74523ed5df10bdec4e041fa60767889c9f97e4779d2b5287d735463,090fbc9440fa75584e9b6748e763105e85e5d7eeb0c01e7fce2ce8372554bc0c,train,false,D20,,a Czech road surface with alligator crack and pothole damage,202600277,512,512,28,4.5,FlowMatchEulerDiscreteScheduler,sd3base_0277_formal_train_0718.png,sd3rgda_0277_formal_train_0718.png,dca7d04a8b90b317724bd3572b21b91304f9c98fa36014208cc695df34489bc2
278,formal_train_0722,,,0d010f206c127cb3798d204b29e99af3dca739c654cfac720946ad86b6442a40,756d6c572225d0f2d1c7dc7dc9afe3a1029115d4cf82b2deb8baa3b2141da249,train,false,D00,,a Czech road surface with longitudinal crack and pothole damage,202600278,512,512,28,4.5,FlowMatchEulerDiscreteScheduler,sd3base_0278_formal_train_0722.png,sd3rgda_0278_formal_train_0722.png,dca7d04a8b90b317724bd3572b21b91304f9c98fa36014208cc695df34489bc2
279,formal_train_0724,,,f8b7dfc6d542c566c159114d1c1c1cd0be82ffae738a2ba3a5624bc37ed41434,7a08cd56d42acbbb6503442a19dfb55c97fa2c7afad866b8f2dfc4ba6334b9b1,train,false,D00,,a Czech road surface with longitudinal crack and transverse crack damage,202600279,512,512,28,4.5,FlowMatchEulerDiscreteScheduler,sd3base_0279_formal_train_0724.png,sd3rgda_0279_formal_train_0724.png,dca7d04a8b90b317724bd3572b21b91304f9c98fa36014208cc695df34489bc2
280,formal_train_0728,,,b0748c18856652330972a1a2f45eeded013edcf34e3226f9a1174dda8b532e6f,342eaecbb867259963b4f4be6af57c5c00333371b44aa505bae564a6552a05e1,train,false,D00,,a Czech road surface with longitudinal crack and transverse crack damage,202600280,512,512,28,4.5,FlowMatchEulerDiscreteScheduler,sd3base_0280_formal_train_0728.png,sd3rgda_0280_formal_train_0728.png,dca7d04a8b90b317724bd3572b21b91304f9c98fa36014208cc695df34489bc2
281,formal_train_0730,,,ff4a438d8f47294fe17d072a71b4c2109c020d9c21edc8a46bad0a4ab86377a5,710aca28bc9914a81d5021e24d9fc9dd230f946e05d6a45222c74dce5d17c7d4,train,false,D10,,a Czech road surface with transverse crack damage,202600281,512,512,28,4.5,FlowMatchEulerDiscreteScheduler,sd3base_0281_formal_train_0730.png,sd3rgda_0281_formal_train_0730.png,dca7d04a8b90b317724bd3572b21b91304f9c98fa36014208cc695df34489bc2
282,formal_train_0731,,,e9a7ae7bf7791eb67163acd9bb4b5047e29a6ce7aef9537cc6d1643817c118fb,be2f3dddea708c4b8c5c572db7dc9d1eca1d0898936173e30e69ad778b24ac16,train,false,D00,,a Czech road surface with longitudinal crack damage,202600282,512,512,28,4.5,FlowMatchEulerDiscreteScheduler,sd3base_0282_formal_train_0731.png,sd3rgda_0282_formal_train_0731.png,dca7d04a8b90b317724bd3572b21b91304f9c98fa36014208cc695df34489bc2
283,formal_train_0732,,,6e6d1ad4c1ff2e9b0ea65617c9c4b3055a8ce0ab6ce9c19dea3708cddfa3acbe,d4875276b8c32dbf163a547883d3ce68296d5adc18469c08d6369dcc862e92d3,train,false,D20,,a Czech road surface with alligator crack damage,202600283,512,512,28,4.5,FlowMatchEulerDiscreteScheduler,sd3base_0283_formal_train_0732.png,sd3rgda_0283_formal_train_0732.png,dca7d04a8b90b317724bd3572b21b91304f9c98fa36014208cc695df34489bc2
284,formal_train_0738,,,d4a4313d1d4e8b4d764f07702f89c4ff6482fd4cb304877fe8380f20d3ad19e2,caf42e8b009043aad9aabdc50182c97f96202832e78e9230d0bbbead69544660,train,false,D00,,a Czech road surface with longitudinal crack damage,202600284,512,512,28,4.5,FlowMatchEulerDiscreteScheduler,sd3base_0284_formal_train_0738.png,sd3rgda_0284_formal_train_0738.png,dca7d04a8b90b317724bd3572b21b91304f9c98fa36014208cc695df34489bc2
285,formal_train_0740,,,37c4e3aeeed0519658b2532d449245202cb06a6e10ecdea5dcbcb36b7e3d3fcb,6873af72dd68d36d98b85b250e2a737f12d91638a130efecb5724e0d10874887,train,false,D00,,a Czech road surface with longitudinal crack damage,202600285,512,512,28,4.5,FlowMatchEulerDiscreteScheduler,sd3base_0285_formal_train_0740.png,sd3rgda_0285_formal_train_0740.png,dca7d04a8b90b317724bd3572b21b91304f9c98fa36014208cc695df34489bc2
286,formal_train_0743,,,0bcd19fdc6e27a8a4ca2ccf9929b1196256c3bd099ace206ae7e2dbf1ea9e936,ccb8e38200c579d6f33fb6c02ceac75b6b4a70e54a58bd20e65a3c701ddbef73,train,false,D00,,a Czech road surface with longitudinal crack damage,202600286,512,512,28,4.5,FlowMatchEulerDiscreteScheduler,sd3base_0286_formal_train_0743.png,sd3rgda_0286_formal_train_0743.png,dca7d04a8b90b317724bd3572b21b91304f9c98fa36014208cc695df34489bc2
287,formal_train_0747,,,1933e0daf4b3105d382da34847bf44304a5040c08f456df39a8cd3d70a3f378f,6443e95166b61f34e62281da4f37c0ddab52f8441f9e078af40a457b67ef100d,train,false,D00,,a Czech road surface with longitudinal crack damage,202600287,512,512,28,4.5,FlowMatchEulerDiscreteScheduler,sd3base_0287_formal_train_0747.png,sd3rgda_0287_formal_train_0747.png,dca7d04a8b90b317724bd3572b21b91304f9c98fa36014208cc695df34489bc2
288,formal_train_0749,,,1b511f81e58db732215346596feea04fe7582563ad234cca827f6143fa6b7361,292a3eac191e566380758b1d1a151aa921b91cbf183a96076d6f534fc6963aaf,train,false,D00,,a Czech road surface with longitudinal crack damage,202600288,512,512,28,4.5,FlowMatchEulerDiscreteScheduler,sd3base_0288_formal_train_0749.png,sd3rgda_0288_formal_train_0749.png,dca7d04a8b90b317724bd3572b21b91304f9c98fa36014208cc695df34489bc2
289,formal_train_0750,,,3e099a003030bf0bcc114219c0494017a44c7bf5c05c105a5487ad4fca1ae666,c6e2584af7c85a26730feb08f0d7e382080ebcf6d6c65aedc00b7833434cd7bb,train,false,D00,,a Czech road surface with longitudinal crack damage,202600289,512,512,28,4.5,FlowMatchEulerDiscreteScheduler,sd3base_0289_formal_train_0750.png,sd3rgda_0289_formal_train_0750.png,dca7d04a8b90b317724bd3572b21b91304f9c98fa36014208cc695df34489bc2
290,formal_train_0753,,,bc2a3f9f8ab153ddbf035b71bd214b8c37a5ab85ec43c556f1c0effe710ebee0,b53c1cfd01961ae2bd899e21410139a913d0149e238121765de499f442c6717e,train,false,D00,,a Czech road surface with longitudinal crack damage,202600290,512,512,28,4.5,FlowMatchEulerDiscreteScheduler,sd3base_0290_formal_train_0753.png,sd3rgda_0290_formal_train_0753.png,dca7d04a8b90b317724bd3572b21b91304f9c98fa36014208cc695df34489bc2
291,formal_train_0754,,,12083afc3abc4334e0730a535021f5ef5f96b53dda88b527a0cb8b3cf0b16d74,ae68ad13036f3de456784f1d2c57366708507d43ab07203145a1b7b6be8da960,train,false,D00,,a Czech road surface with longitudinal crack damage,202600291,512,512,28,4.5,FlowMatchEulerDiscreteScheduler,sd3base_0291_formal_train_0754.png,sd3rgda_0291_formal_train_0754.png,dca7d04a8b90b317724bd3572b21b91304f9c98fa36014208cc695df34489bc2
292,formal_train_0758,,,72c3847800908ff79b74b04844a01e031e33adba4525836555748a5cd86f425d,02ad20f92e7c9d32b77bf8f5d03cf4d38cfdff27dbcdc3ed64bfd66367879d86,train,false,D10,,a Czech road surface with transverse crack damage,202600292,512,512,28,4.5,FlowMatchEulerDiscreteScheduler,sd3base_0292_formal_train_0758.png,sd3rgda_0292_formal_train_0758.png,dca7d04a8b90b317724bd3572b21b91304f9c98fa36014208cc695df34489bc2
293,formal_train_0759,,,24305703fc1d294a9dcea3b733a66470b0bd51783b5cb9fd82771521ea4b70b5,e20221e36ca576cbe52d1c166370e87e829572fa519fb046046f866b869ff93a,train,false,D00,,a Czech road surface with longitudinal crack and transverse crack damage,202600293,512,512,28,4.5,FlowMatchEulerDiscreteScheduler,sd3base_0293_formal_train_0759.png,sd3rgda_0293_formal_train_0759.png,dca7d04a8b90b317724bd3572b21b91304f9c98fa36014208cc695df34489bc2
294,formal_train_0762,,,53c1c7b42eeb337c696c930d7165c061eea12fd58ef5f36b959d908db674dcb9,44385d7f98d8efd0a0184c0f763b0571ff0b25b43a81ee4b1eede95be7558b52,train,false,D10,,a Czech road surface with transverse crack and pothole damage,202600294,512,512,28,4.5,FlowMatchEulerDiscreteScheduler,sd3base_0294_formal_train_0762.png,sd3rgda_0294_formal_train_0762.png,dca7d04a8b90b317724bd3572b21b91304f9c98fa36014208cc695df34489bc2
295,formal_train_0763,,,316c0dc96d748fce1581f4e69e1770ebb7fd4d851065e27cb2dd21bd92904ff5,4271d177643724af0fdbb3d6ccc8c0c1180f73cecea806ddbb8583e93c5489bb,train,false,D00,,a Czech road surface with longitudinal crack damage,202600295,512,512,28,4.5,FlowMatchEulerDiscreteScheduler,sd3base_0295_formal_train_0763.png,sd3rgda_0295_formal_train_0763.png,dca7d04a8b90b317724bd3572b21b91304f9c98fa36014208cc695df34489bc2
296,formal_train_0764,,,6c6dcabd9cddec93423376b547f689403a074b07d723a634cc8db6547956ba35,cbb350563eef6badc7c82aa2ad8f349ad1a2a6133ebfb2c7361563e91d6714e4,train,false,D00,,a Czech road surface with longitudinal crack damage,202600296,512,512,28,4.5,FlowMatchEulerDiscreteScheduler,sd3base_0296_formal_train_0764.png,sd3rgda_0296_formal_train_0764.png,dca7d04a8b90b317724bd3572b21b91304f9c98fa36014208cc695df34489bc2
297,formal_train_0766,,,e624ab693e930ce40cd9d93027f19ec3fb57674a766c9b0df0faf590656aa782,da407a10275a370e6de2510ae653fbc1a292e110a8e9866fbb126a467dec4a9f,train,false,D00,,a Czech road surface with longitudinal crack damage,202600297,512,512,28,4.5,FlowMatchEulerDiscreteScheduler,sd3base_0297_formal_train_0766.png,sd3rgda_0297_formal_train_0766.png,dca7d04a8b90b317724bd3572b21b91304f9c98fa36014208cc695df34489bc2
298,formal_train_0775,,,6120eff7afd6e9a3df844b5a133809a9148cdbb1ecfd9a0234cad2e59603e080,1aa7d43c17809bc91862bdfa5c7864b337311508614f29eaffbeabfee1c34cf6,train,false,D20,,a Czech road surface with alligator crack damage,202600298,512,512,28,4.5,FlowMatchEulerDiscreteScheduler,sd3base_0298_formal_train_0775.png,sd3rgda_0298_formal_train_0775.png,dca7d04a8b90b317724bd3572b21b91304f9c98fa36014208cc695df34489bc2
299,formal_train_0778,,,506abf215e3bc1bf0188032c4eebe22f4b5c166b11e0ad2895cfbcb1f6579158,f3cd13852b33b57c33a0af96c6eaab45ed427ff4dd06cc3a43634254ad53e568,train,false,D10,,a Czech road surface with transverse crack and alligator crack damage,202600299,512,512,28,4.5,FlowMatchEulerDiscreteScheduler,sd3base_0299_formal_train_0778.png,sd3rgda_0299_formal_train_0778.png,dca7d04a8b90b317724bd3572b21b91304f9c98fa36014208cc695df34489bc2
300,formal_train_0781,,,6863a70e3997426f73fc9e927dfa7b73fcd9db55c71ae69b40f1e389fc43752b,253dd8e5c3b4bd083b262317e715297a58e52cac0ae352df21ebffdc2ca40a3b,train,false,D00,,a Czech road surface with longitudinal crack and pothole damage,202600300,512,512,28,4.5,FlowMatchEulerDiscreteScheduler,sd3base_0300_formal_train_0781.png,sd3rgda_0300_formal_train_0781.png,dca7d04a8b90b317724bd3572b21b91304f9c98fa36014208cc695df34489bc2
301,formal_train_0785,,,404c9e1e7baee5d858add2bb30758731c8703c0fcfa52862f07865f3e719d604,453528de1324670d2b0a29d70a82a666702d6521c222681a8c3316900d7f7dc3,train,false,D20,,a Czech road surface with alligator crack damage,202600301,512,512,28,4.5,FlowMatchEulerDiscreteScheduler,sd3base_0301_formal_train_0785.png,sd3rgda_0301_formal_train_0785.png,dca7d04a8b90b317724bd3572b21b91304f9c98fa36014208cc695df34489bc2
302,formal_train_0786,,,98e4118ca05d8cdd6fab8364d8dd9115eff5229bfeb8ba6054fc672ef0e95b27,a4af27d0313d811668ff030717b7d315eac894c06fd28f979c767fb94c235405,train,false,D00,,a Czech road surface with longitudinal crack damage,202600302,512,512,28,4.5,FlowMatchEulerDiscreteScheduler,sd3base_0302_formal_train_0786.png,sd3rgda_0302_formal_train_0786.png,dca7d04a8b90b317724bd3572b21b91304f9c98fa36014208cc695df34489bc2
303,formal_train_0788,,,2a13f7e816ae2c6176f7de498442e20be4001e12b567431f372e0a512e237fff,d2ad73a5f33d59d23bcc5839658e30968e7cafc482bde27e46638aeb2cd9e10f,train,false,D00,,a Czech road surface with longitudinal crack damage,202600303,512,512,28,4.5,FlowMatchEulerDiscreteScheduler,sd3base_0303_formal_train_0788.png,sd3rgda_0303_formal_train_0788.png,dca7d04a8b90b317724bd3572b21b91304f9c98fa36014208cc695df34489bc2
304,formal_train_0789,,,589cd6d7eb8810e9c1f9bd7f954fb759dccb057579d6813834584d5398124c04,4ceeda0a7b2cc318ff1224fe25f48c84d95fabb710a47a94e1965bcf0f075103,train,false,D00,,a Czech road surface with longitudinal crack damage,202600304,512,512,28,4.5,FlowMatchEulerDiscreteScheduler,sd3base_0304_formal_train_0789.png,sd3rgda_0304_formal_train_0789.png,dca7d04a8b90b317724bd3572b21b91304f9c98fa36014208cc695df34489bc2
305,formal_train_0794,,,9b69cf2b88336f8a18802ad96639fe6f6fdcb720a2076cb3b32960dc484f6add,86b5ea0330bd039ca30639256ede8d7f674a40c6a10bc1c6c30f526fb759ec6d,train,false,D00,,a Czech road surface with longitudinal crack and transverse crack damage,202600305,512,512,28,4.5,FlowMatchEulerDiscreteScheduler,sd3base_0305_formal_train_0794.png,sd3rgda_0305_formal_train_0794.png,dca7d04a8b90b317724bd3572b21b91304f9c98fa36014208cc695df34489bc2
306,formal_train_0795,,,df4cf1775e922e46801133e239cf6d3559a44284e9c1a53d44cbd9c957a46b41,d80fe4ca67e9430b335634f73504d580043b8672387db0906048f82a708aca2a,train,false,D00,,a Czech road surface with longitudinal crack damage,202600306,512,512,28,4.5,FlowMatchEulerDiscreteScheduler,sd3base_0306_formal_train_0795.png,sd3rgda_0306_formal_train_0795.png,dca7d04a8b90b317724bd3572b21b91304f9c98fa36014208cc695df34489bc2
307,formal_train_0796,,,0b225cd2177671b97cf009c2236edf1ec7cf4882190e571fe5ea53940b00daf0,fbe6f5577fc0568c2b157ba2884638c4ecc0956f8f2fc8c7b9999ab1806c791a,train,false,D20,,a Czech road surface with alligator crack damage,202600307,512,512,28,4.5,FlowMatchEulerDiscreteScheduler,sd3base_0307_formal_train_0796.png,sd3rgda_0307_formal_train_0796.png,dca7d04a8b90b317724bd3572b21b91304f9c98fa36014208cc695df34489bc2
308,formal_train_0798,,,18a9820ecde4d64508af501c70d663b101dbf471adaf444cff1ffd9c003b35eb,b49d15c1646ac8d4f500b05417b934ea09d52abe2a896ecedd3a1fa906402caa,train,false,D00,,a Czech road surface with longitudinal crack damage,202600308,512,512,28,4.5,FlowMatchEulerDiscreteScheduler,sd3base_0308_formal_train_0798.png,sd3rgda_0308_formal_train_0798.png,dca7d04a8b90b317724bd3572b21b91304f9c98fa36014208cc695df34489bc2
309,formal_train_0802,,,14f65d5ebe56facc6aebe11e722fa86505e97bdbcd40bac0319eaa63e45bd486,0921ea0acf745468d0a4202d23e48ab5834eb958e103f182760371358ba2e645,train,false,D00,,a Czech road surface with longitudinal crack damage,202600309,512,512,28,4.5,FlowMatchEulerDiscreteScheduler,sd3base_0309_formal_train_0802.png,sd3rgda_0309_formal_train_0802.png,dca7d04a8b90b317724bd3572b21b91304f9c98fa36014208cc695df34489bc2
310,formal_train_0804,,,356e38d6686f74975256857814780feb9df93b95123044c156b960ada609c33a,9db91bdda90720579f970908a63380ed818f70f56d8c8fad354c90c847e6d16a,train,false,D00,,a Czech road surface with longitudinal crack damage,202600310,512,512,28,4.5,FlowMatchEulerDiscreteScheduler,sd3base_0310_formal_train_0804.png,sd3rgda_0310_formal_train_0804.png,dca7d04a8b90b317724bd3572b21b91304f9c98fa36014208cc695df34489bc2
311,formal_train_0805,,,bb0bbd737a8510317e0d06c885cc54687f9e7d4955b38988d15183839fd190a3,24fcab5d9dd3354d9aa6c607dcfaef047754a8b2aa4e176ef529dcc6e35dcb1b,train,false,D00,,a Czech road surface with longitudinal crack damage,202600311,512,512,28,4.5,FlowMatchEulerDiscreteScheduler,sd3base_0311_formal_train_0805.png,sd3rgda_0311_formal_train_0805.png,dca7d04a8b90b317724bd3572b21b91304f9c98fa36014208cc695df34489bc2
312,formal_train_0809,,,1eb64b60f106e730f55fe0014c0d0637d4dee958dd023b3358ddcbd58fa44c6f,b62228c5d8fd7d12cf0a6c681c389c6bc51fe11ff0e0c7475a1d69619797e83c,train,false,D00,,a Czech road surface with longitudinal crack and pothole damage,202600312,512,512,28,4.5,FlowMatchEulerDiscreteScheduler,sd3base_0312_formal_train_0809.png,sd3rgda_0312_formal_train_0809.png,dca7d04a8b90b317724bd3572b21b91304f9c98fa36014208cc695df34489bc2
313,formal_train_0811,,,c2aa699bd974e428d3930fe533bfe47489e42fc20d7688009a785001731571b0,6e6a5fc9aa52f0770d43b418e91a46e0f475cc63779a185be4ecdc1889f4b613,train,false,D10,,a Czech road surface with transverse crack damage,202600313,512,512,28,4.5,FlowMatchEulerDiscreteScheduler,sd3base_0313_formal_train_0811.png,sd3rgda_0313_formal_train_0811.png,dca7d04a8b90b317724bd3572b21b91304f9c98fa36014208cc695df34489bc2
314,formal_train_0812,,,f5acfe9795f31a85104b98fd7e926a80228f2545fe11c7bd54df4554b2ecad11,5b89f0d9ab0192b0618c7eef72a6625ab2f2ccf63f2749a238b87e695af2de23,train,false,D00,,a Czech road surface with longitudinal crack and transverse crack damage,202600314,512,512,28,4.5,FlowMatchEulerDiscreteScheduler,sd3base_0314_formal_train_0812.png,sd3rgda_0314_formal_train_0812.png,dca7d04a8b90b317724bd3572b21b91304f9c98fa36014208cc695df34489bc2
315,formal_train_0813,,,fb845a8972a927866bc43b93815bc6e0b52b3bcd96a90afdb80a4908ae42bb54,13a89e614fdb710a3d63b77155a3279c75c1512785118787b63f45252d2673c0,train,false,D00,,a Czech road surface with longitudinal crack and transverse crack damage,202600315,512,512,28,4.5,FlowMatchEulerDiscreteScheduler,sd3base_0315_formal_train_0813.png,sd3rgda_0315_formal_train_0813.png,dca7d04a8b90b317724bd3572b21b91304f9c98fa36014208cc695df34489bc2
316,formal_train_0817,,,e340920729487675ad3048bbc21215d0c85b032f8ba199a879e5fab4decffd9d,59bd1cb1619aab056728f2a649affdfbdd23447b2ca50809dc4575fa1d63711c,train,false,D10,,a Czech road surface with transverse crack damage,202600316,512,512,28,4.5,FlowMatchEulerDiscreteScheduler,sd3base_0316_formal_train_0817.png,sd3rgda_0316_formal_train_0817.png,dca7d04a8b90b317724bd3572b21b91304f9c98fa36014208cc695df34489bc2
317,formal_train_0818,,,5595a3af0e042a0a52b818bd09023fd8616ac085345082c16cb35d5c6dd2d01a,fe562f7546a3fd2f070ff507a1d8118dbd872214103e79e6ef7b23943b9c15a3,train,false,D00,,a Czech road surface with longitudinal crack damage,202600317,512,512,28,4.5,FlowMatchEulerDiscreteScheduler,sd3base_0317_formal_train_0818.png,sd3rgda_0317_formal_train_0818.png,dca7d04a8b90b317724bd3572b21b91304f9c98fa36014208cc695df34489bc2
318,formal_train_0819,,,2a8136994d37eb2aec3eb08e5da92995c1fcf501390f02e7f84d109220d546bc,bb2d8bf0dc20618c5eb16de6cc8ad8afc580b56d3b69ee714a554474e073c003,train,false,D00,,a Czech road surface with longitudinal crack damage,202600318,512,512,28,4.5,FlowMatchEulerDiscreteScheduler,sd3base_0318_formal_train_0819.png,sd3rgda_0318_formal_train_0819.png,dca7d04a8b90b317724bd3572b21b91304f9c98fa36014208cc695df34489bc2
319,formal_train_0820,,,d0a0472cb7b296297634bd79f2c5c42f53c5cde23075353be86c59d0164be13d,75b227030ae574b597a3edbf524e6fff57c09fa634a74c0ef8e92be2bdecf7b6,train,false,D00,,a Czech road surface with longitudinal crack and transverse crack damage,202600319,512,512,28,4.5,FlowMatchEulerDiscreteScheduler,sd3base_0319_formal_train_0820.png,sd3rgda_0319_formal_train_0820.png,dca7d04a8b90b317724bd3572b21b91304f9c98fa36014208cc695df34489bc2
320,formal_train_0822,,,6919480004de6e2d0b8112eed41075d0759ed136e204c9903c3ca64e1f785f9c,f8c126c0f0d8eb2fae8c7a5cac0cbd3bafa86e20746b26aed71d6e6f3ed0d9c6,train,false,D00,,a Czech road surface with longitudinal crack damage,202600320,512,512,28,4.5,FlowMatchEulerDiscreteScheduler,sd3base_0320_formal_train_0822.png,sd3rgda_0320_formal_train_0822.png,dca7d04a8b90b317724bd3572b21b91304f9c98fa36014208cc695df34489bc2
321,formal_train_0826,,,97b289ac78fd6395398d4bd407da2c67268ca37731865b1601eae95eaaf1ec41,5108e6602461c786811ded948647a083337f031ca443587a5ef8459c3b9046c1,train,false,D00,,a Czech road surface with longitudinal crack and transverse crack damage,202600321,512,512,28,4.5,FlowMatchEulerDiscreteScheduler,sd3base_0321_formal_train_0826.png,sd3rgda_0321_formal_train_0826.png,dca7d04a8b90b317724bd3572b21b91304f9c98fa36014208cc695df34489bc2
322,formal_train_0828,,,43b54d1a974ac95b680505f28276437f78fc48075af8d1229d01cb7c6bce29ce,756e14ccac9ca4048b19c9f69f1ecddce1ac4cadc7a0c4f7fcc551335f94966a,train,false,D10,,a Czech road surface with transverse crack damage,202600322,512,512,28,4.5,FlowMatchEulerDiscreteScheduler,sd3base_0322_formal_train_0828.png,sd3rgda_0322_formal_train_0828.png,dca7d04a8b90b317724bd3572b21b91304f9c98fa36014208cc695df34489bc2
323,formal_train_0834,,,fc83363294cc83dcbd91426db7a31fe2222a6001817c681bae66efd3ef076d5c,37dfcb9ad17cf899c96f57e223485df80ba6c992dad7048bb7457c6d43a9c6fc,train,false,D10,,a Czech road surface with transverse crack damage,202600323,512,512,28,4.5,FlowMatchEulerDiscreteScheduler,sd3base_0323_formal_train_0834.png,sd3rgda_0323_formal_train_0834.png,dca7d04a8b90b317724bd3572b21b91304f9c98fa36014208cc695df34489bc2
324,formal_train_0835,,,5538148b58b378bfc12eaa36f6d68e7ff7157c5296bcabba4fc70cb27e21f860,3ba39e89b9f387e177a276366c72cb5e8ff6cfc37d30dba4df40cb9771795abb,train,false,D10,,a Czech road surface with transverse crack damage,202600324,512,512,28,4.5,FlowMatchEulerDiscreteScheduler,sd3base_0324_formal_train_0835.png,sd3rgda_0324_formal_train_0835.png,dca7d04a8b90b317724bd3572b21b91304f9c98fa36014208cc695df34489bc2
325,formal_train_0837,,,1110fe38f57c6bfdbbeeb7fa4c3eb6a6399c0348c3520c22a8b92b732db9d62a,96437070147fb6a975cf4b75a5c0dbb12aafb60529e436dbeb2b01cf00d1de3f,train,false,D00,,a Czech road surface with longitudinal crack damage,202600325,512,512,28,4.5,FlowMatchEulerDiscreteScheduler,sd3base_0325_formal_train_0837.png,sd3rgda_0325_formal_train_0837.png,dca7d04a8b90b317724bd3572b21b91304f9c98fa36014208cc695df34489bc2
326,formal_train_0843,,,25efab49f6bcbf6a6c3de0d349a3123bedab74c3a2ee84466df29367257e36f5,bb5bdecfd8748757a93363e7b036df8f6ef64b10ac29ab8ea801a4f8e4af946e,train,false,D40,,a Czech road surface with pothole damage,202600326,512,512,28,4.5,FlowMatchEulerDiscreteScheduler,sd3base_0326_formal_train_0843.png,sd3rgda_0326_formal_train_0843.png,dca7d04a8b90b317724bd3572b21b91304f9c98fa36014208cc695df34489bc2
327,formal_train_0846,,,f85086b80a6f522ccfec1470a178380a5f307a7b5c9174e4edb0e43547282ba3,84ab27cfbf05e0ae38d952d905fa10a746c6a1e4e4a28ea6e40714235a46f106,train,false,D10,,a Czech road surface with transverse crack damage,202600327,512,512,28,4.5,FlowMatchEulerDiscreteScheduler,sd3base_0327_formal_train_0846.png,sd3rgda_0327_formal_train_0846.png,dca7d04a8b90b317724bd3572b21b91304f9c98fa36014208cc695df34489bc2
328,formal_train_0847,,,f4763b3d9d92687a72eb62fa9a81f5b87a59cce19a9e72e2d8fed6965757f35b,1004654c865576b4a62047b70c14a86cf2122d5018e83dfb05bee1596e561162,train,false,D00,,a Czech road surface with longitudinal crack damage,202600328,512,512,28,4.5,FlowMatchEulerDiscreteScheduler,sd3base_0328_formal_train_0847.png,sd3rgda_0328_formal_train_0847.png,dca7d04a8b90b317724bd3572b21b91304f9c98fa36014208cc695df34489bc2
329,formal_train_0850,,,37a880526e259c37adbc3967b100278945470c635abbc3cb20341e797a97272d,ad61db07ffc65423320213ce272765ca723b9c02ad536ee81e7570dbf0a6a147,train,false,D00,,a Czech road surface with longitudinal crack damage,202600329,512,512,28,4.5,FlowMatchEulerDiscreteScheduler,sd3base_0329_formal_train_0850.png,sd3rgda_0329_formal_train_0850.png,dca7d04a8b90b317724bd3572b21b91304f9c98fa36014208cc695df34489bc2
330,formal_train_0853,,,2688da73ddea53ae29532a7bc1c9de0eb275f263afb1693c4ff4d900b762dcd9,517ef214ea3ac1a706928781938ba0e1c9c1962448ed0c03b0cd6431df3ae820,train,false,D00,,a Czech road surface with longitudinal crack damage,202600330,512,512,28,4.5,FlowMatchEulerDiscreteScheduler,sd3base_0330_formal_train_0853.png,sd3rgda_0330_formal_train_0853.png,dca7d04a8b90b317724bd3572b21b91304f9c98fa36014208cc695df34489bc2
331,formal_train_0854,,,f0edec606361ff110d296689105a31db230d14ae69fba0af37e4dc79f6836d7e,c3127942a5fb47ff3290d1c19ca1aebd6ca649cd4ae4796d58efd628a3667e3e,train,false,D00,,a Czech road surface with longitudinal crack and transverse crack damage,202600331,512,512,28,4.5,FlowMatchEulerDiscreteScheduler,sd3base_0331_formal_train_0854.png,sd3rgda_0331_formal_train_0854.png,dca7d04a8b90b317724bd3572b21b91304f9c98fa36014208cc695df34489bc2
332,formal_train_0858,,,e42afde6329d1f7df74ff568b595f98843df112df17f9d3b579c52a81238b432,f14aaeaf3128f931f5ca76d1697a7ebfaf6cb8ddb623a1c9c5b1584ac085b81c,train,false,D00,,a Czech road surface with longitudinal crack and transverse crack damage,202600332,512,512,28,4.5,FlowMatchEulerDiscreteScheduler,sd3base_0332_formal_train_0858.png,sd3rgda_0332_formal_train_0858.png,dca7d04a8b90b317724bd3572b21b91304f9c98fa36014208cc695df34489bc2
333,formal_train_0863,,,8c6fa7cc082684b6b0dd89df46f268fa38feae1b243853844f30e5ff824e6969,39c20330f90779ef749b8896f495c1d68d0f274ac568ec5a5639f6ab9815edcf,train,false,D00,,a Czech road surface with longitudinal crack and transverse crack damage,202600333,512,512,28,4.5,FlowMatchEulerDiscreteScheduler,sd3base_0333_formal_train_0863.png,sd3rgda_0333_formal_train_0863.png,dca7d04a8b90b317724bd3572b21b91304f9c98fa36014208cc695df34489bc2
334,formal_train_0871,,,f2f21e4079dbb4e0c33cafeebd105516fa6f50f5b0d883dbc4dd052509448b08,6bd71c4741910073389b9af8c999e65b3303afdaaf863018f25a38eccf2afb9f,train,false,D00,,a Czech road surface with longitudinal crack damage,202600334,512,512,28,4.5,FlowMatchEulerDiscreteScheduler,sd3base_0334_formal_train_0871.png,sd3rgda_0334_formal_train_0871.png,dca7d04a8b90b317724bd3572b21b91304f9c98fa36014208cc695df34489bc2
335,formal_train_0876,,,fafc29fa6f3bb44f6016a780de767d6fb7124ed92b3d6c1243698c987ddd3fe0,b3d876f6c8b7484f21bd086ab0f824d1bd7ef49b47da0ce02a3fb4d0c2ec45d4,train,false,D00,,a Czech road surface with longitudinal crack and transverse crack damage,202600335,512,512,28,4.5,FlowMatchEulerDiscreteScheduler,sd3base_0335_formal_train_0876.png,sd3rgda_0335_formal_train_0876.png,dca7d04a8b90b317724bd3572b21b91304f9c98fa36014208cc695df34489bc2
336,formal_train_0877,,,ffcedd1d2aad57b7c3db9ef36dab32b8b94cd360ec249602244dd6dc310c4b71,9048023d228241a31d4a82dc2b833269fb6680aeda2c6cd410c46f7b86a364e7,train,false,D00,,a Czech road surface with longitudinal crack and alligator crack damage,202600336,512,512,28,4.5,FlowMatchEulerDiscreteScheduler,sd3base_0336_formal_train_0877.png,sd3rgda_0336_formal_train_0877.png,dca7d04a8b90b317724bd3572b21b91304f9c98fa36014208cc695df34489bc2
337,formal_train_0880,,,ce01614ddebe33e60050667521b4e538f13dec28c1d33fd3a5a6949b28e1ee36,c7288eb142fce9bf2213a656d0b35bb49fe1215a9be7d81e98c3b8a7b785ee36,train,false,D00,,a Czech road surface with longitudinal crack damage,202600337,512,512,28,4.5,FlowMatchEulerDiscreteScheduler,sd3base_0337_formal_train_0880.png,sd3rgda_0337_formal_train_0880.png,dca7d04a8b90b317724bd3572b21b91304f9c98fa36014208cc695df34489bc2
338,formal_train_0883,,,d340b1c9aa6028631204f0a60f441d773e9226cec2656755e54051e9552152d6,5c58983ed82924feaa901124224c1d4aebeb0087477f4bf208edfeafe1914b44,train,false,D00,,a Czech road surface with longitudinal crack damage,202600338,512,512,28,4.5,FlowMatchEulerDiscreteScheduler,sd3base_0338_formal_train_0883.png,sd3rgda_0338_formal_train_0883.png,dca7d04a8b90b317724bd3572b21b91304f9c98fa36014208cc695df34489bc2
339,formal_train_0884,,,46d43d088aac1cc174c21e00d22fbed954307a9c771e267e4a551e3ac89e26c9,62b7b1f9c25e1f696978b30937b2968c13d03e25bfcb310e52a040a4d1a0adf1,train,false,D00,,a Czech road surface with longitudinal crack and transverse crack damage,202600339,512,512,28,4.5,FlowMatchEulerDiscreteScheduler,sd3base_0339_formal_train_0884.png,sd3rgda_0339_formal_train_0884.png,dca7d04a8b90b317724bd3572b21b91304f9c98fa36014208cc695df34489bc2
340,formal_train_0886,,,91ef536782d2c46821110b9c023187705ef033b24d804c023d97fdab95acfa83,4020bba20fbba09f642dddad3453acfd2a528e6d26ded93523f332e73337bb9b,train,false,D00,,a Czech road surface with longitudinal crack and transverse crack damage,202600340,512,512,28,4.5,FlowMatchEulerDiscreteScheduler,sd3base_0340_formal_train_0886.png,sd3rgda_0340_formal_train_0886.png,dca7d04a8b90b317724bd3572b21b91304f9c98fa36014208cc695df34489bc2
341,formal_train_0888,,,4962f6925e46dad2e3e17baf888b1b9dc4ff7621fe081fc92d96dd0c456a840d,5acdf9d3fdaa1d725733ef42137ec9435e8f707474ac756b86ca67b284a25c5b,train,false,D00,,a Czech road surface with longitudinal crack and alligator crack damage,202600341,512,512,28,4.5,FlowMatchEulerDiscreteScheduler,sd3base_0341_formal_train_0888.png,sd3rgda_0341_formal_train_0888.png,dca7d04a8b90b317724bd3572b21b91304f9c98fa36014208cc695df34489bc2
342,formal_train_0892,,,3256b910025a7b628cb57020d963b31bd7f150a0b43d9b0890337bc504374532,595376319b4eee27a506ed0a8f4d7cb067564f56f59f6d9fa4e3dcb98b991844,train,false,D00,,a Czech road surface with longitudinal crack damage,202600342,512,512,28,4.5,FlowMatchEulerDiscreteScheduler,sd3base_0342_formal_train_0892.png,sd3rgda_0342_formal_train_0892.png,dca7d04a8b90b317724bd3572b21b91304f9c98fa36014208cc695df34489bc2
343,formal_train_0893,,,d7522827baafee54e337947b371c74acd87edffecefed4b964655e6fb66c591a,4de37b41d628040096c102ac964ec794e6649b647ef2d847d396ab6b685e161a,train,false,D00,,a Czech road surface with longitudinal crack damage,202600343,512,512,28,4.5,FlowMatchEulerDiscreteScheduler,sd3base_0343_formal_train_0893.png,sd3rgda_0343_formal_train_0893.png,dca7d04a8b90b317724bd3572b21b91304f9c98fa36014208cc695df34489bc2
344,formal_train_0899,,,77f2e0c6cb1a547177115fb91a427a61be1792acd368133d997ff598fc519b56,cfe9d3dae9b355ec09a80241ee97b3bc9e2a10c958fd1dd2599c223bb2091911,train,false,D00,,a Czech road surface with longitudinal crack and transverse crack damage,202600344,512,512,28,4.5,FlowMatchEulerDiscreteScheduler,sd3base_0344_formal_train_0899.png,sd3rgda_0344_formal_train_0899.png,dca7d04a8b90b317724bd3572b21b91304f9c98fa36014208cc695df34489bc2
345,formal_train_0900,,,6663f2e40d91be8e2b0a1d15ab9a5b234f7264eed4a7ed2a81bee40f3d4e63fa,6d8bd4a38404dd7a0b2b8d11d3ceeebefd357c955d69a60d4acfb0ead1480e26,train,false,D00,,a Czech road surface with longitudinal crack damage,202600345,512,512,28,4.5,FlowMatchEulerDiscreteScheduler,sd3base_0345_formal_train_0900.png,sd3rgda_0345_formal_train_0900.png,dca7d04a8b90b317724bd3572b21b91304f9c98fa36014208cc695df34489bc2
346,formal_train_0903,,,d0adddd518c711375faf231c578bb2525f2e29ba6646b145242d6236ffa42373,66379ab5b2a6bbccbf78106cb3c87324be3023ffafc7ca77fed837962fd2581c,train,false,D00,,a Czech road surface with longitudinal crack damage,202600346,512,512,28,4.5,FlowMatchEulerDiscreteScheduler,sd3base_0346_formal_train_0903.png,sd3rgda_0346_formal_train_0903.png,dca7d04a8b90b317724bd3572b21b91304f9c98fa36014208cc695df34489bc2
347,formal_train_0906,,,946b94a02b8cbb8ebbca37e9cda403ac65069a05234a563a534f7c15be68f129,63c364b500d57fd15c56a1d257b8cc07d83f8e97f09ef19de7a84f7481f165e9,train,false,D00,,a Czech road surface with longitudinal crack damage,202600347,512,512,28,4.5,FlowMatchEulerDiscreteScheduler,sd3base_0347_formal_train_0906.png,sd3rgda_0347_formal_train_0906.png,dca7d04a8b90b317724bd3572b21b91304f9c98fa36014208cc695df34489bc2
348,formal_train_0907,,,af842d0f7c125109023d909859ab9a4e9571268065c8aea780b729c86cb585d9,066d86fe3ac690da34583dd798b8e7cb4e5211d363f8b5d11b3ef514e8171fc9,train,false,D00,,a Czech road surface with longitudinal crack damage,202600348,512,512,28,4.5,FlowMatchEulerDiscreteScheduler,sd3base_0348_formal_train_0907.png,sd3rgda_0348_formal_train_0907.png,dca7d04a8b90b317724bd3572b21b91304f9c98fa36014208cc695df34489bc2
349,formal_train_0908,,,1b23d9c88fb26199c0e3a628c8d0bd2de5e578d5205a6479a50ef6532c5397e1,cedb3acce5613b50fadd40834ebe6602d0c69e1794234a0573af6abdd8d81534,train,false,D10,,a Czech road surface with transverse crack damage,202600349,512,512,28,4.5,FlowMatchEulerDiscreteScheduler,sd3base_0349_formal_train_0908.png,sd3rgda_0349_formal_train_0908.png,dca7d04a8b90b317724bd3572b21b91304f9c98fa36014208cc695df34489bc2
350,formal_train_0914,,,8144e42f31a878fae2a8395d9a2f1368298b87c1ec6656f4e884039fd25d668b,8401be39ee1619064d084073a97de214a057bb4384783d9651bc4d4ba9c9e5bc,train,false,D10,,a Czech road surface with transverse crack and alligator crack damage,202600350,512,512,28,4.5,FlowMatchEulerDiscreteScheduler,sd3base_0350_formal_train_0914.png,sd3rgda_0350_formal_train_0914.png,dca7d04a8b90b317724bd3572b21b91304f9c98fa36014208cc695df34489bc2
351,formal_train_0916,,,5b3e271e326416b4cd007ccbd5a9a586348c551ce8b1403ae6c83854e1256ba4,54c38f656671c30551c064d0820211a81516de8410aa5197d746d3c77b6d3fc3,train,false,D00,,a Czech road surface with longitudinal crack and transverse crack damage,202600351,512,512,28,4.5,FlowMatchEulerDiscreteScheduler,sd3base_0351_formal_train_0916.png,sd3rgda_0351_formal_train_0916.png,dca7d04a8b90b317724bd3572b21b91304f9c98fa36014208cc695df34489bc2
352,formal_train_0919,,,a723543c2f6111838e6d45a8c2299b0949e7157264fdd57e9dd38a1aa73b4bb5,5e0085e7bdeccc19dcc2495a86b4d8031bb6739824795e592587d1b9dd0fb9b3,train,false,D00,,a Czech road surface with longitudinal crack and alligator crack damage,202600352,512,512,28,4.5,FlowMatchEulerDiscreteScheduler,sd3base_0352_formal_train_0919.png,sd3rgda_0352_formal_train_0919.png,dca7d04a8b90b317724bd3572b21b91304f9c98fa36014208cc695df34489bc2
353,formal_train_0920,,,ea2042f6dddf8e0112b9b36577e3ff3e55425f43cd17c2864e40acb97305a6fd,b5c5faaf235378e61ba312ecbf2f3ea9c277ece290660b92cf82923ddb3a0491,train,false,D00,,a Czech road surface with longitudinal crack damage,202600353,512,512,28,4.5,FlowMatchEulerDiscreteScheduler,sd3base_0353_formal_train_0920.png,sd3rgda_0353_formal_train_0920.png,dca7d04a8b90b317724bd3572b21b91304f9c98fa36014208cc695df34489bc2
354,formal_train_0923,,,2454e44246aa778d9484169dbab86aa04392a75ca888ccc2ee8e47f33371eaed,66c7f1203bf58e1c2b0806e138b0a7efdc90f637b755d1696bd6ffd48cb3a28b,train,false,D10,,a Czech road surface with transverse crack damage,202600354,512,512,28,4.5,FlowMatchEulerDiscreteScheduler,sd3base_0354_formal_train_0923.png,sd3rgda_0354_formal_train_0923.png,dca7d04a8b90b317724bd3572b21b91304f9c98fa36014208cc695df34489bc2
355,formal_train_0924,,,deaafc03a47a8c83f59ef6911cd8b029b9858fccf0aff3c65ebef125d59a60d0,521c972a265586239201a6291c2d7eeb2e3dd9af92069bb96da61ec14bd2f359,train,false,D00,,a Czech road surface with longitudinal crack damage,202600355,512,512,28,4.5,FlowMatchEulerDiscreteScheduler,sd3base_0355_formal_train_0924.png,sd3rgda_0355_formal_train_0924.png,dca7d04a8b90b317724bd3572b21b91304f9c98fa36014208cc695df34489bc2
356,formal_train_0929,,,91ceb59b7f84af217579994a184dfd2a60eb389edf52b39c2b21295791137427,50b133b8badc5d53976904b7bb5cae1b20a594626c70924ed9d57f8628455e01,train,false,D00,,a Czech road surface with longitudinal crack damage,202600356,512,512,28,4.5,FlowMatchEulerDiscreteScheduler,sd3base_0356_formal_train_0929.png,sd3rgda_0356_formal_train_0929.png,dca7d04a8b90b317724bd3572b21b91304f9c98fa36014208cc695df34489bc2
357,formal_train_0934,,,d563a2a7aca8be475c5f1ae9e2d1d43baf0dcfae5f00805bccdcda356d078274,e68b4ce41713a085ca098a5270e71e0c375c1aa622d3463841b58692adb17bd1,train,false,D00,,a Czech road surface with longitudinal crack damage,202600357,512,512,28,4.5,FlowMatchEulerDiscreteScheduler,sd3base_0357_formal_train_0934.png,sd3rgda_0357_formal_train_0934.png,dca7d04a8b90b317724bd3572b21b91304f9c98fa36014208cc695df34489bc2
358,formal_train_0936,,,68331cf6177d100ef9dc72ddf008e397189e3796e541f705940c146f37613ee7,421ffc6b6609985888ebbb108a57d90c1cd51886731e8451d0d5bdebf3d63176,train,false,D00,,a Czech road surface with longitudinal crack and transverse crack damage,202600358,512,512,28,4.5,FlowMatchEulerDiscreteScheduler,sd3base_0358_formal_train_0936.png,sd3rgda_0358_formal_train_0936.png,dca7d04a8b90b317724bd3572b21b91304f9c98fa36014208cc695df34489bc2
359,formal_train_0937,,,120e3280ec669f4ced8f690967b3d98ec2c77ac0a413c6ee3cacdae4c123128c,fefd72fe513cbb10096d53ca2347e2f7d4d3c467977ce7ca74c82a13e3a6ed85,train,false,D00,,a Czech road surface with longitudinal crack damage,202600359,512,512,28,4.5,FlowMatchEulerDiscreteScheduler,sd3base_0359_formal_train_0937.png,sd3rgda_0359_formal_train_0937.png,dca7d04a8b90b317724bd3572b21b91304f9c98fa36014208cc695df34489bc2
360,formal_train_0940,,,512d91913ff57cb407ba35fddf1116b34c940fc2443337bbe9aca24d632dce3a,41602afccb8880c7b4d78295ec4430f0cf88cb42d189510a2695bb57f628283d,train,false,D10,,a Czech road surface with transverse crack damage,202600360,512,512,28,4.5,FlowMatchEulerDiscreteScheduler,sd3base_0360_formal_train_0940.png,sd3rgda_0360_formal_train_0940.png,dca7d04a8b90b317724bd3572b21b91304f9c98fa36014208cc695df34489bc2
361,formal_train_0949,,,e22722ac3b013c5a71083e33723c6d6f555bbfed5bb963bc5586e528c5b4b054,3aaa76356a0da8636c7776869ceb5d320091ab8fa7ad2fa7973f6aeaad2b80fa,train,false,D10,,a Czech road surface with transverse crack damage,202600361,512,512,28,4.5,FlowMatchEulerDiscreteScheduler,sd3base_0361_formal_train_0949.png,sd3rgda_0361_formal_train_0949.png,dca7d04a8b90b317724bd3572b21b91304f9c98fa36014208cc695df34489bc2
362,formal_train_0950,,,f4187550856a3ff4002c95feadf39ef0fb6f37f37cfcfc28c4bbb61359f48941,3636fd2d42c609086b17b945e6f84cbc975a82e9aff41f0991b76af7a3bceff8,train,false,D00,,a Czech road surface with longitudinal crack damage,202600362,512,512,28,4.5,FlowMatchEulerDiscreteScheduler,sd3base_0362_formal_train_0950.png,sd3rgda_0362_formal_train_0950.png,dca7d04a8b90b317724bd3572b21b91304f9c98fa36014208cc695df34489bc2
363,formal_train_0952,,,ed8b58c8c0d5282c56b1a954934961a108e13b4c6044947689089da173284eec,d373ebc8b709b895fcd13aa871383093192d1f57bd5bbf9a15d5fa0872099a19,train,false,D00,,a Czech road surface with longitudinal crack damage,202600363,512,512,28,4.5,FlowMatchEulerDiscreteScheduler,sd3base_0363_formal_train_0952.png,sd3rgda_0363_formal_train_0952.png,dca7d04a8b90b317724bd3572b21b91304f9c98fa36014208cc695df34489bc2
364,formal_train_0953,,,e78a8b4f507453b87f44345217f654806cc77c6cecec403ab6c1b742067f1df6,201c609face88d502e5ec4048eacba1dc333271409cfe36379df514944c5cb4f,train,false,D00,,a Czech road surface with longitudinal crack damage,202600364,512,512,28,4.5,FlowMatchEulerDiscreteScheduler,sd3base_0364_formal_train_0953.png,sd3rgda_0364_formal_train_0953.png,dca7d04a8b90b317724bd3572b21b91304f9c98fa36014208cc695df34489bc2
365,formal_train_0954,,,333dbf1fca5a51403d388956b903c947377974d7d7a7ccf544a5edcbf811eb04,bb5a056d0a12f51024f9b5a161d9c0aa95f139dfc03ed084f566299ab794b145,train,false,D00,,a Czech road surface with longitudinal crack damage,202600365,512,512,28,4.5,FlowMatchEulerDiscreteScheduler,sd3base_0365_formal_train_0954.png,sd3rgda_0365_formal_train_0954.png,dca7d04a8b90b317724bd3572b21b91304f9c98fa36014208cc695df34489bc2
366,formal_train_0963,,,9f14c7972f1ef366e15f6cfb92dab680249c606aac83f1829da558bb2a425613,c8232452df9bec94514898628aa8e2763de67d09ec4c32027199946a0f2143f1,train,false,D00,,a Czech road surface with longitudinal crack damage,202600366,512,512,28,4.5,FlowMatchEulerDiscreteScheduler,sd3base_0366_formal_train_0963.png,sd3rgda_0366_formal_train_0963.png,dca7d04a8b90b317724bd3572b21b91304f9c98fa36014208cc695df34489bc2
367,formal_train_0964,,,d042dbe7026200a532185aa90a495a3b48b5d632168a10f6c389a0bdb21773b6,9c89442c8a8685b9a645fb039f55ba89a3bf1880538d0c4abd7ffa3e63f191a3,train,false,D00,,a Czech road surface with longitudinal crack and transverse crack damage,202600367,512,512,28,4.5,FlowMatchEulerDiscreteScheduler,sd3base_0367_formal_train_0964.png,sd3rgda_0367_formal_train_0964.png,dca7d04a8b90b317724bd3572b21b91304f9c98fa36014208cc695df34489bc2
368,formal_train_0965,,,ec8a43bc0669dfbf4e18cadac863374a784ebc593cbb719f9167006bbf1536df,42e85bcd0540e49e80a71cb742c2a8cbf3c1aa03a340528180ef273f36710675,train,false,D00,,a Czech road surface with longitudinal crack and alligator crack damage,202600368,512,512,28,4.5,FlowMatchEulerDiscreteScheduler,sd3base_0368_formal_train_0965.png,sd3rgda_0368_formal_train_0965.png,dca7d04a8b90b317724bd3572b21b91304f9c98fa36014208cc695df34489bc2
369,formal_train_0967,,,1f7672043dd6444376bf7d4342b7dcc7584e723312cb960cbef74f1843598f27,93f84c5debb5c6d53de4b00b3de741338d075cbcb5a6c059128e058891b46f70,train,false,D10,,a Czech road surface with transverse crack damage,202600369,512,512,28,4.5,FlowMatchEulerDiscreteScheduler,sd3base_0369_formal_train_0967.png,sd3rgda_0369_formal_train_0967.png,dca7d04a8b90b317724bd3572b21b91304f9c98fa36014208cc695df34489bc2
370,formal_train_0968,,,b90b9f279239dd9f867724ded5aeca53be70fc89f25cd3e9df0a7ce70f0fc996,a5862f2fcea2ff1a3ad1bab3e9a282c420636491197f5918ac4ab76da71278e0,train,false,D00,,a Czech road surface with longitudinal crack damage,202600370,512,512,28,4.5,FlowMatchEulerDiscreteScheduler,sd3base_0370_formal_train_0968.png,sd3rgda_0370_formal_train_0968.png,dca7d04a8b90b317724bd3572b21b91304f9c98fa36014208cc695df34489bc2
371,formal_train_0970,,,44fa9c6b38899711aa9e8407915bb607707cde04da3b3b90e494017ed08c556c,cd15018de96d162546cf3989d24eac67f84463fc6b5c00367360dd9459514419,train,false,D00,,a Czech road surface with longitudinal crack damage,202600371,512,512,28,4.5,FlowMatchEulerDiscreteScheduler,sd3base_0371_formal_train_0970.png,sd3rgda_0371_formal_train_0970.png,dca7d04a8b90b317724bd3572b21b91304f9c98fa36014208cc695df34489bc2
372,formal_train_0971,,,b3780598f9febf10a6a5a1aec3d87b0bc461c97a6b808c67ddb4f7b7ab06a5e2,0a157d838e9af01184dc7e80715bcccd0a3e59475a0cda065eedf883a6811f2e,train,false,D00,,a Czech road surface with longitudinal crack damage,202600372,512,512,28,4.5,FlowMatchEulerDiscreteScheduler,sd3base_0372_formal_train_0971.png,sd3rgda_0372_formal_train_0971.png,dca7d04a8b90b317724bd3572b21b91304f9c98fa36014208cc695df34489bc2
373,formal_train_0974,,,3f5ca5d46ce541be4a610857af069557c3da3a70c5ba78b754347dd51a3a8a36,bd988a03c5e476feac12e6ddc6b356435c594b79dc0d6b0750cfb9b5b8799888,train,false,D00,,a Czech road surface with longitudinal crack damage,202600373,512,512,28,4.5,FlowMatchEulerDiscreteScheduler,sd3base_0373_formal_train_0974.png,sd3rgda_0373_formal_train_0974.png,dca7d04a8b90b317724bd3572b21b91304f9c98fa36014208cc695df34489bc2
374,formal_train_0976,,,5ddb95640543564a3f49d93ab53c00c7c682ae57d9173b0be0a9c55d5e8846f3,51cc8e6723bdb8834ea12dcd17f7fa73dcad5a7803dbcf49909d7421b3d181f6,train,false,D00,,a Czech road surface with longitudinal crack damage,202600374,512,512,28,4.5,FlowMatchEulerDiscreteScheduler,sd3base_0374_formal_train_0976.png,sd3rgda_0374_formal_train_0976.png,dca7d04a8b90b317724bd3572b21b91304f9c98fa36014208cc695df34489bc2
375,formal_train_0980,,,a50e545c262ce7e9efc96a26d47765c310908019901eee13e185a046c8e3bd16,0792ba3ef2d2cba3e266397cb1eb196bdb651024334847e9c4e22414a361d7ae,train,false,D00,,a Czech road surface with longitudinal crack and transverse crack damage,202600375,512,512,28,4.5,FlowMatchEulerDiscreteScheduler,sd3base_0375_formal_train_0980.png,sd3rgda_0375_formal_train_0980.png,dca7d04a8b90b317724bd3572b21b91304f9c98fa36014208cc695df34489bc2
376,formal_train_0981,,,617982dc86b88b3e0692d7fb9fd2e0d6ebd51fb2ac8183f71999918333334993,6f2758c4631a0b862b5fe657d3f7ea369bdecfbd19e2846132a215a3dd160fa4,train,false,D00,,a Czech road surface with longitudinal crack damage,202600376,512,512,28,4.5,FlowMatchEulerDiscreteScheduler,sd3base_0376_formal_train_0981.png,sd3rgda_0376_formal_train_0981.png,dca7d04a8b90b317724bd3572b21b91304f9c98fa36014208cc695df34489bc2
377,formal_train_0982,,,502b36060382cb975eac48ea07f316ac791198190b939e27215d61829d6c5af6,4554c09ddb9f18a0475af593117b6b3e5837f7692b21851d31d1b32c7ef3f7f6,train,false,D00,,a Czech road surface with longitudinal crack damage,202600377,512,512,28,4.5,FlowMatchEulerDiscreteScheduler,sd3base_0377_formal_train_0982.png,sd3rgda_0377_formal_train_0982.png,dca7d04a8b90b317724bd3572b21b91304f9c98fa36014208cc695df34489bc2
378,formal_train_0983,,,e038b5ffc31c9869219023fbb37a3681e3470511ed1e1539e34e006c712028bb,ae3f7e18e7deb9f67cb13ba8c68f2981c42f7b0b2c92c686cb79b7cf7724cf08,train,false,D00,,a Czech road surface with longitudinal crack and transverse crack damage,202600378,512,512,28,4.5,FlowMatchEulerDiscreteScheduler,sd3base_0378_formal_train_0983.png,sd3rgda_0378_formal_train_0983.png,dca7d04a8b90b317724bd3572b21b91304f9c98fa36014208cc695df34489bc2
379,formal_train_0986,,,84286f5c8ee0c11856e7c9877a67a37e007181c00cb6d5594b65bd861b0cff08,0a76f5137f6f65a782cf0da4d75e0a6b3a1617e69cb6f574a88ef74c5ca8f67d,train,false,D20,,a Czech road surface with alligator crack damage,202600379,512,512,28,4.5,FlowMatchEulerDiscreteScheduler,sd3base_0379_formal_train_0986.png,sd3rgda_0379_formal_train_0986.png,dca7d04a8b90b317724bd3572b21b91304f9c98fa36014208cc695df34489bc2
380,formal_train_0987,,,e7ebf622767adf30023e85bf99857d69c3167d9d143c22e6a7d357b0813ca7e8,bbade0dcf2c664fe53ed3c035f15675015265cc7a9e07b1dd2ea5ade699cb99d,train,false,D10,,a Czech road surface with transverse crack damage,202600380,512,512,28,4.5,FlowMatchEulerDiscreteScheduler,sd3base_0380_formal_train_0987.png,sd3rgda_0380_formal_train_0987.png,dca7d04a8b90b317724bd3572b21b91304f9c98fa36014208cc695df34489bc2
381,formal_train_0988,,,332d1dff304382f253baa5cc4b203b6dc6647066c3ff21478f1cce39d63381eb,e937fdfb434be8ceed23686f519cb0ca4ad85afb311271a4698fb1f91e91ed18,train,false,D20,,a Czech road surface with alligator crack damage,202600381,512,512,28,4.5,FlowMatchEulerDiscreteScheduler,sd3base_0381_formal_train_0988.png,sd3rgda_0381_formal_train_0988.png,dca7d04a8b90b317724bd3572b21b91304f9c98fa36014208cc695df34489bc2
382,formal_train_0989,,,585739b4807b683b3ba1e653e78fb7742ec9d0fef65156ce93469a825e219b96,2e963df1b9309de80f785deb4abd0622fa926f4fd3f4569a903be5dac2a1c2ed,train,false,D00,,a Czech road surface with longitudinal crack damage,202600382,512,512,28,4.5,FlowMatchEulerDiscreteScheduler,sd3base_0382_formal_train_0989.png,sd3rgda_0382_formal_train_0989.png,dca7d04a8b90b317724bd3572b21b91304f9c98fa36014208cc695df34489bc2
383,formal_train_0991,,,2974e77bccb7b916813f0db9e2ace76c2f6c875ab85ba217c61a066c9e343d70,0986899d4873dc8d426303a1e1174ff64536c023b9eadb30ced556cc3acbd208,train,false,D00,,a Czech road surface with longitudinal crack damage,202600383,512,512,28,4.5,FlowMatchEulerDiscreteScheduler,sd3base_0383_formal_train_0991.png,sd3rgda_0383_formal_train_0991.png,dca7d04a8b90b317724bd3572b21b91304f9c98fa36014208cc695df34489bc2
384,formal_train_0992,,,16457f97340b75c82276bcefe3a74a7c70290f8ff1b1603cf167a6248fae0a13,8dd802bd4e17751c785d62c4d0b6d33cb15afb5efe370f2439cf7066ae9b1442,train,false,D00,,a Czech road surface with longitudinal crack damage,202600384,512,512,28,4.5,FlowMatchEulerDiscreteScheduler,sd3base_0384_formal_train_0992.png,sd3rgda_0384_formal_train_0992.png,dca7d04a8b90b317724bd3572b21b91304f9c98fa36014208cc695df34489bc2
385,formal_train_0997,,,85bf0dc46689867590e73d93ff62facda7391b59006e500186caf4c3a6947abb,b0b607a67be79abb394a18c9c14965af0c7ba5dd22304fe28aa942aa9559b62c,train,false,D00,,a Czech road surface with longitudinal crack damage,202600385,512,512,28,4.5,FlowMatchEulerDiscreteScheduler,sd3base_0385_formal_train_0997.png,sd3rgda_0385_formal_train_0997.png,dca7d04a8b90b317724bd3572b21b91304f9c98fa36014208cc695df34489bc2
386,formal_train_0998,,,dc3d725d2f6e17f5f771ef40d3be3540214a25075ad4a65e37e4a012ed71dd19,1fd4c1013833a174f6bddc0e99a7150aca78df96273dae1a766ca06c70086265,train,false,D00,,a Czech road surface with longitudinal crack and pothole damage,202600386,512,512,28,4.5,FlowMatchEulerDiscreteScheduler,sd3base_0386_formal_train_0998.png,sd3rgda_0386_formal_train_0998.png,dca7d04a8b90b317724bd3572b21b91304f9c98fa36014208cc695df34489bc2
387,formal_train_1001,,,d595bbc1aab9623dbb7ac16a5179b121de8cd477b25223dc78917b22fb8d62c3,f032104cba9023d0da87e079ef97dbfe3f603026f36f63893eebc282a5f65775,train,false,D10,,a Czech road surface with transverse crack and pothole damage,202600387,512,512,28,4.5,FlowMatchEulerDiscreteScheduler,sd3base_0387_formal_train_1001.png,sd3rgda_0387_formal_train_1001.png,dca7d04a8b90b317724bd3572b21b91304f9c98fa36014208cc695df34489bc2
388,formal_train_1006,,,a92e113c3cc48f047c1ba681b01df620ad15612a6cc7b8b7769ac9044d46237e,e9e372c6166159c27263e23a1e0be5ed40cc6b77f07128729c453c7c17e6494a,train,false,D00,,a Czech road surface with longitudinal crack damage,202600388,512,512,28,4.5,FlowMatchEulerDiscreteScheduler,sd3base_0388_formal_train_1006.png,sd3rgda_0388_formal_train_1006.png,dca7d04a8b90b317724bd3572b21b91304f9c98fa36014208cc695df34489bc2
389,formal_train_1008,,,6893b4ba1fe73e8317e7cdaaac41113fbb520533361d2be26d779e8d2bf59b40,4a90e29db08f964cececfab82f5a72b5af79a3c52955f52b34d2633a0fe178ab,train,false,D00,,a Czech road surface with longitudinal crack and pothole damage,202600389,512,512,28,4.5,FlowMatchEulerDiscreteScheduler,sd3base_0389_formal_train_1008.png,sd3rgda_0389_formal_train_1008.png,dca7d04a8b90b317724bd3572b21b91304f9c98fa36014208cc695df34489bc2
390,formal_train_1017,,,4804ffdc332c817e509ffde0316e17d207a777a1ae8eb46db8c3bd535a4bb8c0,a26dfd6e4bec8d4fee548b870ea5cb6d524d2677e3cfe186e26a6829d17cc5c0,train,false,D00,,a Czech road surface with longitudinal crack damage,202600390,512,512,28,4.5,FlowMatchEulerDiscreteScheduler,sd3base_0390_formal_train_1017.png,sd3rgda_0390_formal_train_1017.png,dca7d04a8b90b317724bd3572b21b91304f9c98fa36014208cc695df34489bc2
391,formal_train_1018,,,d25edc3e3eea39bc2510bcf349800712cf2d2c495101dbdc40e474a8d76d9464,0d33f806b1d45bece4dfd0688c49b9cd9d7ef8a629541a6a5e5baed802fcb2cf,train,false,D00,,a Czech road surface with longitudinal crack damage,202600391,512,512,28,4.5,FlowMatchEulerDiscreteScheduler,sd3base_0391_formal_train_1018.png,sd3rgda_0391_formal_train_1018.png,dca7d04a8b90b317724bd3572b21b91304f9c98fa36014208cc695df34489bc2
392,formal_train_1019,,,466ea7436d547471482656f64abd0cd476549a50ee063ab122a07292a276b8b4,05d4914ae2b33c0a02b0dd7b0a38ec39466d76d2240d15f437d8f0e337418739,train,false,D00,,a Czech road surface with longitudinal crack damage,202600392,512,512,28,4.5,FlowMatchEulerDiscreteScheduler,sd3base_0392_formal_train_1019.png,sd3rgda_0392_formal_train_1019.png,dca7d04a8b90b317724bd3572b21b91304f9c98fa36014208cc695df34489bc2
393,formal_train_1020,,,b500b99cebe6466e92d065e88c3b919e0812ae16396fb77c032dd450fa587588,524b386763f0876126c70efd351c631e6ee1f68eafa56c436dfd411ac7c6370d,train,false,D00,,a Czech road surface with longitudinal crack damage,202600393,512,512,28,4.5,FlowMatchEulerDiscreteScheduler,sd3base_0393_formal_train_1020.png,sd3rgda_0393_formal_train_1020.png,dca7d04a8b90b317724bd3572b21b91304f9c98fa36014208cc695df34489bc2
394,formal_train_1023,,,25ed54bf86a61c42ad0d6f307cecbe636fcba8fc3c43e3d9eecd4955931b27cd,bac59e04bc66c3ef6ea94218f4121dcbe7b1c214e6335e66d4281df29b393429,train,false,D40,,a Czech road surface with pothole damage,202600394,512,512,28,4.5,FlowMatchEulerDiscreteScheduler,sd3base_0394_formal_train_1023.png,sd3rgda_0394_formal_train_1023.png,dca7d04a8b90b317724bd3572b21b91304f9c98fa36014208cc695df34489bc2
395,formal_train_1027,,,94a501d17e431a84fd081d3b01d44c46de53985b7adc40e5ba753ab7f2d0b8bc,1c63a1066588084e7d92b6f353b638696d551667d1d82c8b81e308a7ad6c0ce1,train,false,D00,,a Czech road surface with longitudinal crack damage,202600395,512,512,28,4.5,FlowMatchEulerDiscreteScheduler,sd3base_0395_formal_train_1027.png,sd3rgda_0395_formal_train_1027.png,dca7d04a8b90b317724bd3572b21b91304f9c98fa36014208cc695df34489bc2
396,formal_train_1028,,,e76ed4075c26657f90fc9792da363c98614191e4c57448cd478213acfd7430cc,c206a9bd33f3330a274d2ba9d122f92b363354f8a7b2c8e05be7b8e444be6d48,train,false,D00,,a Czech road surface with longitudinal crack damage,202600396,512,512,28,4.5,FlowMatchEulerDiscreteScheduler,sd3base_0396_formal_train_1028.png,sd3rgda_0396_formal_train_1028.png,dca7d04a8b90b317724bd3572b21b91304f9c98fa36014208cc695df34489bc2
397,formal_train_1031,,,5be7901b91f9fe4247bc2195f36bc31590c7b0232272e161de7f552ccd30a7df,e5c19cbaccb7f5a85238225e6a3fa87b61f832cd657517618a51b3b7cec68761,train,false,D00,,a Czech road surface with longitudinal crack damage,202600397,512,512,28,4.5,FlowMatchEulerDiscreteScheduler,sd3base_0397_formal_train_1031.png,sd3rgda_0397_formal_train_1031.png,dca7d04a8b90b317724bd3572b21b91304f9c98fa36014208cc695df34489bc2
398,formal_train_1032,,,de1e18705deeaf16902b9c382c4753f3786e9adb86baca4de1137cde2a584ed8,4e7ec03979f963b2f2a011eb7ed0cc8293074e930cd00b7744457c2f93cc0ab2,train,false,D00,,a Czech road surface with longitudinal crack damage,202600398,512,512,28,4.5,FlowMatchEulerDiscreteScheduler,sd3base_0398_formal_train_1032.png,sd3rgda_0398_formal_train_1032.png,dca7d04a8b90b317724bd3572b21b91304f9c98fa36014208cc695df34489bc2
399,formal_train_1034,,,d2c3ed780505cd31bef2a91cd2025e575a225435160d05b88b61591cd6e859e6,0b43f85996401e282524fb3422274d263618240e331b799f669e57c218094ccd,train,false,D00,,a Czech road surface with longitudinal crack damage,202600399,512,512,28,4.5,FlowMatchEulerDiscreteScheduler,sd3base_0399_formal_train_1034.png,sd3rgda_0399_formal_train_1034.png,dca7d04a8b90b317724bd3572b21b91304f9c98fa36014208cc695df34489bc2
400,formal_train_1035,,,903530ec5e54c8e69bb9e9143fc61daa14bb855f369af47f30aeff0f550d3c87,6fa10ba3cac559ff8d3186fac3449812366fc017f78586bc491c643ce8c8860e,train,false,D00,,a Czech road surface with longitudinal crack damage,202600400,512,512,28,4.5,FlowMatchEulerDiscreteScheduler,sd3base_0400_formal_train_1035.png,sd3rgda_0400_formal_train_1035.png,dca7d04a8b90b317724bd3572b21b91304f9c98fa36014208cc695df34489bc2
401,formal_train_1036,,,3cce5d81b4b32abb46d9fd8eccb79e16472be624316f3ab4daa3721e9a81580e,24ffb828c1d295d6665e6202f409881b51143e9359f558cc4f2f303a2c4ead65,train,false,D00,,a Czech road surface with longitudinal crack damage,202600401,512,512,28,4.5,FlowMatchEulerDiscreteScheduler,sd3base_0401_formal_train_1036.png,sd3rgda_0401_formal_train_1036.png,dca7d04a8b90b317724bd3572b21b91304f9c98fa36014208cc695df34489bc2
402,formal_train_1037,,,ed301c8aa7ad3bd0d14022200acc637d2ee1efa8482c7d05772d283816cbe992,564498c7bdd4ac7d55390977eb8de2f283aa7b12d1339ae8a10285671e8dec6f,train,false,D10,,a Czech road surface with transverse crack damage,202600402,512,512,28,4.5,FlowMatchEulerDiscreteScheduler,sd3base_0402_formal_train_1037.png,sd3rgda_0402_formal_train_1037.png,dca7d04a8b90b317724bd3572b21b91304f9c98fa36014208cc695df34489bc2
403,formal_train_1039,,,4b72d0ad403b7fa5cb8a23804406059e52956dea0c8998747a11081766509356,d277fc26be2b31b7f4c26e80b318700752e05ac3ff69e6483c003494e7edf3ee,train,false,D00,,a Czech road surface with longitudinal crack and transverse crack damage,202600403,512,512,28,4.5,FlowMatchEulerDiscreteScheduler,sd3base_0403_formal_train_1039.png,sd3rgda_0403_formal_train_1039.png,dca7d04a8b90b317724bd3572b21b91304f9c98fa36014208cc695df34489bc2
404,formal_train_1043,,,a084749616ae6af1f3152e0a00c3d2a5910758f13a3450fad1f352b6d2355cbd,06ec8835b37013f893d4186f188f1a3605c24919cfda881a350d89d11bc70514,train,false,D00,,a Czech road surface with longitudinal crack damage,202600404,512,512,28,4.5,FlowMatchEulerDiscreteScheduler,sd3base_0404_formal_train_1043.png,sd3rgda_0404_formal_train_1043.png,dca7d04a8b90b317724bd3572b21b91304f9c98fa36014208cc695df34489bc2
405,formal_train_1051,,,fcaeb4f870109060e8a7c9d5fd3ba9bf5f4d450cc64b5204a365e432ab3291e9,872a6e9be821e43d63e0f37378e3780669c5b993becc6979f5bddf653ab9fae9,train,false,D00,,a Czech road surface with longitudinal crack damage,202600405,512,512,28,4.5,FlowMatchEulerDiscreteScheduler,sd3base_0405_formal_train_1051.png,sd3rgda_0405_formal_train_1051.png,dca7d04a8b90b317724bd3572b21b91304f9c98fa36014208cc695df34489bc2
406,formal_train_1056,,,444dbdbcf5503f44cfb2cd5df3d44ab8a6bd6173ea5f5642eff3116f8fa7fcf2,4a2753cfabb10d9bd071eb76d0c6c54c46d773fe1d5e742c8391bad58b997169,train,false,D40,,a Czech road surface with pothole damage,202600406,512,512,28,4.5,FlowMatchEulerDiscreteScheduler,sd3base_0406_formal_train_1056.png,sd3rgda_0406_formal_train_1056.png,dca7d04a8b90b317724bd3572b21b91304f9c98fa36014208cc695df34489bc2
407,formal_train_1057,,,292693f109ed05d39a77bd42b65a959aefda3828fd520546b07def9faf73d9ee,51bac5c8ccbdf0b0b8d41e0f657bcd043bb6778324a826178af35e7edcffc429,train,false,D00,,a Czech road surface with longitudinal crack damage,202600407,512,512,28,4.5,FlowMatchEulerDiscreteScheduler,sd3base_0407_formal_train_1057.png,sd3rgda_0407_formal_train_1057.png,dca7d04a8b90b317724bd3572b21b91304f9c98fa36014208cc695df34489bc2
408,formal_train_1059,,,2ce40d6d5a62cddc5095b60e02d608ee535c9ef188b0c23fdc2b9380c0e559c5,8fc29ed5bb5db4414c7b0fb8af0f91b5d95524ec1c4e5f7d1bf51a715a000b9a,train,false,D10,,a Czech road surface with transverse crack damage,202600408,512,512,28,4.5,FlowMatchEulerDiscreteScheduler,sd3base_0408_formal_train_1059.png,sd3rgda_0408_formal_train_1059.png,dca7d04a8b90b317724bd3572b21b91304f9c98fa36014208cc695df34489bc2
409,formal_train_1064,,,9004d926c689b53905519649b47b3483ca1c36fe3487a2582cc219a7000c641b,1b172f929953fdcc877395851645a9c8d963accf489fb0026b15c46c36d9a4ce,train,false,D00,,a Czech road surface with longitudinal crack damage,202600409,512,512,28,4.5,FlowMatchEulerDiscreteScheduler,sd3base_0409_formal_train_1064.png,sd3rgda_0409_formal_train_1064.png,dca7d04a8b90b317724bd3572b21b91304f9c98fa36014208cc695df34489bc2
410,formal_train_1066,,,af0edf2deb2243b4c7c1fea238346753b1f91c824cc4508197a0281ac11ae4ab,ff02011e9d1bf5ef091343e85ed47cc34310bd0bcee110097cfc5a5bcf413308,train,false,D00,,a Czech road surface with longitudinal crack damage,202600410,512,512,28,4.5,FlowMatchEulerDiscreteScheduler,sd3base_0410_formal_train_1066.png,sd3rgda_0410_formal_train_1066.png,dca7d04a8b90b317724bd3572b21b91304f9c98fa36014208cc695df34489bc2
411,formal_train_1069,,,830d3100b830a3e7ffa7037fa5695fa5a8c603c515615a01ccb0b88f0b169d98,2c7026c4513e9df1e1dbd92722374e69896c7fcc858045a7ef3075685d47d7f1,train,false,D00,,a Czech road surface with longitudinal crack damage,202600411,512,512,28,4.5,FlowMatchEulerDiscreteScheduler,sd3base_0411_formal_train_1069.png,sd3rgda_0411_formal_train_1069.png,dca7d04a8b90b317724bd3572b21b91304f9c98fa36014208cc695df34489bc2
412,formal_train_1070,,,207630b80324742a65ea1e68efafd89ef9db3953fd4ef0647c3d40489090b420,16605c24a78b549251186179bd95a114c84a78ff47df545505f38f76bfea49ac,train,false,D40,,a Czech road surface with pothole damage,202600412,512,512,28,4.5,FlowMatchEulerDiscreteScheduler,sd3base_0412_formal_train_1070.png,sd3rgda_0412_formal_train_1070.png,dca7d04a8b90b317724bd3572b21b91304f9c98fa36014208cc695df34489bc2
413,formal_train_1071,,,7282ca474a3dc350af5a9205d68cf5dbdb422876021e278e079efb2df197678c,0fbe6be3b758b5cc4d7c27c1b750bda49ce9efdbc284f49792e82918c7f80d48,train,false,D00,,a Czech road surface with longitudinal crack damage,202600413,512,512,28,4.5,FlowMatchEulerDiscreteScheduler,sd3base_0413_formal_train_1071.png,sd3rgda_0413_formal_train_1071.png,dca7d04a8b90b317724bd3572b21b91304f9c98fa36014208cc695df34489bc2
414,formal_train_1072,,,5add29393b33258d03a45279b2429f189b4e090cfbbb4fbacb65a667008eccd8,796ac72d1a1fc276630f081c461902244b4be70e96c78bf6ac949b260750e9f5,train,false,D00,,a Czech road surface with longitudinal crack damage,202600414,512,512,28,4.5,FlowMatchEulerDiscreteScheduler,sd3base_0414_formal_train_1072.png,sd3rgda_0414_formal_train_1072.png,dca7d04a8b90b317724bd3572b21b91304f9c98fa36014208cc695df34489bc2
415,formal_train_1074,,,48a06889334682921d6ac7d6bebe6a1abb81d5400deff720adc91db192e8bd08,6901d0bb7c6ae43a1d3cc9b4cba89982615b5212404e37ea56cda4a4a519fb59,train,false,D40,,a Czech road surface with pothole damage,202600415,512,512,28,4.5,FlowMatchEulerDiscreteScheduler,sd3base_0415_formal_train_1074.png,sd3rgda_0415_formal_train_1074.png,dca7d04a8b90b317724bd3572b21b91304f9c98fa36014208cc695df34489bc2
416,formal_train_1075,,,cc670671e626660d16b6394aa4e8f1a070dce5bf17d25086ace4025158c02578,4fa75aea133fc32b2310ecb46e4e61fe2d81ed3abb255d6105a79aebaf269c16,train,false,D00,,a Czech road surface with longitudinal crack and pothole damage,202600416,512,512,28,4.5,FlowMatchEulerDiscreteScheduler,sd3base_0416_formal_train_1075.png,sd3rgda_0416_formal_train_1075.png,dca7d04a8b90b317724bd3572b21b91304f9c98fa36014208cc695df34489bc2
417,formal_train_1076,,,eba85410068bd3db6c1b4a648f5bdc6218abe1395fd9c3b421fdc99f56f17f40,5f26d3c29ca9859c307049e8f5824f8b2e80df111c176851bb748e59652b24b5,train,false,D00,,a Czech road surface with longitudinal crack damage,202600417,512,512,28,4.5,FlowMatchEulerDiscreteScheduler,sd3base_0417_formal_train_1076.png,sd3rgda_0417_formal_train_1076.png,dca7d04a8b90b317724bd3572b21b91304f9c98fa36014208cc695df34489bc2
418,formal_train_1079,,,5416c45c677a7e8bd0481eb09b0825ab0d68641254e0777acca891a285fd26ba,a257d099ae3fd3914aee0057c22a5e41ab26e0e3f2153edeac2e4f1d63622d87,train,false,D00,,a Czech road surface with longitudinal crack and pothole damage,202600418,512,512,28,4.5,FlowMatchEulerDiscreteScheduler,sd3base_0418_formal_train_1079.png,sd3rgda_0418_formal_train_1079.png,dca7d04a8b90b317724bd3572b21b91304f9c98fa36014208cc695df34489bc2
419,formal_train_1081,,,5b356dfd5e557b58676a1d9de369b2a7ebbba8a7cb0597679bc9ceb9585039d0,5d05630df987dff593f6dd4ae024a7bef67619d18c0171fe2e3623236e0a17b7,train,false,D10,,a Czech road surface with transverse crack and alligator crack and pothole damage,202600419,512,512,28,4.5,FlowMatchEulerDiscreteScheduler,sd3base_0419_formal_train_1081.png,sd3rgda_0419_formal_train_1081.png,dca7d04a8b90b317724bd3572b21b91304f9c98fa36014208cc695df34489bc2
420,formal_train_1084,,,cf5c8d59ff0d0864299c46303a50a6fbd6aa6baf0cc566bfbdb4ab4add40dc16,dfa115002a9e122fae33b29425dec03654cbaf3a79ff7199dbf165f4f42080a1,train,false,D00,,a Czech road surface with longitudinal crack damage,202600420,512,512,28,4.5,FlowMatchEulerDiscreteScheduler,sd3base_0420_formal_train_1084.png,sd3rgda_0420_formal_train_1084.png,dca7d04a8b90b317724bd3572b21b91304f9c98fa36014208cc695df34489bc2
421,formal_train_1087,,,94506ee6799ed864a5a636a3c13815691abb3f2678bb973a570a203114a627da,2a2e0d5f016744ee4dc3b2e0d34855410edf1898c355328c30fc20429ab9cbca,train,false,D00,,a Czech road surface with longitudinal crack damage,202600421,512,512,28,4.5,FlowMatchEulerDiscreteScheduler,sd3base_0421_formal_train_1087.png,sd3rgda_0421_formal_train_1087.png,dca7d04a8b90b317724bd3572b21b91304f9c98fa36014208cc695df34489bc2
422,formal_train_1089,,,570e7532bcc847a210128db5d2ca7d37bcb539b8c4fb6d581ebe9aa13ecca396,5432efc914693a70d376570470b1150e72b6650a4ced135939c9804e1954244d,train,false,D00,,a Czech road surface with longitudinal crack damage,202600422,512,512,28,4.5,FlowMatchEulerDiscreteScheduler,sd3base_0422_formal_train_1089.png,sd3rgda_0422_formal_train_1089.png,dca7d04a8b90b317724bd3572b21b91304f9c98fa36014208cc695df34489bc2
423,formal_train_1090,,,093a49b32a8f613a95824dcc6bd9e2bdaa59bbc1a8cc3d1e238b1d9318da903e,c4f71fbdbb83ac43687eb6eaceaaba0430c3c26d68506cb77e5e094f47d5da0d,train,false,D00,,a Czech road surface with longitudinal crack damage,202600423,512,512,28,4.5,FlowMatchEulerDiscreteScheduler,sd3base_0423_formal_train_1090.png,sd3rgda_0423_formal_train_1090.png,dca7d04a8b90b317724bd3572b21b91304f9c98fa36014208cc695df34489bc2
424,formal_train_1093,,,73361bbda5e73721f51f92b5c141e95ffc692c5a28e468a14a1cfcc13c8c2e2f,e0e3848abf39da231d44fbfc048133f5643a20fb78c0e2cc2d06954a48a69064,train,false,D00,,a Czech road surface with longitudinal crack damage,202600424,512,512,28,4.5,FlowMatchEulerDiscreteScheduler,sd3base_0424_formal_train_1093.png,sd3rgda_0424_formal_train_1093.png,dca7d04a8b90b317724bd3572b21b91304f9c98fa36014208cc695df34489bc2
425,formal_train_1094,,,88f9226898038dd676b7847fcbcd5c0d887a408f8690d3e716cd5ef3267a6188,605b8340e533541ed844fbffdf3511169e1c393148075f216a1997cca42ba586,train,false,D00,,a Czech road surface with longitudinal crack damage,202600425,512,512,28,4.5,FlowMatchEulerDiscreteScheduler,sd3base_0425_formal_train_1094.png,sd3rgda_0425_formal_train_1094.png,dca7d04a8b90b317724bd3572b21b91304f9c98fa36014208cc695df34489bc2
426,formal_train_1095,,,da01f1c398409c9abfa43bdbc4d5cd9a68769da2f4b183f70c7166eb579f1534,3bd006565440316c1f90d90cf3a0cceefabd503d36929e7a1f0eff602ae2c4a9,train,false,D00,,a Czech road surface with longitudinal crack and alligator crack damage,202600426,512,512,28,4.5,FlowMatchEulerDiscreteScheduler,sd3base_0426_formal_train_1095.png,sd3rgda_0426_formal_train_1095.png,dca7d04a8b90b317724bd3572b21b91304f9c98fa36014208cc695df34489bc2
427,formal_train_1096,,,03d35b559131ce7600c3fa0f33372699bce9f1315c7289afe54f8f4d6330d678,addb78e7f5a5d83d4fc9e9ae916daa3000a85ca9d56182b99f5354334b6722b8,train,false,D00,,a Czech road surface with longitudinal crack damage,202600427,512,512,28,4.5,FlowMatchEulerDiscreteScheduler,sd3base_0427_formal_train_1096.png,sd3rgda_0427_formal_train_1096.png,dca7d04a8b90b317724bd3572b21b91304f9c98fa36014208cc695df34489bc2
428,formal_train_1100,,,911318612510337ec6a509d3317215609c20d6473da50c2026dfc51a890ff175,0a405695e283c5acac58747a08a8b52c1eaba633fdf9dcc7708e065d64efa32c,train,false,D00,,a Czech road surface with longitudinal crack and transverse crack damage,202600428,512,512,28,4.5,FlowMatchEulerDiscreteScheduler,sd3base_0428_formal_train_1100.png,sd3rgda_0428_formal_train_1100.png,dca7d04a8b90b317724bd3572b21b91304f9c98fa36014208cc695df34489bc2
429,formal_train_1101,,,576146ed7bc0d3145d4cec2830858eb6e49714a116f0a25669d707e7364b3465,a04ceb41c24f51a9913a520aa23854e284ccba63e667af72a648d226169a29f5,train,false,D00,,a Czech road surface with longitudinal crack damage,202600429,512,512,28,4.5,FlowMatchEulerDiscreteScheduler,sd3base_0429_formal_train_1101.png,sd3rgda_0429_formal_train_1101.png,dca7d04a8b90b317724bd3572b21b91304f9c98fa36014208cc695df34489bc2
430,formal_train_1107,,,9763a318841eeddd6d174accc474a4928dd9059ae8f753259faa082b49c1f6bb,5eaef1117425611fa92ba92be5172f97cbb4176262ccd3f266d2ff07d60c4b61,train,false,D20,,a Czech road surface with alligator crack and pothole damage,202600430,512,512,28,4.5,FlowMatchEulerDiscreteScheduler,sd3base_0430_formal_train_1107.png,sd3rgda_0430_formal_train_1107.png,dca7d04a8b90b317724bd3572b21b91304f9c98fa36014208cc695df34489bc2
431,formal_train_1108,,,5070843e9f4dd7038baa1c7284a9ec69e42e499c1680026e7b3a032d107ecb4e,e585a73c5c216e19fd394231cda6d3130bb5c630f2419e80cd30d9ba217c662f,train,false,D00,,a Czech road surface with longitudinal crack damage,202600431,512,512,28,4.5,FlowMatchEulerDiscreteScheduler,sd3base_0431_formal_train_1108.png,sd3rgda_0431_formal_train_1108.png,dca7d04a8b90b317724bd3572b21b91304f9c98fa36014208cc695df34489bc2
432,formal_train_1111,,,657d8fee51f29e24fe82b41022d056b8be4f6e05bb424bf3affebc7a64db80fb,608d5f3c8efceb29bc3cf657fac93dbaf23a057e1c025a609867eb30af85ad7d,train,false,D00,,a Czech road surface with longitudinal crack and pothole damage,202600432,512,512,28,4.5,FlowMatchEulerDiscreteScheduler,sd3base_0432_formal_train_1111.png,sd3rgda_0432_formal_train_1111.png,dca7d04a8b90b317724bd3572b21b91304f9c98fa36014208cc695df34489bc2
433,formal_train_1113,,,c5aa7bc933d651e98db934b97af16d1a678434e9c40f54d697a5ff3885fa833e,3dbbd57d960af0a491b4b529aca99f471cefa8d71dd2e545d0134a790b4c01af,train,false,D00,,a Czech road surface with longitudinal crack damage,202600433,512,512,28,4.5,FlowMatchEulerDiscreteScheduler,sd3base_0433_formal_train_1113.png,sd3rgda_0433_formal_train_1113.png,dca7d04a8b90b317724bd3572b21b91304f9c98fa36014208cc695df34489bc2
434,formal_train_1121,,,46fa34bcbc831e53dbda58f76b9f85733dbc25d0b3c1fe26847f27d319d69d5d,d9a456826b81fa1ac2bf3dfcce3d258f85bda41e085581e1493620484eea846c,train,false,D20,,a Czech road surface with alligator crack damage,202600434,512,512,28,4.5,FlowMatchEulerDiscreteScheduler,sd3base_0434_formal_train_1121.png,sd3rgda_0434_formal_train_1121.png,dca7d04a8b90b317724bd3572b21b91304f9c98fa36014208cc695df34489bc2
435,formal_train_1124,,,ce0043c15c30c277d6f14558c3a1f85e00c67a834a99db57aaa20451d366265f,eaf3d0b4d33caa32a40824746576e6c8e67c6f6470c49fdc8d386bc2190d5238,train,false,D00,,a Czech road surface with longitudinal crack damage,202600435,512,512,28,4.5,FlowMatchEulerDiscreteScheduler,sd3base_0435_formal_train_1124.png,sd3rgda_0435_formal_train_1124.png,dca7d04a8b90b317724bd3572b21b91304f9c98fa36014208cc695df34489bc2
436,formal_train_1129,,,3c03a7fe61fcf1c10da42faa4dc9f0ee28171725fabb261eae84b7d1b0878701,78cff841995e960e8342a34fd70319f447e710d95664fa4caf4559b07b9bf434,train,false,D20,,a Czech road surface with alligator crack damage,202600436,512,512,28,4.5,FlowMatchEulerDiscreteScheduler,sd3base_0436_formal_train_1129.png,sd3rgda_0436_formal_train_1129.png,dca7d04a8b90b317724bd3572b21b91304f9c98fa36014208cc695df34489bc2
437,formal_train_1132,,,1c38ae6a543096042567e98584d2dc0f517b58a9b6880422ff046e5cb3f4fb59,745786f24a28fb6b6b0d2dbe4b31de340675d4409fb9b13026ac2b7af05177e5,train,false,D00,,a Czech road surface with longitudinal crack damage,202600437,512,512,28,4.5,FlowMatchEulerDiscreteScheduler,sd3base_0437_formal_train_1132.png,sd3rgda_0437_formal_train_1132.png,dca7d04a8b90b317724bd3572b21b91304f9c98fa36014208cc695df34489bc2
438,formal_train_1133,,,67f7a81fca4a9d1b45eacfa6de530b116e9cc6a53aa2212193a24dd5e7d10c7a,69cbd7f5926e289fc14bcbc9845339aa57060a0452fa6ae9f42560e85092492e,train,false,D40,,a Czech road surface with pothole damage,202600438,512,512,28,4.5,FlowMatchEulerDiscreteScheduler,sd3base_0438_formal_train_1133.png,sd3rgda_0438_formal_train_1133.png,dca7d04a8b90b317724bd3572b21b91304f9c98fa36014208cc695df34489bc2
439,formal_train_1137,,,aad78e2a4351fcc1352ea047ebac32171bf6fcd6e8906097dc8dc8124ec95b32,b8f778d5b1791c051b8fd70af302673bffcfe51862435c6b6dabf7a18dde7a99,train,false,D00,,a Czech road surface with longitudinal crack and pothole damage,202600439,512,512,28,4.5,FlowMatchEulerDiscreteScheduler,sd3base_0439_formal_train_1137.png,sd3rgda_0439_formal_train_1137.png,dca7d04a8b90b317724bd3572b21b91304f9c98fa36014208cc695df34489bc2
440,formal_train_1138,,,2c756ce41335492a8f02aeda32a0b20a18fd07694507c83cecbea633bda9e526,5a924c29dd0da414a11a1a67d162e885fdcc2335425b1b6beae208278ae64ff9,train,false,D10,,a Czech road surface with transverse crack and alligator crack damage,202600440,512,512,28,4.5,FlowMatchEulerDiscreteScheduler,sd3base_0440_formal_train_1138.png,sd3rgda_0440_formal_train_1138.png,dca7d04a8b90b317724bd3572b21b91304f9c98fa36014208cc695df34489bc2
441,formal_train_1145,,,1c254789bc6b66b9d87d32095699531c069a1d6800e6932a67b8b5192905d5c5,24f8ec232993dacdcf8b7e877d05c0f6f62cb3c81ba12fcb94daa450f2ae3a55,train,false,D40,,a Czech road surface with pothole damage,202600441,512,512,28,4.5,FlowMatchEulerDiscreteScheduler,sd3base_0441_formal_train_1145.png,sd3rgda_0441_formal_train_1145.png,dca7d04a8b90b317724bd3572b21b91304f9c98fa36014208cc695df34489bc2
442,formal_train_1146,,,20c4986e6b1df039ae1ed7891756b7758af35897481b92f934c2bcb286e74a97,97f9eea669514a9aff77e1d78224174397ab654d839083d37f97cc791a297538,train,false,D10,,a Czech road surface with transverse crack damage,202600442,512,512,28,4.5,FlowMatchEulerDiscreteScheduler,sd3base_0442_formal_train_1146.png,sd3rgda_0442_formal_train_1146.png,dca7d04a8b90b317724bd3572b21b91304f9c98fa36014208cc695df34489bc2
443,formal_train_1147,,,57b2b5dff8c7c583fcb294014acd4d6a0d07e17a4a6e27d4043bcc7eaef678c1,87297984e9d9be222c80abcbb9e47c91723a71437d00c4c6503773b6c57fcb7a,train,false,D00,,a Czech road surface with longitudinal crack and transverse crack damage,202600443,512,512,28,4.5,FlowMatchEulerDiscreteScheduler,sd3base_0443_formal_train_1147.png,sd3rgda_0443_formal_train_1147.png,dca7d04a8b90b317724bd3572b21b91304f9c98fa36014208cc695df34489bc2
444,formal_train_1149,,,46c054cf33e347405c398e80de18a9259d5d9587e359b94f6b5c8b8820fdc3f2,91965a7a28d0612efb244a258388fdcc7e536c50b792c31d44b45d11d03fc2c1,train,false,D00,,a Czech road surface with longitudinal crack and transverse crack damage,202600444,512,512,28,4.5,FlowMatchEulerDiscreteScheduler,sd3base_0444_formal_train_1149.png,sd3rgda_0444_formal_train_1149.png,dca7d04a8b90b317724bd3572b21b91304f9c98fa36014208cc695df34489bc2
445,formal_train_1150,,,3f600a8fed7f85d5df5e919ec397114a6e80e1617686dcf6bb8f209864d40560,7ffe29b785e5919d38016f4585664f0cb715eed9b9f039a92d2d4e6d0bed1c29,train,false,D10,,a Czech road surface with transverse crack damage,202600445,512,512,28,4.5,FlowMatchEulerDiscreteScheduler,sd3base_0445_formal_train_1150.png,sd3rgda_0445_formal_train_1150.png,dca7d04a8b90b317724bd3572b21b91304f9c98fa36014208cc695df34489bc2
446,formal_train_1153,,,951092b0273cec25400e816f038f737bb81f9b12edbc47ab36b2dcb41f42ed3b,1ba20ccf53967f03746228bb1e13efe20b1a6b119b2f2f7a870aa393c15e103f,train,false,D40,,a Czech road surface with pothole damage,202600446,512,512,28,4.5,FlowMatchEulerDiscreteScheduler,sd3base_0446_formal_train_1153.png,sd3rgda_0446_formal_train_1153.png,dca7d04a8b90b317724bd3572b21b91304f9c98fa36014208cc695df34489bc2
447,formal_train_1155,,,923e3e6284399fff51fac140662d12a1a794db58fe2439bd7f41dbfeaaea97f1,3d698d0e204ae4f4d696a22e71d3269767deb27dcd66fdfa6b9931f1518e7733,train,false,D40,,a Czech road surface with pothole damage,202600447,512,512,28,4.5,FlowMatchEulerDiscreteScheduler,sd3base_0447_formal_train_1155.png,sd3rgda_0447_formal_train_1155.png,dca7d04a8b90b317724bd3572b21b91304f9c98fa36014208cc695df34489bc2
448,formal_train_1164,,,e9a52a9dc564c94cf4ce1a83c41ca24989334e80b9820d4d5130a6fb47123b64,0ffba08629106bb4c443041aeeaa1ce065916433896267c453ae52431243102e,train,false,D00,,a Czech road surface with longitudinal crack damage,202600448,512,512,28,4.5,FlowMatchEulerDiscreteScheduler,sd3base_0448_formal_train_1164.png,sd3rgda_0448_formal_train_1164.png,dca7d04a8b90b317724bd3572b21b91304f9c98fa36014208cc695df34489bc2
449,formal_train_1166,,,16190755478c53c6d33c3d6a0979b7b4c94af8f040b4c2bcdaa865bac8757a35,c30db6cb3ff5c02c500437118c55f173c6123c1a7ecb9ecfce4d529ecbee3d3d,train,false,D10,,a Czech road surface with transverse crack damage,202600449,512,512,28,4.5,FlowMatchEulerDiscreteScheduler,sd3base_0449_formal_train_1166.png,sd3rgda_0449_formal_train_1166.png,dca7d04a8b90b317724bd3572b21b91304f9c98fa36014208cc695df34489bc2
450,formal_train_1168,,,ea8d529c712d1b3fd08dbabc74bed6b005430bdcb00c0bfbef937276ba453343,4b3e8ad4564b52e2e80d19bc105bd0678f81c8cd4a70b4111a43c66dc0056cd1,train,false,D00,,a Czech road surface with longitudinal crack damage,202600450,512,512,28,4.5,FlowMatchEulerDiscreteScheduler,sd3base_0450_formal_train_1168.png,sd3rgda_0450_formal_train_1168.png,dca7d04a8b90b317724bd3572b21b91304f9c98fa36014208cc695df34489bc2
451,formal_train_1171,,,b8d467c5a0c48e32c664648092571d2f603779d2aa3dcf404287f810604e0586,250b9ae4f6ebb1afd76752a5dfd4568cf3deb312639c83dfab2ae4302abfb5c7,train,false,D00,,a Czech road surface with longitudinal crack and transverse crack damage,202600451,512,512,28,4.5,FlowMatchEulerDiscreteScheduler,sd3base_0451_formal_train_1171.png,sd3rgda_0451_formal_train_1171.png,dca7d04a8b90b317724bd3572b21b91304f9c98fa36014208cc695df34489bc2
452,formal_train_1173,,,3e7098b1dab7f84ce0a37528c6a447fb5d5af3465e419bd4d4510361266b30f4,6ea2dd5849d6c5e4478ba38cce4ce84bf70e93133ad40ec4c34bb3cbe668d7be,train,false,D00,,a Czech road surface with longitudinal crack and transverse crack damage,202600452,512,512,28,4.5,FlowMatchEulerDiscreteScheduler,sd3base_0452_formal_train_1173.png,sd3rgda_0452_formal_train_1173.png,dca7d04a8b90b317724bd3572b21b91304f9c98fa36014208cc695df34489bc2
453,formal_train_1175,,,f1652f49e69ba1023e2357090e811d327c3f9c20b2806e7b2f1ff41ab5603b3d,f61fdb001f907c60a223818637be756596f010cc2b2b1a5c99525bb5268bd71a,train,false,D10,,a Czech road surface with transverse crack damage,202600453,512,512,28,4.5,FlowMatchEulerDiscreteScheduler,sd3base_0453_formal_train_1175.png,sd3rgda_0453_formal_train_1175.png,dca7d04a8b90b317724bd3572b21b91304f9c98fa36014208cc695df34489bc2
454,formal_train_1177,,,d885be7225a9c3663b33e380ad185867262a64bcf27448e95bd39a56bef4c1c3,dd877c444d079fbbda1a523b52175fb953cbdb17a27cc2d16e2b5205518c97dc,train,false,D20,,a Czech road surface with alligator crack damage,202600454,512,512,28,4.5,FlowMatchEulerDiscreteScheduler,sd3base_0454_formal_train_1177.png,sd3rgda_0454_formal_train_1177.png,dca7d04a8b90b317724bd3572b21b91304f9c98fa36014208cc695df34489bc2
455,formal_train_1180,,,0072f97f226f2c640f5954aac05e05abb18ccdc89ff0db28db4c25bff93afd77,b96147ee6cb96035efa3a978148f2e2e6a6662c52b5032e0441569e20350176b,train,false,D00,,a Czech road surface with longitudinal crack damage,202600455,512,512,28,4.5,FlowMatchEulerDiscreteScheduler,sd3base_0455_formal_train_1180.png,sd3rgda_0455_formal_train_1180.png,dca7d04a8b90b317724bd3572b21b91304f9c98fa36014208cc695df34489bc2
456,formal_train_1186,,,0e878b01687e2fcd976b687a831c3759bb3723a77a8388f2ec3ba01358a2782e,d00b0952c42b66eb1fdb271a2a24489815e7f241ccd13e7904ebaafdb4ee49a9,train,false,D00,,a Czech road surface with longitudinal crack and alligator crack damage,202600456,512,512,28,4.5,FlowMatchEulerDiscreteScheduler,sd3base_0456_formal_train_1186.png,sd3rgda_0456_formal_train_1186.png,dca7d04a8b90b317724bd3572b21b91304f9c98fa36014208cc695df34489bc2
457,formal_train_1188,,,ab93d14275833216b4a7beaf2163abd028f2aa3009870ef130557598c8ee106b,bfd7a63e8f13f41e9917b0d0f2d6d17dcc5ad6f5f3e7c50df7692fb40dc762ec,train,false,D40,,a Czech road surface with pothole damage,202600457,512,512,28,4.5,FlowMatchEulerDiscreteScheduler,sd3base_0457_formal_train_1188.png,sd3rgda_0457_formal_train_1188.png,dca7d04a8b90b317724bd3572b21b91304f9c98fa36014208cc695df34489bc2
458,formal_train_1191,,,0d86abb1dfd895ce74369a0e9fea5e99d8cf0c87fa1c35e40b7425f1f4f7798a,8025647bdfe10084ca6a0986996edf1ba6e5279941839f8d80f6d329e0699871,train,false,D00,,a Czech road surface with longitudinal crack damage,202600458,512,512,28,4.5,FlowMatchEulerDiscreteScheduler,sd3base_0458_formal_train_1191.png,sd3rgda_0458_formal_train_1191.png,dca7d04a8b90b317724bd3572b21b91304f9c98fa36014208cc695df34489bc2
459,formal_train_1192,,,277386fed19aa2cfec7e66ac1c2b42f4031f9349ad02dfd56969a67d292ffdd6,6a438b4a7c89c94db081cd5f74d5fae3b72b1118d65eecb928415540649a91f9,train,false,D10,,a Czech road surface with transverse crack damage,202600459,512,512,28,4.5,FlowMatchEulerDiscreteScheduler,sd3base_0459_formal_train_1192.png,sd3rgda_0459_formal_train_1192.png,dca7d04a8b90b317724bd3572b21b91304f9c98fa36014208cc695df34489bc2
460,formal_train_1195,,,31615653a68ddce9ffd524ff9cef3534e56aba9d111e8f1ce87115dac29e172b,f3c3158c1e370165eff1979a7b35865b7d6717033aae7a72f6ba8b5ea2f134a9,train,false,D00,,a Czech road surface with longitudinal crack damage,202600460,512,512,28,4.5,FlowMatchEulerDiscreteScheduler,sd3base_0460_formal_train_1195.png,sd3rgda_0460_formal_train_1195.png,dca7d04a8b90b317724bd3572b21b91304f9c98fa36014208cc695df34489bc2
461,formal_train_1197,,,2b2b777dea5b0923fb6c1e4141691fe93d8f69990c2b202f5a44e24943187fef,4fd54eb829717162031361c4f7df571c88894fbbd109e17b704f922e94b8ff3e,train,false,D20,,a Czech road surface with alligator crack damage,202600461,512,512,28,4.5,FlowMatchEulerDiscreteScheduler,sd3base_0461_formal_train_1197.png,sd3rgda_0461_formal_train_1197.png,dca7d04a8b90b317724bd3572b21b91304f9c98fa36014208cc695df34489bc2
462,formal_train_1198,,,e1bb5e8a6470b38277563a1368f8d5561b62e7451c1a55dbe33f83bec9297aa4,a0e8c4b3dcf44347469496e0d769a827223f2afee0a3d8672c9e1f31ee08db5b,train,false,D00,,a Czech road surface with longitudinal crack and transverse crack damage,202600462,512,512,28,4.5,FlowMatchEulerDiscreteScheduler,sd3base_0462_formal_train_1198.png,sd3rgda_0462_formal_train_1198.png,dca7d04a8b90b317724bd3572b21b91304f9c98fa36014208cc695df34489bc2
463,formal_train_1199,,,4e0e657d953b26b2cfc3646a3d3d41c5423ea59077d34d101c46ab363f9f6c4c,80b120bbcd5ba4c6ee06469565891bfc85ef1db28c0f536738da58911cae67d3,train,false,D00,,a Czech road surface with longitudinal crack damage,202600463,512,512,28,4.5,FlowMatchEulerDiscreteScheduler,sd3base_0463_formal_train_1199.png,sd3rgda_0463_formal_train_1199.png,dca7d04a8b90b317724bd3572b21b91304f9c98fa36014208cc695df34489bc2
464,formal_train_1200,,,e0f890f0ba05faa3f69b8524b8b34eaa52e2882f55427c95fc3f0712ce32dcbd,dc928b8c42b32b138fab0a115c89dfb47dab5b6fc542869dc05a54adef314c09,train,false,D00,,a Czech road surface with longitudinal crack damage,202600464,512,512,28,4.5,FlowMatchEulerDiscreteScheduler,sd3base_0464_formal_train_1200.png,sd3rgda_0464_formal_train_1200.png,dca7d04a8b90b317724bd3572b21b91304f9c98fa36014208cc695df34489bc2
465,formal_train_1201,,,427748cec627645673b11cf440f847269af6d6d1f3276b0d61619340af11da53,365d82bc50897c2f99d7b5f2ca000962ef17f134c4d0245e452e421575b91052,train,false,D00,,a Czech road surface with longitudinal crack damage,202600465,512,512,28,4.5,FlowMatchEulerDiscreteScheduler,sd3base_0465_formal_train_1201.png,sd3rgda_0465_formal_train_1201.png,dca7d04a8b90b317724bd3572b21b91304f9c98fa36014208cc695df34489bc2
466,formal_train_1205,,,a4dc53c6237a05ac2162ff8415d1afbb50653fbe02ea7ca6cd04781743f2cadf,0c41e6633ba6fbab199acc2121a345b9579775727e1bb703775ca5734452a997,train,false,D00,,a Czech road surface with longitudinal crack damage,202600466,512,512,28,4.5,FlowMatchEulerDiscreteScheduler,sd3base_0466_formal_train_1205.png,sd3rgda_0466_formal_train_1205.png,dca7d04a8b90b317724bd3572b21b91304f9c98fa36014208cc695df34489bc2
467,formal_train_1211,,,8e3829d6c7237b1f6cdbd57475bb5ef12ab7b3d3feb8b1759cce2b8a9df266be,c9f973597125543abe41a1ac8e84327f40931091d9434c4f6a924b553fa6ba2a,train,false,D00,,a Czech road surface with longitudinal crack damage,202600467,512,512,28,4.5,FlowMatchEulerDiscreteScheduler,sd3base_0467_formal_train_1211.png,sd3rgda_0467_formal_train_1211.png,dca7d04a8b90b317724bd3572b21b91304f9c98fa36014208cc695df34489bc2
468,formal_train_1212,,,86ef7160c74609e3e40244578e5a634f7caca998a1ebfa314d739574ac8d5aed,c18198894a15b332666a0c093896d95e8831a164ff9dbba8a6a529737b37fd94,train,false,D00,,a Czech road surface with longitudinal crack damage,202600468,512,512,28,4.5,FlowMatchEulerDiscreteScheduler,sd3base_0468_formal_train_1212.png,sd3rgda_0468_formal_train_1212.png,dca7d04a8b90b317724bd3572b21b91304f9c98fa36014208cc695df34489bc2
469,formal_train_1221,,,ac40c80f4c70f354a6390517992232d75608de5a6a09b7d963bd004683bc2a5f,76468e38420f4ab5f240d87efa6108c569d0d3fc5ef7529315b08b86507ab36f,train,false,D00,,a Czech road surface with longitudinal crack and transverse crack damage,202600469,512,512,28,4.5,FlowMatchEulerDiscreteScheduler,sd3base_0469_formal_train_1221.png,sd3rgda_0469_formal_train_1221.png,dca7d04a8b90b317724bd3572b21b91304f9c98fa36014208cc695df34489bc2
470,formal_train_1223,,,b30aad9e3fbb65ca4498e7296a32ae94cc242fdc52974af2ac7f1ff3c07e7d78,c8d24521faa80104be708c3769b5322ea3bbc69adebc5824f31e450a02df9764,train,false,D00,,a Czech road surface with longitudinal crack damage,202600470,512,512,28,4.5,FlowMatchEulerDiscreteScheduler,sd3base_0470_formal_train_1223.png,sd3rgda_0470_formal_train_1223.png,dca7d04a8b90b317724bd3572b21b91304f9c98fa36014208cc695df34489bc2
471,formal_train_1224,,,eb25bcd34e558a883114e929f614f4f86019319c8b76c89035ed7924eda15c38,3f13b80503afd97cb61094d1312a826929a438cbd3e1db1df34bc4a901d52275,train,false,D00,,a Czech road surface with longitudinal crack damage,202600471,512,512,28,4.5,FlowMatchEulerDiscreteScheduler,sd3base_0471_formal_train_1224.png,sd3rgda_0471_formal_train_1224.png,dca7d04a8b90b317724bd3572b21b91304f9c98fa36014208cc695df34489bc2
472,formal_train_1228,,,6757d51fcd29dfc82504cae868992524003a0ff2d87b721fc950805028eef988,11c1e0627797f76754a691d72dbf9b2cd982c5bc0011f9f9f29780542ddf4ed5,train,false,D00,,a Czech road surface with longitudinal crack and transverse crack and alligator crack damage,202600472,512,512,28,4.5,FlowMatchEulerDiscreteScheduler,sd3base_0472_formal_train_1228.png,sd3rgda_0472_formal_train_1228.png,dca7d04a8b90b317724bd3572b21b91304f9c98fa36014208cc695df34489bc2
473,formal_train_1233,,,160ea3b80690aae14b5457fdcf230c043141f73696021e6048d3d8071a987e4b,8151b507827adb9e9301e14ecedf409ee0ea0b6ddb61151d3789e111067ee4ae,train,false,D00,,a Czech road surface with longitudinal crack damage,202600473,512,512,28,4.5,FlowMatchEulerDiscreteScheduler,sd3base_0473_formal_train_1233.png,sd3rgda_0473_formal_train_1233.png,dca7d04a8b90b317724bd3572b21b91304f9c98fa36014208cc695df34489bc2
474,formal_train_1236,,,b9f66373ddaf24aefa07163385165b06e8e90eebadeb46652a5195c6d10485e2,0cbe008dea49ccbd207815c838affcde55a2838908cf32a87c5286ba9a895ae0,train,false,D40,,a Czech road surface with pothole damage,202600474,512,512,28,4.5,FlowMatchEulerDiscreteScheduler,sd3base_0474_formal_train_1236.png,sd3rgda_0474_formal_train_1236.png,dca7d04a8b90b317724bd3572b21b91304f9c98fa36014208cc695df34489bc2
475,formal_train_1237,,,bdd348cbae3d4fb9838be370d8916a42868c88e8c3e6a0a51929c92d7576d836,3c0cb45096b7b5b9db499d3d1433bd70a6a6f25d9d8eca804a032163f1e347d4,train,false,D00,,a Czech road surface with longitudinal crack damage,202600475,512,512,28,4.5,FlowMatchEulerDiscreteScheduler,sd3base_0475_formal_train_1237.png,sd3rgda_0475_formal_train_1237.png,dca7d04a8b90b317724bd3572b21b91304f9c98fa36014208cc695df34489bc2
476,formal_train_1240,,,01a383819ffae484b2347cc464d07afed0e688fedc01baac21a6195ebece026b,240c141e6f34ad4f03c3182821d9f27a20a7a6692a694ea4dbd3fa01ca7487b1,train,false,D40,,a Czech road surface with pothole damage,202600476,512,512,28,4.5,FlowMatchEulerDiscreteScheduler,sd3base_0476_formal_train_1240.png,sd3rgda_0476_formal_train_1240.png,dca7d04a8b90b317724bd3572b21b91304f9c98fa36014208cc695df34489bc2
477,formal_train_1242,,,e99c78d651da555f2c9f196b26d867c2961b9aed1a49be534f11d8b549a25e88,c4b59edff470327eda97099591476b9a83f7474f1d5043187c8665e1e658808b,train,false,D00,,a Czech road surface with longitudinal crack damage,202600477,512,512,28,4.5,FlowMatchEulerDiscreteScheduler,sd3base_0477_formal_train_1242.png,sd3rgda_0477_formal_train_1242.png,dca7d04a8b90b317724bd3572b21b91304f9c98fa36014208cc695df34489bc2
478,formal_train_1243,,,4114bea212919c1d4b3c9ef49ed2bf8ebb64bd1d4162b2056039f01b7f933dfc,a775b8dd1ef6941afef81a958ef0b9dcb04ac66a328279f42530cf7466a130f2,train,false,D10,,a Czech road surface with transverse crack damage,202600478,512,512,28,4.5,FlowMatchEulerDiscreteScheduler,sd3base_0478_formal_train_1243.png,sd3rgda_0478_formal_train_1243.png,dca7d04a8b90b317724bd3572b21b91304f9c98fa36014208cc695df34489bc2
479,formal_train_1245,,,6bfbb98c3dae66d482a7d588e9fdb21336879ff4dd7be1e9eb036f5e5d16b1da,dedde018cf16a6f3a838d9130cce0caca170e784ec4eb401f240b63bfe631251,train,false,D00,,a Czech road surface with longitudinal crack damage,202600479,512,512,28,4.5,FlowMatchEulerDiscreteScheduler,sd3base_0479_formal_train_1245.png,sd3rgda_0479_formal_train_1245.png,dca7d04a8b90b317724bd3572b21b91304f9c98fa36014208cc695df34489bc2
480,formal_train_1247,,,d8078dd3910a842906f671c54485f2c3474e39718c28910933bf0506ccb7b730,b3c85d6448af2910b540661e882dbbeb03fa94cfb7d0a1cf393bbbd4220c947f,train,false,D00,,a Czech road surface with longitudinal crack and transverse crack damage,202600480,512,512,28,4.5,FlowMatchEulerDiscreteScheduler,sd3base_0480_formal_train_1247.png,sd3rgda_0480_formal_train_1247.png,dca7d04a8b90b317724bd3572b21b91304f9c98fa36014208cc695df34489bc2
481,formal_train_1248,,,409ca0b30b97faf2de6b0f1a69330327869c6cc0b724686075e061487dc49fb4,f64e1026da1431669b24e82ffd377d8b32cf2eb9b721cd26fbf6e15423a4dcef,train,false,D40,,a Czech road surface with pothole damage,202600481,512,512,28,4.5,FlowMatchEulerDiscreteScheduler,sd3base_0481_formal_train_1248.png,sd3rgda_0481_formal_train_1248.png,dca7d04a8b90b317724bd3572b21b91304f9c98fa36014208cc695df34489bc2
482,formal_train_1249,,,fd9c2bd82d4a52ec30ecaab733be0755a92b146475cc860f3a376067701725e6,e8145527f54c1f6b46ad957cc70499a7f2526523b212450450b6964fd6ba11ef,train,false,D10,,a Czech road surface with transverse crack damage,202600482,512,512,28,4.5,FlowMatchEulerDiscreteScheduler,sd3base_0482_formal_train_1249.png,sd3rgda_0482_formal_train_1249.png,dca7d04a8b90b317724bd3572b21b91304f9c98fa36014208cc695df34489bc2
483,formal_train_1250,,,d3c13d9d2f87781ae6d1d74dbca9287039ea9a0fd23aba97cd30510b5d4e1f84,1ab8b3d03e8a43b4ef32a40789460a77da1b3617bd5736abadaeec5fd5ca6b46,train,false,D00,,a Czech road surface with longitudinal crack damage,202600483,512,512,28,4.5,FlowMatchEulerDiscreteScheduler,sd3base_0483_formal_train_1250.png,sd3rgda_0483_formal_train_1250.png,dca7d04a8b90b317724bd3572b21b91304f9c98fa36014208cc695df34489bc2
484,formal_train_1252,,,63508db61a48d664dcb0a3d1affbf2de060afd29792a536f3cbcdc7fb518620d,a91c8c99ecfb7232212e60f78b71e6f2775040f8877e384f778c3cd5256b455f,train,false,D10,,a Czech road surface with transverse crack damage,202600484,512,512,28,4.5,FlowMatchEulerDiscreteScheduler,sd3base_0484_formal_train_1252.png,sd3rgda_0484_formal_train_1252.png,dca7d04a8b90b317724bd3572b21b91304f9c98fa36014208cc695df34489bc2
485,formal_train_1262,,,a1c70be52e393ea2e2e527cbfacd56a6bd63163afddc1c98202b15d5e8d2c4e6,464cf7e90e097622a8742d70d6b27ac618d6c9682562a31b349933c59725399f,train,false,D00,,a Czech road surface with longitudinal crack damage,202600485,512,512,28,4.5,FlowMatchEulerDiscreteScheduler,sd3base_0485_formal_train_1262.png,sd3rgda_0485_formal_train_1262.png,dca7d04a8b90b317724bd3572b21b91304f9c98fa36014208cc695df34489bc2
486,formal_train_1264,,,8ccfdbde57ebb4f29e79b70d904b729ea6be71e0fd5862a7ec58c6f86f576acd,050f6435a71080a4cabaa6506e1be4fc1a892fc8ce71c1d66630312d2d4157b5,train,false,D20,,a Czech road surface with alligator crack damage,202600486,512,512,28,4.5,FlowMatchEulerDiscreteScheduler,sd3base_0486_formal_train_1264.png,sd3rgda_0486_formal_train_1264.png,dca7d04a8b90b317724bd3572b21b91304f9c98fa36014208cc695df34489bc2
487,formal_train_1265,,,7f22202e948a6fc700b304b4a8f1bfcceee7995d927e24fa101612bae41a78e9,cca3452a850930ec2fa46432eb95a63ae344151335129b719e4133e8bb8aca8e,train,false,D00,,a Czech road surface with longitudinal crack and transverse crack damage,202600487,512,512,28,4.5,FlowMatchEulerDiscreteScheduler,sd3base_0487_formal_train_1265.png,sd3rgda_0487_formal_train_1265.png,dca7d04a8b90b317724bd3572b21b91304f9c98fa36014208cc695df34489bc2
488,formal_train_1276,,,f38d00f2facc681fd62dd608afddbb66e3a22bf002286b870a643d180959f820,96d9e15b46022e1dc042351dc4b1dec58c2388160e1629fd5cf9ae179193a396,train,false,D00,,a Czech road surface with longitudinal crack damage,202600488,512,512,28,4.5,FlowMatchEulerDiscreteScheduler,sd3base_0488_formal_train_1276.png,sd3rgda_0488_formal_train_1276.png,dca7d04a8b90b317724bd3572b21b91304f9c98fa36014208cc695df34489bc2
489,formal_train_1279,,,aac73be32672e3770840448930ba91d686e1de1cc3757d39fdeb32a693503ac7,e6c5e7e7d2c8efc62cbf964cd320bbdc62af56b351a62a0a22595920bb074608,train,false,D00,,a Czech road surface with longitudinal crack damage,202600489,512,512,28,4.5,FlowMatchEulerDiscreteScheduler,sd3base_0489_formal_train_1279.png,sd3rgda_0489_formal_train_1279.png,dca7d04a8b90b317724bd3572b21b91304f9c98fa36014208cc695df34489bc2
490,formal_train_1283,,,2eee714afc8bdbf25f137a523e897b63ed0c32d915edb010c9fe45ef9d891d49,0bf647d8ab1922d6f387b4bfe41cc656608bae0b3069b08b6faf85e12a6e8dfd,train,false,D00,,a Czech road surface with longitudinal crack damage,202600490,512,512,28,4.5,FlowMatchEulerDiscreteScheduler,sd3base_0490_formal_train_1283.png,sd3rgda_0490_formal_train_1283.png,dca7d04a8b90b317724bd3572b21b91304f9c98fa36014208cc695df34489bc2
491,formal_train_1286,,,c5f83b973d09144a774a071724fffffe75eb6b3e12e082ec3f7ba22046df123d,86fd625df183a280e4e7f62d591861864d2cdbb56ece594d4611186da48d14b8,train,false,D00,,a Czech road surface with longitudinal crack damage,202600491,512,512,28,4.5,FlowMatchEulerDiscreteScheduler,sd3base_0491_formal_train_1286.png,sd3rgda_0491_formal_train_1286.png,dca7d04a8b90b317724bd3572b21b91304f9c98fa36014208cc695df34489bc2
492,formal_train_1290,,,f50c60799675f748ba65f488111dd56f616e94dfe08401fce5965f423ae39b83,37e433bab0ab03fdfe562289d47845eb19a7c10a0d8dae62d0a9da6f42e175e8,train,false,D10,,a Czech road surface with transverse crack damage,202600492,512,512,28,4.5,FlowMatchEulerDiscreteScheduler,sd3base_0492_formal_train_1290.png,sd3rgda_0492_formal_train_1290.png,dca7d04a8b90b317724bd3572b21b91304f9c98fa36014208cc695df34489bc2
493,formal_train_1291,,,19144e69b9ed5dd1e96a3a52aa9ba1f2de9f88b9788ad3342cbca9f98c3b35b1,48845e3622ead20a92b9aeeba27887ce5ef95d7e16b265657a605cca7a8dfc35,train,false,D00,,a Czech road surface with longitudinal crack damage,202600493,512,512,28,4.5,FlowMatchEulerDiscreteScheduler,sd3base_0493_formal_train_1291.png,sd3rgda_0493_formal_train_1291.png,dca7d04a8b90b317724bd3572b21b91304f9c98fa36014208cc695df34489bc2
494,formal_train_1295,,,6724c8556cc0ce691aa9c3701bb06edcd08dc8c776c42238d632955f494e08d0,2fbc7fd2333c10c405f49aa3f66ce125d359bc2262f5fa6f326abc1b39b032f9,train,false,D40,,a Czech road surface with pothole damage,202600494,512,512,28,4.5,FlowMatchEulerDiscreteScheduler,sd3base_0494_formal_train_1295.png,sd3rgda_0494_formal_train_1295.png,dca7d04a8b90b317724bd3572b21b91304f9c98fa36014208cc695df34489bc2
495,formal_train_1300,,,565d48c1e0f52f742881f02e3cc4455e9ba79a0345b7469a4386c75b86dde5e9,9a85dd6801db7fc0b9ca5036ddd60f1efa31ec954b33ad2fd89e55e3bbf1d7ae,train,false,D00,,a Czech road surface with longitudinal crack damage,202600495,512,512,28,4.5,FlowMatchEulerDiscreteScheduler,sd3base_0495_formal_train_1300.png,sd3rgda_0495_formal_train_1300.png,dca7d04a8b90b317724bd3572b21b91304f9c98fa36014208cc695df34489bc2
496,formal_train_1301,,,2b945e10af3a8ed709678c417b8be0a533191c81f727dbf3aab86afa996d4803,cedcd2be5343a77b2a745d7efe4cbbad2bad3b1a150bdfd2209f1aa8f73cc073,train,false,D00,,a Czech road surface with longitudinal crack and pothole damage,202600496,512,512,28,4.5,FlowMatchEulerDiscreteScheduler,sd3base_0496_formal_train_1301.png,sd3rgda_0496_formal_train_1301.png,dca7d04a8b90b317724bd3572b21b91304f9c98fa36014208cc695df34489bc2
497,formal_train_1303,,,0bb73e95c5532b4c7aeedff738bb498bfa06e49891131573e219132ea5489548,55c5ce1c0398ecbed6e7f65814e4db89b1140685e7dd25430da6afdf17e46a37,train,false,D00,,a Czech road surface with longitudinal crack damage,202600497,512,512,28,4.5,FlowMatchEulerDiscreteScheduler,sd3base_0497_formal_train_1303.png,sd3rgda_0497_formal_train_1303.png,dca7d04a8b90b317724bd3572b21b91304f9c98fa36014208cc695df34489bc2
498,formal_train_1306,,,02772998e1882a777a0c97217be59bc83bea326cb02f266e4d8cd94873080550,675054e1a299ce942057aa56593d649ae05257bd11d12bbd6e2619a088346042,train,false,D00,,a Czech road surface with longitudinal crack damage,202600498,512,512,28,4.5,FlowMatchEulerDiscreteScheduler,sd3base_0498_formal_train_1306.png,sd3rgda_0498_formal_train_1306.png,dca7d04a8b90b317724bd3572b21b91304f9c98fa36014208cc695df34489bc2
499,formal_train_1308,,,b409146843c0ab3581e2bcbdb13ca1a727decf04c33e905585ed49cdb115ceed,c5b5538060a62ef510e43e7b55ff05f2031269c7ec4a67cc07d681f49c5aaa83,train,false,D10,,a Czech road surface with transverse crack damage,202600499,512,512,28,4.5,FlowMatchEulerDiscreteScheduler,sd3base_0499_formal_train_1308.png,sd3rgda_0499_formal_train_1308.png,dca7d04a8b90b317724bd3572b21b91304f9c98fa36014208cc695df34489bc2
500,formal_train_1309,,,e704689e6246f7f780c9a3978a4afddb86ac4ef72e3222cc85d131b1206140a4,23b63594d6c740a152c3eb23151ee00633393a7a617de1c7d2bbfd17dec70b5e,train,false,D00,,a Czech road surface with longitudinal crack and transverse crack damage,202600500,512,512,28,4.5,FlowMatchEulerDiscreteScheduler,sd3base_0500_formal_train_1309.png,sd3rgda_0500_formal_train_1309.png,dca7d04a8b90b317724bd3572b21b91304f9c98fa36014208cc695df34489bc2
501,formal_train_1313,,,5e1c6e0c99d1bae99ddd94cd01ad55d4b02311be2c9b311fd5c1ce422375bda1,20241487a218c75bcd81accfdb6663f0eb024a8c05da0d28e8c2de152d94edd5,train,false,D00,,a Czech road surface with longitudinal crack damage,202600501,512,512,28,4.5,FlowMatchEulerDiscreteScheduler,sd3base_0501_formal_train_1313.png,sd3rgda_0501_formal_train_1313.png,dca7d04a8b90b317724bd3572b21b91304f9c98fa36014208cc695df34489bc2
502,formal_train_1314,,,c05841cf42239d0c9e48a76c8f3a70c58b2a6407b58c2c7191bc85c703fc5173,62c00f5df7b5e2856ec0522a6985ef897fe4a751e856501d2f65aaa4e80915a9,train,false,D00,,a Czech road surface with longitudinal crack and transverse crack damage,202600502,512,512,28,4.5,FlowMatchEulerDiscreteScheduler,sd3base_0502_formal_train_1314.png,sd3rgda_0502_formal_train_1314.png,dca7d04a8b90b317724bd3572b21b91304f9c98fa36014208cc695df34489bc2
503,formal_train_1320,,,8ed7ed264750c8a669ffcafa742d745bdd7499ace2e27e11257b690e7cf1f349,cfc0e468ecb00605c37dad0e5e318027526467aa038d2494e38fd15665247735,train,false,D00,,a Czech road surface with longitudinal crack damage,202600503,512,512,28,4.5,FlowMatchEulerDiscreteScheduler,sd3base_0503_formal_train_1320.png,sd3rgda_0503_formal_train_1320.png,dca7d04a8b90b317724bd3572b21b91304f9c98fa36014208cc695df34489bc2
504,formal_train_1323,,,3ccf5fae3aa5b1544a03383fdca3cb7c1ba006289d178f996d29f5d1288293c9,7da4be2bb55f8434380cec667f026da659c66ad0acc0766d1d14cb43e65e0220,train,false,D00,,a Czech road surface with longitudinal crack and transverse crack damage,202600504,512,512,28,4.5,FlowMatchEulerDiscreteScheduler,sd3base_0504_formal_train_1323.png,sd3rgda_0504_formal_train_1323.png,dca7d04a8b90b317724bd3572b21b91304f9c98fa36014208cc695df34489bc2
505,formal_train_1324,,,f78661fcf755add952d44c19991a3a54c385a17c848a94e89715c15a89424552,284259ed58605187d12648d49b4e79b554232e9c1dd0456685d760e215cfe0db,train,false,D00,,a Czech road surface with longitudinal crack damage,202600505,512,512,28,4.5,FlowMatchEulerDiscreteScheduler,sd3base_0505_formal_train_1324.png,sd3rgda_0505_formal_train_1324.png,dca7d04a8b90b317724bd3572b21b91304f9c98fa36014208cc695df34489bc2
506,formal_train_1330,,,258166c9a1943c87e88f75df69a45f82eeaaee452ad6ec5ce62cfca84212a1e1,46ac6c13ec8518f12dd4f582efbdaea668967d632907a554e7dbeffa0d84841f,train,false,D20,,a Czech road surface with alligator crack damage,202600506,512,512,28,4.5,FlowMatchEulerDiscreteScheduler,sd3base_0506_formal_train_1330.png,sd3rgda_0506_formal_train_1330.png,dca7d04a8b90b317724bd3572b21b91304f9c98fa36014208cc695df34489bc2
507,formal_train_1331,,,6388e24324052602ad620a06cc6dcefacee2fe23c6e72344421e286546f505b8,5903d72bbaea99e27fd28290e47bc2233daa95c28c1700180683ea496c921f04,train,false,D00,,a Czech road surface with longitudinal crack and transverse crack damage,202600507,512,512,28,4.5,FlowMatchEulerDiscreteScheduler,sd3base_0507_formal_train_1331.png,sd3rgda_0507_formal_train_1331.png,dca7d04a8b90b317724bd3572b21b91304f9c98fa36014208cc695df34489bc2
508,formal_train_1334,,,f56e2a15fb3d08ebdd727f4084d7e50c180bd0ca6c2e2f82a43a808ddd5255f5,b60702cd97e50824d84a12fe1633e2807a33bb6c1929a4d56540828a96ffbe2c,train,false,D00,,a Czech road surface with longitudinal crack and pothole damage,202600508,512,512,28,4.5,FlowMatchEulerDiscreteScheduler,sd3base_0508_formal_train_1334.png,sd3rgda_0508_formal_train_1334.png,dca7d04a8b90b317724bd3572b21b91304f9c98fa36014208cc695df34489bc2
509,formal_train_1335,,,abf87edf0bc4fc192b07977595681a9800c74446eb29e47f0a8830597389e5fa,a5aa8a77f5a8d9198f8a620eb2f99489a18fd9adc3d2588d0e49ba270d7b4008,train,false,D00,,a Czech road surface with longitudinal crack damage,202600509,512,512,28,4.5,FlowMatchEulerDiscreteScheduler,sd3base_0509_formal_train_1335.png,sd3rgda_0509_formal_train_1335.png,dca7d04a8b90b317724bd3572b21b91304f9c98fa36014208cc695df34489bc2
510,formal_train_1337,,,a5eac826601ca820757335c9e6d64c17a5dc56163b6f674397ea5b764f1badbb,83317252680cd7571fdd4953cd993f5d587334d9df5a4f74b6ece11489d5adb4,train,false,D00,,a Czech road surface with longitudinal crack damage,202600510,512,512,28,4.5,FlowMatchEulerDiscreteScheduler,sd3base_0510_formal_train_1337.png,sd3rgda_0510_formal_train_1337.png,dca7d04a8b90b317724bd3572b21b91304f9c98fa36014208cc695df34489bc2
511,formal_train_1339,,,4d05e213d0382fff9eb2c227578334b17c10f89df947651c7d8959c4d78ecee1,9a57a6d4a356ec85984e3b6abb956e09e773c3d7d43e7ffc09ca13764408a9cb,train,false,D20,,a Czech road surface with alligator crack and pothole damage,202600511,512,512,28,4.5,FlowMatchEulerDiscreteScheduler,sd3base_0511_formal_train_1339.png,sd3rgda_0511_formal_train_1339.png,dca7d04a8b90b317724bd3572b21b91304f9c98fa36014208cc695df34489bc2
512,formal_train_1340,,,3a6e9b763d3e99103a433003b38b92ac425ce815e6a00f9bff4e372cbf50f987,1fbd1e1bc6cf026b0a5dac124bed8f7eeb482fc4722eb3b792eb5052c99befee,train,false,D00,,a Czech road surface with longitudinal crack damage,202600512,512,512,28,4.5,FlowMatchEulerDiscreteScheduler,sd3base_0512_formal_train_1340.png,sd3rgda_0512_formal_train_1340.png,dca7d04a8b90b317724bd3572b21b91304f9c98fa36014208cc695df34489bc2
513,formal_train_1342,,,fc61b38154204a985fce94e1711775d3b9e367ee52a3832d774c190cccb97356,293314e3a1507165870f68fc1ab60a4f8864331e7373c03185b0c1cfc3179c16,train,false,D00,,a Czech road surface with longitudinal crack damage,202600513,512,512,28,4.5,FlowMatchEulerDiscreteScheduler,sd3base_0513_formal_train_1342.png,sd3rgda_0513_formal_train_1342.png,dca7d04a8b90b317724bd3572b21b91304f9c98fa36014208cc695df34489bc2
514,formal_train_1343,,,e7cd3c0567caa0d469d840ba9b40e63d6021c32251bf7a9e1a83695380e04649,de8d1531c2bf33789e69f320ee01803e2211dea924432dc2eb6a6411e5c5bb36,train,false,D20,,a Czech road surface with alligator crack and pothole damage,202600514,512,512,28,4.5,FlowMatchEulerDiscreteScheduler,sd3base_0514_formal_train_1343.png,sd3rgda_0514_formal_train_1343.png,dca7d04a8b90b317724bd3572b21b91304f9c98fa36014208cc695df34489bc2
515,formal_train_1345,,,9df41dffdb41374679eb234f5970abf5a2b5cafd1fdb58fec066548bf863bf26,92d2a4a226c49ba2cca9e2cd0b077aedbf45ebcd1895c8c332d885428469313d,train,false,D10,,a Czech road surface with transverse crack and pothole damage,202600515,512,512,28,4.5,FlowMatchEulerDiscreteScheduler,sd3base_0515_formal_train_1345.png,sd3rgda_0515_formal_train_1345.png,dca7d04a8b90b317724bd3572b21b91304f9c98fa36014208cc695df34489bc2
516,formal_train_1350,,,771ccf9b08ad34f3279c9e09a40a23b3b3bf3fb4d441f4373c34b844050a16ac,df05d3aef6baf9f52596f71f0b93214b3e0efb472bc69cb1ff5e15ed9e573e72,train,false,D00,,a Czech road surface with longitudinal crack damage,202600516,512,512,28,4.5,FlowMatchEulerDiscreteScheduler,sd3base_0516_formal_train_1350.png,sd3rgda_0516_formal_train_1350.png,dca7d04a8b90b317724bd3572b21b91304f9c98fa36014208cc695df34489bc2
517,formal_train_1352,,,5b28afb84617a9318238847f705cfdde135f2d3a9da4773a351f5f66570ac16c,ec413c3b977e4493aaab594c901a2b0c7f56312a87a9f8a083afdbbffbb21bc9,train,false,D00,,a Czech road surface with longitudinal crack damage,202600517,512,512,28,4.5,FlowMatchEulerDiscreteScheduler,sd3base_0517_formal_train_1352.png,sd3rgda_0517_formal_train_1352.png,dca7d04a8b90b317724bd3572b21b91304f9c98fa36014208cc695df34489bc2
518,formal_train_1353,,,1eadc733ab8a4888ab22f8b204f90475c2c5b096f8a6c364b693d80bad6dd712,5d91225a7e6a380b3770e9c23aaa7aefd19c9788ee64d19dbe3276e8c7988115,train,false,D10,,a Czech road surface with transverse crack damage,202600518,512,512,28,4.5,FlowMatchEulerDiscreteScheduler,sd3base_0518_formal_train_1353.png,sd3rgda_0518_formal_train_1353.png,dca7d04a8b90b317724bd3572b21b91304f9c98fa36014208cc695df34489bc2
519,formal_train_1354,,,d918dc20da371411fe84d44931f7932e616da3dc1c93ab231de7a734e1037614,c5c6a647cb3600341477ed0fc9ed75a96fffca172fedd3969896684014a5337f,train,false,D00,,a Czech road surface with longitudinal crack damage,202600519,512,512,28,4.5,FlowMatchEulerDiscreteScheduler,sd3base_0519_formal_train_1354.png,sd3rgda_0519_formal_train_1354.png,dca7d04a8b90b317724bd3572b21b91304f9c98fa36014208cc695df34489bc2
520,formal_train_1359,,,ecde535067c2c0ac3d41ccac83d3842e0ffa349be6ab6b2b4f3b38bcc884df84,893a4052f27104c1981caca19dbaaed9c1cb44eaf16238f76f9a9b174dd3aaa0,train,false,D10,,a Czech road surface with transverse crack damage,202600520,512,512,28,4.5,FlowMatchEulerDiscreteScheduler,sd3base_0520_formal_train_1359.png,sd3rgda_0520_formal_train_1359.png,dca7d04a8b90b317724bd3572b21b91304f9c98fa36014208cc695df34489bc2
521,formal_train_1364,,,441738ab100930a895d4bc0eedf067c19e2d10b51986cfb5d35c4648b467bb4e,a6724b053ef01bd7c61a18382c060fb286bdb80bab735e21b38f38d87c9e8802,train,false,D00,,a Czech road surface with longitudinal crack damage,202600521,512,512,28,4.5,FlowMatchEulerDiscreteScheduler,sd3base_0521_formal_train_1364.png,sd3rgda_0521_formal_train_1364.png,dca7d04a8b90b317724bd3572b21b91304f9c98fa36014208cc695df34489bc2
522,formal_train_1365,,,dc9da1fdd41a0f5f5cd1dfd31b4430b9404494b0a9f83676df637939a7a05f5d,d2e3f44b1d2d2e69978a9032dc6d63ae01b7104e935aa50293fbb2e64bdb5254,train,false,D00,,a Czech road surface with longitudinal crack and transverse crack damage,202600522,512,512,28,4.5,FlowMatchEulerDiscreteScheduler,sd3base_0522_formal_train_1365.png,sd3rgda_0522_formal_train_1365.png,dca7d04a8b90b317724bd3572b21b91304f9c98fa36014208cc695df34489bc2
523,formal_train_1367,,,b793c6651d821d24c88f9353e8a2c1a81e8f14c9e546cedc83ed47d601a8689a,fb22783cd020ec809ce55e6127d747ed81693da5bdedcc57d0c17d6ea9156ff9,train,false,D00,,a Czech road surface with longitudinal crack and transverse crack damage,202600523,512,512,28,4.5,FlowMatchEulerDiscreteScheduler,sd3base_0523_formal_train_1367.png,sd3rgda_0523_formal_train_1367.png,dca7d04a8b90b317724bd3572b21b91304f9c98fa36014208cc695df34489bc2
524,formal_train_1368,,,a07430e4842c650e8985817bc5023500fa74fabbb16b20af1d45cd8a031732d3,f6149c1c50a7f4e61d293193c6a23bb372fc1c55609d5df61708d06a0df5d856,train,false,D00,,a Czech road surface with longitudinal crack and transverse crack damage,202600524,512,512,28,4.5,FlowMatchEulerDiscreteScheduler,sd3base_0524_formal_train_1368.png,sd3rgda_0524_formal_train_1368.png,dca7d04a8b90b317724bd3572b21b91304f9c98fa36014208cc695df34489bc2
525,formal_train_1374,,,0f29318d697d7ee728f2db2f43193affc580469fc8f7d37bf97dc8c7ea3eb34f,fbf6db1e75f33588f1f42657dde6133a8a07c7b55cb60aa88343697243d1786b,train,false,D00,,a Czech road surface with longitudinal crack damage,202600525,512,512,28,4.5,FlowMatchEulerDiscreteScheduler,sd3base_0525_formal_train_1374.png,sd3rgda_0525_formal_train_1374.png,dca7d04a8b90b317724bd3572b21b91304f9c98fa36014208cc695df34489bc2
526,formal_train_1375,,,80cfc393a9ae0d97746b8f066f968c2d8726599cc27d2380bc527bbfc23af491,6fd76cfcb4f224b441d11f27c6bbebd5535cfaeea9154c3f6ef92fc3810f9758,train,false,D10,,a Czech road surface with transverse crack and alligator crack damage,202600526,512,512,28,4.5,FlowMatchEulerDiscreteScheduler,sd3base_0526_formal_train_1375.png,sd3rgda_0526_formal_train_1375.png,dca7d04a8b90b317724bd3572b21b91304f9c98fa36014208cc695df34489bc2
527,formal_train_1376,,,2000482d013c400b0497309fb3cd4bbe12ca5f7158c7df7c48710b2a3353f07e,e32a679036fc5c7f1b7f20d5255e7807cbea41714c9115c3d86aa9edfa05e87c,train,false,D40,,a Czech road surface with pothole damage,202600527,512,512,28,4.5,FlowMatchEulerDiscreteScheduler,sd3base_0527_formal_train_1376.png,sd3rgda_0527_formal_train_1376.png,dca7d04a8b90b317724bd3572b21b91304f9c98fa36014208cc695df34489bc2
528,formal_train_1377,,,dde1c19f50bfa37c138a1177774facb06d653b9378d67b3cea43e9c62d342bad,86cd4cfb2259f33fa2d0fd2bb5bec8960543ad0a3f44a3b5900b459aa17c434f,train,false,D00,,a Czech road surface with longitudinal crack damage,202600528,512,512,28,4.5,FlowMatchEulerDiscreteScheduler,sd3base_0528_formal_train_1377.png,sd3rgda_0528_formal_train_1377.png,dca7d04a8b90b317724bd3572b21b91304f9c98fa36014208cc695df34489bc2
529,formal_train_1379,,,9df067df3a94a6a2ac578a41258c2e93fe2e360dc6a59d451f7daf134d0d85cb,5997f8955a62da2409404309811bc191fc274f527593a24c80db091acb3ca900,train,false,D00,,a Czech road surface with longitudinal crack damage,202600529,512,512,28,4.5,FlowMatchEulerDiscreteScheduler,sd3base_0529_formal_train_1379.png,sd3rgda_0529_formal_train_1379.png,dca7d04a8b90b317724bd3572b21b91304f9c98fa36014208cc695df34489bc2
530,formal_train_1380,,,65a63b865c4ff017b93ce08a1a1d1aa3fe2a4c130fc7914402224c283198f27f,b0b090708d481ca83d5c31ebfb8a112d039f962877a13edb2160a549299e7cf1,train,false,D20,,a Czech road surface with alligator crack damage,202600530,512,512,28,4.5,FlowMatchEulerDiscreteScheduler,sd3base_0530_formal_train_1380.png,sd3rgda_0530_formal_train_1380.png,dca7d04a8b90b317724bd3572b21b91304f9c98fa36014208cc695df34489bc2
531,formal_train_1385,,,009e7c7d8d335715b37545013f19896b1d51d9b1f3669b31d555bd0ee5665f23,27e32a60a241f65330ceeb6b65d5f99a4319bb842a7a1efb916c8afc1e425960,train,false,D00,,a Czech road surface with longitudinal crack damage,202600531,512,512,28,4.5,FlowMatchEulerDiscreteScheduler,sd3base_0531_formal_train_1385.png,sd3rgda_0531_formal_train_1385.png,dca7d04a8b90b317724bd3572b21b91304f9c98fa36014208cc695df34489bc2
532,formal_train_1387,,,f75ef01c5aae079e332760d8f95df9494eb79c765208ba4dc517f11a2a617810,15096783b5aed2fb503c7c30dfed30cc19fbac8cadb315999c7caca2dba68129,train,false,D10,,a Czech road surface with transverse crack damage,202600532,512,512,28,4.5,FlowMatchEulerDiscreteScheduler,sd3base_0532_formal_train_1387.png,sd3rgda_0532_formal_train_1387.png,dca7d04a8b90b317724bd3572b21b91304f9c98fa36014208cc695df34489bc2
533,formal_train_1388,,,f9a479982b6eddc1900a40eec02b2a8f63e05d7cad0634ae604621af44ffd0a9,9490f4bf1a61140f2673b95462a6a42f81848b9fbe560d33e20fa804487ddef8,train,false,D00,,a Czech road surface with longitudinal crack damage,202600533,512,512,28,4.5,FlowMatchEulerDiscreteScheduler,sd3base_0533_formal_train_1388.png,sd3rgda_0533_formal_train_1388.png,dca7d04a8b90b317724bd3572b21b91304f9c98fa36014208cc695df34489bc2
534,formal_train_1395,,,c3d34a8846301490a6f8b0e356d1e7be9e9b53999a6c1a3c7d2af7d1d1988437,fc960a4e97eb4df62ee474681012b5bc02b76a39795db8e9ed3d54fe869bcd24,train,false,D00,,a Czech road surface with longitudinal crack damage,202600534,512,512,28,4.5,FlowMatchEulerDiscreteScheduler,sd3base_0534_formal_train_1395.png,sd3rgda_0534_formal_train_1395.png,dca7d04a8b90b317724bd3572b21b91304f9c98fa36014208cc695df34489bc2
535,formal_train_1397,,,8ccec7419e657d639132e80511fcc8500285b78ee1665c46a1da0aa1c666d6bc,3ba7c634df3a1f7bd4d7d010d1ba81dcd024f4500c7d98c4dded70f318b655da,train,false,D00,,a Czech road surface with longitudinal crack damage,202600535,512,512,28,4.5,FlowMatchEulerDiscreteScheduler,sd3base_0535_formal_train_1397.png,sd3rgda_0535_formal_train_1397.png,dca7d04a8b90b317724bd3572b21b91304f9c98fa36014208cc695df34489bc2
536,formal_train_1398,,,54589f8c3499d2c132e9beabd4096ff58a5911f989a7048d650bedd3215e5274,5b792b95577975d9f7b740c27331887864e772d24f666fd86009b361c09c0d7d,train,false,D00,,a Czech road surface with longitudinal crack damage,202600536,512,512,28,4.5,FlowMatchEulerDiscreteScheduler,sd3base_0536_formal_train_1398.png,sd3rgda_0536_formal_train_1398.png,dca7d04a8b90b317724bd3572b21b91304f9c98fa36014208cc695df34489bc2
537,formal_train_1403,,,83ce98e2fd2e97a0d515581b5b7bff81aafb1686fcbf2d11d81adefad46c8654,52aeed13b00d46fbe8751af3015188700283cc372a1a19c3f0c5808d6f27be75,train,false,D00,,a Czech road surface with longitudinal crack and transverse crack and pothole damage,202600537,512,512,28,4.5,FlowMatchEulerDiscreteScheduler,sd3base_0537_formal_train_1403.png,sd3rgda_0537_formal_train_1403.png,dca7d04a8b90b317724bd3572b21b91304f9c98fa36014208cc695df34489bc2
538,formal_train_1406,,,0d1288212ce18b57fb9c5351efb83af87ca0c9951624c472b6e8916810dc9c69,3dece3edbe1753594f6acee7595ecbea31f573c10ef152cb5778e51d067a2072,train,false,D00,,a Czech road surface with longitudinal crack damage,202600538,512,512,28,4.5,FlowMatchEulerDiscreteScheduler,sd3base_0538_formal_train_1406.png,sd3rgda_0538_formal_train_1406.png,dca7d04a8b90b317724bd3572b21b91304f9c98fa36014208cc695df34489bc2
539,formal_train_1409,,,e2ae3dd3d034fabf8d4d25ca0b43b9a50fa8d2f7b6c82ebc3d272993cc4c210c,e987a8cd59d91838c4e013f922e33e7222f8030ec9f11bcc02ad561123fcb522,train,false,D00,,a Czech road surface with longitudinal crack and transverse crack damage,202600539,512,512,28,4.5,FlowMatchEulerDiscreteScheduler,sd3base_0539_formal_train_1409.png,sd3rgda_0539_formal_train_1409.png,dca7d04a8b90b317724bd3572b21b91304f9c98fa36014208cc695df34489bc2
540,formal_train_1410,,,640c8e843c6c626d1e26d0560b7f0ddd19c883ef82331f071866e821a3d60075,c3c54c78806422af452a6618ef3ee37ea27cc00194403447426f94740c6f750e,train,false,D00,,a Czech road surface with longitudinal crack and transverse crack damage,202600540,512,512,28,4.5,FlowMatchEulerDiscreteScheduler,sd3base_0540_formal_train_1410.png,sd3rgda_0540_formal_train_1410.png,dca7d04a8b90b317724bd3572b21b91304f9c98fa36014208cc695df34489bc2
541,formal_train_1414,,,33c651a09656e48db3afc33b13cf7fd8da19e3f473a9a5a835aa789131133205,f55404803699ad25495f84ed5e8c987d4afb9dcf515533e4c5b92b4c3d5a2020,train,false,D00,,a Czech road surface with longitudinal crack damage,202600541,512,512,28,4.5,FlowMatchEulerDiscreteScheduler,sd3base_0541_formal_train_1414.png,sd3rgda_0541_formal_train_1414.png,dca7d04a8b90b317724bd3572b21b91304f9c98fa36014208cc695df34489bc2
542,formal_train_1417,,,de7fa74c98dc797cd8ae1b4595487c90401e88f09e7d3f0c7d39fe48a7c18de1,7db608f6a1a4ff5fb0bc4bd8a44b2e583d37d4e879a45a84acb0ea4a114ed9fe,train,false,D20,,a Czech road surface with alligator crack damage,202600542,512,512,28,4.5,FlowMatchEulerDiscreteScheduler,sd3base_0542_formal_train_1417.png,sd3rgda_0542_formal_train_1417.png,dca7d04a8b90b317724bd3572b21b91304f9c98fa36014208cc695df34489bc2
543,formal_train_1419,,,47d3879441aac1c7e87f3eecb515b19040a6bbc52782d12da9483bc0fe77245f,323db9f1b465a657034e32755ba663fdfc93407e712c1c1c1543f35243a38d64,train,false,D00,,a Czech road surface with longitudinal crack damage,202600543,512,512,28,4.5,FlowMatchEulerDiscreteScheduler,sd3base_0543_formal_train_1419.png,sd3rgda_0543_formal_train_1419.png,dca7d04a8b90b317724bd3572b21b91304f9c98fa36014208cc695df34489bc2
544,formal_train_1423,,,1a4e5b05da9be4760c021c3f8b466fa44b3f167352f535d852a099c36e9d3952,527994a050ddb30f91c47c018b848b5007b0cc56388df88ed5d64fc25792de0f,train,false,D00,,a Czech road surface with longitudinal crack and transverse crack damage,202600544,512,512,28,4.5,FlowMatchEulerDiscreteScheduler,sd3base_0544_formal_train_1423.png,sd3rgda_0544_formal_train_1423.png,dca7d04a8b90b317724bd3572b21b91304f9c98fa36014208cc695df34489bc2
545,formal_train_1425,,,33347573f9c9588bcef52e67cf291707f26a37441202fb486b4fd0d6132dc347,2ac222032b4acb81a75b3b328bec8d09a646e39e493cb673711407488aa0e50b,train,false,D00,,a Czech road surface with longitudinal crack damage,202600545,512,512,28,4.5,FlowMatchEulerDiscreteScheduler,sd3base_0545_formal_train_1425.png,sd3rgda_0545_formal_train_1425.png,dca7d04a8b90b317724bd3572b21b91304f9c98fa36014208cc695df34489bc2
546,formal_train_1427,,,f53e0442900b03455a03d9dc85edb2e2fcd76917e2d224d084ebff8f378c3f86,ff479d86e47d280a8d0e0d4963e841d9fd82e30a6234b9312aa7ec8d2d2d176c,train,false,D10,,a Czech road surface with transverse crack damage,202600546,512,512,28,4.5,FlowMatchEulerDiscreteScheduler,sd3base_0546_formal_train_1427.png,sd3rgda_0546_formal_train_1427.png,dca7d04a8b90b317724bd3572b21b91304f9c98fa36014208cc695df34489bc2
547,formal_train_1428,,,40162efd02a69834b54527f89d53e43cf2ae4fcb3f4b6fe4535f57e9d0e8ac93,8819193f98d18be2d25c1885ed49db9c3f7b52a0116b9e586d3fac1e82005223,train,false,D10,,a Czech road surface with transverse crack damage,202600547,512,512,28,4.5,FlowMatchEulerDiscreteScheduler,sd3base_0547_formal_train_1428.png,sd3rgda_0547_formal_train_1428.png,dca7d04a8b90b317724bd3572b21b91304f9c98fa36014208cc695df34489bc2
548,formal_train_1431,,,f0c42a1264b0b22e79cf997d8f77c31716bd22a0b954eb18544146cf7a7d3e84,8e6e3d5d7e98a352fe8f2ef36f35dd3c7685f958c9b5d70b09bb2f56446704f2,train,false,D10,,a Czech road surface with transverse crack damage,202600548,512,512,28,4.5,FlowMatchEulerDiscreteScheduler,sd3base_0548_formal_train_1431.png,sd3rgda_0548_formal_train_1431.png,dca7d04a8b90b317724bd3572b21b91304f9c98fa36014208cc695df34489bc2
549,formal_train_1434,,,f1a581acbf61e1e42cbc9169f0482293321486d40f153f84554afd85c89bd8fe,f93ca5aca39341e273c7bd27aa96f9906c8c2c61a8681331f05f4c1ffc66b50b,train,false,D00,,a Czech road surface with longitudinal crack and pothole damage,202600549,512,512,28,4.5,FlowMatchEulerDiscreteScheduler,sd3base_0549_formal_train_1434.png,sd3rgda_0549_formal_train_1434.png,dca7d04a8b90b317724bd3572b21b91304f9c98fa36014208cc695df34489bc2
550,formal_train_1435,,,d1b43c8af0c9b8bcbe78b88ab02cb19c24cd53815281e50bf59216befe5320dc,dbb76216e656564bda5c9030d5bf4d6a61248e6f288e4e1b153700a1eb775a34,train,false,D00,,a Czech road surface with longitudinal crack and transverse crack damage,202600550,512,512,28,4.5,FlowMatchEulerDiscreteScheduler,sd3base_0550_formal_train_1435.png,sd3rgda_0550_formal_train_1435.png,dca7d04a8b90b317724bd3572b21b91304f9c98fa36014208cc695df34489bc2
551,formal_train_1441,,,b071ef996b74ca5a36133e5cd3c66434344980722dea4377649d87452688c5b3,619cbbea18461af445d785e0cec798e51c59db29fa6207b8a47464e14a543889,train,false,D20,,a Czech road surface with alligator crack and pothole damage,202600551,512,512,28,4.5,FlowMatchEulerDiscreteScheduler,sd3base_0551_formal_train_1441.png,sd3rgda_0551_formal_train_1441.png,dca7d04a8b90b317724bd3572b21b91304f9c98fa36014208cc695df34489bc2
552,formal_train_1444,,,4535cba3aacbda02c57901d30a92e0ca28a746720f0b38955ab38504f7c75b1e,08b838a57366b90105d0ea18ae5c65b76957742d53a42e32a2adf915dc77a162,train,false,D00,,a Czech road surface with longitudinal crack damage,202600552,512,512,28,4.5,FlowMatchEulerDiscreteScheduler,sd3base_0552_formal_train_1444.png,sd3rgda_0552_formal_train_1444.png,dca7d04a8b90b317724bd3572b21b91304f9c98fa36014208cc695df34489bc2
553,formal_train_1445,,,c09787654a29937c5f04e4dabae06ea5c2da61fda3af29bb88038a0a117906d0,68da6b3b348b78fc2d01f50fefe464682a12c837b56b092a27c9a4bce54ef256,train,false,D40,,a Czech road surface with pothole damage,202600553,512,512,28,4.5,FlowMatchEulerDiscreteScheduler,sd3base_0553_formal_train_1445.png,sd3rgda_0553_formal_train_1445.png,dca7d04a8b90b317724bd3572b21b91304f9c98fa36014208cc695df34489bc2
554,formal_train_1446,,,b541fb52159e5d54c718258c130f77daf1eaf62dfdfcf05188ae400cedcc5bf3,123b4ef40caaab5f391bb098a70215f8f629224c8db53b763dee7a91539836a9,train,false,D00,,a Czech road surface with longitudinal crack and transverse crack damage,202600554,512,512,28,4.5,FlowMatchEulerDiscreteScheduler,sd3base_0554_formal_train_1446.png,sd3rgda_0554_formal_train_1446.png,dca7d04a8b90b317724bd3572b21b91304f9c98fa36014208cc695df34489bc2
555,formal_train_1447,,,1d17f2da68b571a7c44ccbf910e6ba30fa43c1cb23777bb496c70eac5b1c2933,067065c55d00988d7276b5caf81b69780865cf9b7d47dc3245a8eb80227a85ce,train,false,D00,,a Czech road surface with longitudinal crack damage,202600555,512,512,28,4.5,FlowMatchEulerDiscreteScheduler,sd3base_0555_formal_train_1447.png,sd3rgda_0555_formal_train_1447.png,dca7d04a8b90b317724bd3572b21b91304f9c98fa36014208cc695df34489bc2
556,formal_train_1448,,,b073285432daaaca509fc6a35127d881e6ab01ed49b8c2ee6327c3730bc09e53,a696181673ee1da771b1fb29629dcfad5cfdd65ae8575ea48a0d5facb527fd1f,train,false,D00,,a Czech road surface with longitudinal crack damage,202600556,512,512,28,4.5,FlowMatchEulerDiscreteScheduler,sd3base_0556_formal_train_1448.png,sd3rgda_0556_formal_train_1448.png,dca7d04a8b90b317724bd3572b21b91304f9c98fa36014208cc695df34489bc2
557,formal_train_1449,,,1f6ef68c65f5adc8f220b7402abf020337a4c27b96843739f1668d174d42780e,a744099ce4df21f1ed9bb98073c7ccb731e1116308f561d1dab8772d56579413,train,false,D00,,a Czech road surface with longitudinal crack damage,202600557,512,512,28,4.5,FlowMatchEulerDiscreteScheduler,sd3base_0557_formal_train_1449.png,sd3rgda_0557_formal_train_1449.png,dca7d04a8b90b317724bd3572b21b91304f9c98fa36014208cc695df34489bc2
558,formal_train_1453,,,c297a27d84a240715ce38b6f0c1613a55827e861400b3447cb052ff465a24ec2,b8c9b2a5e2461092bd763a10fc7c71ee5fe5b34c63103ab4f2cfdf2e6fe7bd00,train,false,D00,,a Czech road surface with longitudinal crack and transverse crack damage,202600558,512,512,28,4.5,FlowMatchEulerDiscreteScheduler,sd3base_0558_formal_train_1453.png,sd3rgda_0558_formal_train_1453.png,dca7d04a8b90b317724bd3572b21b91304f9c98fa36014208cc695df34489bc2
559,formal_train_1459,,,122c8d9c05a8978f6fcddcbada985b74df86f1cf95393901b53850767192031c,59158096fe5b37420e9d8f3714abb02992da803cef2643d0b03793ffc3c1e912,train,false,D00,,a Czech road surface with longitudinal crack and transverse crack damage,202600559,512,512,28,4.5,FlowMatchEulerDiscreteScheduler,sd3base_0559_formal_train_1459.png,sd3rgda_0559_formal_train_1459.png,dca7d04a8b90b317724bd3572b21b91304f9c98fa36014208cc695df34489bc2
560,formal_train_1465,,,52e500fd5ad5424a3d5382c31792ea835d242d12e9126321893b19a0c0b8f23f,9bdcbf4646379155a0a441d2ac120d9e19cb06c0a9a0d977de07fe45192b2d27,train,false,D10,,a Czech road surface with transverse crack damage,202600560,512,512,28,4.5,FlowMatchEulerDiscreteScheduler,sd3base_0560_formal_train_1465.png,sd3rgda_0560_formal_train_1465.png,dca7d04a8b90b317724bd3572b21b91304f9c98fa36014208cc695df34489bc2
561,formal_train_1473,,,9326453aa5cf3353c614c0548b9c9493646f15efcf03b3950787927acd078582,67bc48f7ceecca5fd99c6b73ec688a81374b087723497744908a7d2d2cb5f799,train,false,D00,,a Czech road surface with longitudinal crack damage,202600561,512,512,28,4.5,FlowMatchEulerDiscreteScheduler,sd3base_0561_formal_train_1473.png,sd3rgda_0561_formal_train_1473.png,dca7d04a8b90b317724bd3572b21b91304f9c98fa36014208cc695df34489bc2
562,formal_train_1477,,,8af8221b9592920188ac6077fd1a63f0989fc3cddb6d7891f433de39eee26214,17ffba8b100e04fceed60c6bb72b500cff0408de834c94143b465ff6cc7787a7,train,false,D10,,a Czech road surface with transverse crack damage,202600562,512,512,28,4.5,FlowMatchEulerDiscreteScheduler,sd3base_0562_formal_train_1477.png,sd3rgda_0562_formal_train_1477.png,dca7d04a8b90b317724bd3572b21b91304f9c98fa36014208cc695df34489bc2
563,formal_train_1478,,,7e236f9889cb6fd9af758e60d6a53c7faa6a6a0d00207e2d86bbaf265e8de83b,edff4c2cf7dcd9b03527e41dcd17e8670126ece3f89a69b2c384b3f07a8a090d,train,false,D00,,a Czech road surface with longitudinal crack and transverse crack damage,202600563,512,512,28,4.5,FlowMatchEulerDiscreteScheduler,sd3base_0563_formal_train_1478.png,sd3rgda_0563_formal_train_1478.png,dca7d04a8b90b317724bd3572b21b91304f9c98fa36014208cc695df34489bc2
564,formal_train_1481,,,eb3636bb9146b58e5dc81fd8e52058ea9168923d48966cb33fafe2db00fa140d,c9a70f13fec19b67288f68c9c80f5105440753de8f1d721cca056889645db304,train,false,D10,,a Czech road surface with transverse crack damage,202600564,512,512,28,4.5,FlowMatchEulerDiscreteScheduler,sd3base_0564_formal_train_1481.png,sd3rgda_0564_formal_train_1481.png,dca7d04a8b90b317724bd3572b21b91304f9c98fa36014208cc695df34489bc2
565,formal_train_1482,,,e9378ec05ebd69fd1e20fb27a8ef26896579a7733976ce6f84eb85742c7a0876,b001d33733c8a83c282c7c80e73c1a900542947f1c843e44dd95c0a3d3d60f45,train,false,D20,,a Czech road surface with alligator crack damage,202600565,512,512,28,4.5,FlowMatchEulerDiscreteScheduler,sd3base_0565_formal_train_1482.png,sd3rgda_0565_formal_train_1482.png,dca7d04a8b90b317724bd3572b21b91304f9c98fa36014208cc695df34489bc2
566,formal_train_1485,,,f2ca83915c0f87affde12cb7ca1ea41caa9c7b20ff2be6c8dfc56b9f054c59df,afbbfd488761af966f8c0db6bba3e3410ddb22b28e198ce46702d7f1ba98b393,train,false,D20,,a Czech road surface with alligator crack damage,202600566,512,512,28,4.5,FlowMatchEulerDiscreteScheduler,sd3base_0566_formal_train_1485.png,sd3rgda_0566_formal_train_1485.png,dca7d04a8b90b317724bd3572b21b91304f9c98fa36014208cc695df34489bc2
567,formal_train_1486,,,95e98034a00454e8c233cb0c802d6d4eeb4c48e1a0516c64d6c55621f908ee98,9cf8cfcc75ca1afb1d14048ddf30d5ddeca08ced0a22102c50af4a3a3d65ee13,train,false,D00,,a Czech road surface with longitudinal crack damage,202600567,512,512,28,4.5,FlowMatchEulerDiscreteScheduler,sd3base_0567_formal_train_1486.png,sd3rgda_0567_formal_train_1486.png,dca7d04a8b90b317724bd3572b21b91304f9c98fa36014208cc695df34489bc2
568,formal_train_1489,,,42c4516e3dbb6c5996376e1c0456c82e22b29b7263ac624082c8aa799969a47f,afd4203654e88e83a7af1b466857fb92cd63627e5c3dfda930680b37a1e1b279,train,false,D00,,a Czech road surface with longitudinal crack damage,202600568,512,512,28,4.5,FlowMatchEulerDiscreteScheduler,sd3base_0568_formal_train_1489.png,sd3rgda_0568_formal_train_1489.png,dca7d04a8b90b317724bd3572b21b91304f9c98fa36014208cc695df34489bc2
569,formal_train_1491,,,1d6c3829a76ecf76c9eb073890ee70dd1251a2e3ef8cfac4356705e5f6879124,bb121c9d5e7d8f9e3b275a08aaa80f08207fc0bc53e5111c3ec7f9b5eebed2c2,train,false,D10,,a Czech road surface with transverse crack damage,202600569,512,512,28,4.5,FlowMatchEulerDiscreteScheduler,sd3base_0569_formal_train_1491.png,sd3rgda_0569_formal_train_1491.png,dca7d04a8b90b317724bd3572b21b91304f9c98fa36014208cc695df34489bc2
570,formal_train_1492,,,12c7c0be894601d1ced531e449067a8d33460a0567afc01f67a2c23c8dde3da3,d1bd3f61854b944e575deb506d42908775099dac53d4a7ca39de7e8cafdb673a,train,false,D00,,a Czech road surface with longitudinal crack damage,202600570,512,512,28,4.5,FlowMatchEulerDiscreteScheduler,sd3base_0570_formal_train_1492.png,sd3rgda_0570_formal_train_1492.png,dca7d04a8b90b317724bd3572b21b91304f9c98fa36014208cc695df34489bc2
571,formal_train_1493,,,538df9678f1ad3c2234af2f002d253db3dea61bc2627251d85cbd3377385e35b,b13a270c08cd0fa6f2c210d461b8a156d2834af1288502c1bbb0bdc52df644ff,train,false,D10,,a Czech road surface with transverse crack damage,202600571,512,512,28,4.5,FlowMatchEulerDiscreteScheduler,sd3base_0571_formal_train_1493.png,sd3rgda_0571_formal_train_1493.png,dca7d04a8b90b317724bd3572b21b91304f9c98fa36014208cc695df34489bc2
572,formal_train_1494,,,f976ef4fccf6fb1d5294c0fc152b645e62bbbb042c5a815d7f72f3ab26b4ed86,c333dfd96afff445337e22a61e614fe4281cce6edad01cbd81b6442c7c065a13,train,false,D00,,a Czech road surface with longitudinal crack damage,202600572,512,512,28,4.5,FlowMatchEulerDiscreteScheduler,sd3base_0572_formal_train_1494.png,sd3rgda_0572_formal_train_1494.png,dca7d04a8b90b317724bd3572b21b91304f9c98fa36014208cc695df34489bc2
573,formal_train_1498,,,e17fd2238b2a3cd406e5ad6c8ce2c55cec90d12a3532d788814270e06102fb60,dce49ea835debe5c5ea869a106aa578326ea03af40522963a0c5636588f46338,train,false,D00,,a Czech road surface with longitudinal crack and alligator crack damage,202600573,512,512,28,4.5,FlowMatchEulerDiscreteScheduler,sd3base_0573_formal_train_1498.png,sd3rgda_0573_formal_train_1498.png,dca7d04a8b90b317724bd3572b21b91304f9c98fa36014208cc695df34489bc2
574,formal_train_1499,,,d4f6d02f16fdf5feb5c3287f7b9156ecbd0743bc390d4a6ed21fb7fbfb1f4e63,d512f957895e49d93bf704768954c5ac91abd5e3f55fa08c6965ecc285078f4f,train,false,D10,,a Czech road surface with transverse crack damage,202600574,512,512,28,4.5,FlowMatchEulerDiscreteScheduler,sd3base_0574_formal_train_1499.png,sd3rgda_0574_formal_train_1499.png,dca7d04a8b90b317724bd3572b21b91304f9c98fa36014208cc695df34489bc2
575,formal_train_1501,,,2589c5324facbafdd9373ccee3c56f7911d8ac893fa97cc12582ea598ae3fda8,74bb39dc5b9ea511b45bdfed43e3bb56bfb6b651b77a195489e578d8cc0f8b76,train,false,D00,,a Czech road surface with longitudinal crack damage,202600575,512,512,28,4.5,FlowMatchEulerDiscreteScheduler,sd3base_0575_formal_train_1501.png,sd3rgda_0575_formal_train_1501.png,dca7d04a8b90b317724bd3572b21b91304f9c98fa36014208cc695df34489bc2
576,formal_train_1503,,,79f3a2308a068a5cf7af2a9732162dbb74586060a84157842e9be490b6182a3a,08411f7edab94082d214a45627a4b96eca028cff0841602ddb4e23751c53ab52,train,false,D00,,a Czech road surface with longitudinal crack damage,202600576,512,512,28,4.5,FlowMatchEulerDiscreteScheduler,sd3base_0576_formal_train_1503.png,sd3rgda_0576_formal_train_1503.png,dca7d04a8b90b317724bd3572b21b91304f9c98fa36014208cc695df34489bc2
577,formal_train_1505,,,b0c547078ecf432598c836a4eaa6dc1fa22d2c95d1e27cf6b2095ad96962fd30,f9167534f5ea3d2fd7afa6849185eae59a386c8be2b655fa996e61ccb5a0ae5b,train,false,D00,,a Czech road surface with longitudinal crack and alligator crack and pothole damage,202600577,512,512,28,4.5,FlowMatchEulerDiscreteScheduler,sd3base_0577_formal_train_1505.png,sd3rgda_0577_formal_train_1505.png,dca7d04a8b90b317724bd3572b21b91304f9c98fa36014208cc695df34489bc2
578,formal_train_1509,,,205ad216b3439d1efc1c9f6cb210f36518384c2239583eaabc935f094d7bef84,3eb0d99ffab8a465d7b00cd4d6ef14b1fcb82ea44539d721348a558b213e1117,train,false,D00,,a Czech road surface with longitudinal crack damage,202600578,512,512,28,4.5,FlowMatchEulerDiscreteScheduler,sd3base_0578_formal_train_1509.png,sd3rgda_0578_formal_train_1509.png,dca7d04a8b90b317724bd3572b21b91304f9c98fa36014208cc695df34489bc2
579,formal_train_1510,,,2f9ec365333fcf97748a622d81b9e1b3fcfa42fe8de455b2788f306f4e3408f7,17cd2e552706ec29f9acd41ca91292abeaf07d606b5f6593281c35eb281fb761,train,false,D00,,a Czech road surface with longitudinal crack damage,202600579,512,512,28,4.5,FlowMatchEulerDiscreteScheduler,sd3base_0579_formal_train_1510.png,sd3rgda_0579_formal_train_1510.png,dca7d04a8b90b317724bd3572b21b91304f9c98fa36014208cc695df34489bc2
580,formal_train_1514,,,b4be6127f90079b513d57a6fa6496a8b915e4eaf968fd609305671acd571199c,48ef57d0f6acec1213011f14d91b905b50556df2cfe5d79070b5a6ee2b483149,train,false,D10,,a Czech road surface with transverse crack damage,202600580,512,512,28,4.5,FlowMatchEulerDiscreteScheduler,sd3base_0580_formal_train_1514.png,sd3rgda_0580_formal_train_1514.png,dca7d04a8b90b317724bd3572b21b91304f9c98fa36014208cc695df34489bc2
581,formal_train_1517,,,f47c35c8be6f05c93cda481cb48753b22379098880b26fecb6305dd1d7107cfb,b1ba4dcd441bf04a04caeb9e497a5a27c3e6592d4abacda95043b617509b944c,train,false,D00,,a Czech road surface with longitudinal crack damage,202600581,512,512,28,4.5,FlowMatchEulerDiscreteScheduler,sd3base_0581_formal_train_1517.png,sd3rgda_0581_formal_train_1517.png,dca7d04a8b90b317724bd3572b21b91304f9c98fa36014208cc695df34489bc2
582,formal_train_1519,,,113aaff3fdc980ebdbd21d801162fac9a130060a3e9a537b293acbbd84c108b3,34e8d92c9bda1fb0f26ec0d636d6c03b43b60506e517038ed0aac057d6d1ed6f,train,false,D00,,a Czech road surface with longitudinal crack damage,202600582,512,512,28,4.5,FlowMatchEulerDiscreteScheduler,sd3base_0582_formal_train_1519.png,sd3rgda_0582_formal_train_1519.png,dca7d04a8b90b317724bd3572b21b91304f9c98fa36014208cc695df34489bc2
583,formal_train_1523,,,c0619024f34e7927faca12bbef8ebdbcdb56c6fead43f096f838b07e5db7c056,2c108a3b46ad50f09fd3fb4fdc4ce37440a67908fc6d9600622fe849e3107cfa,train,false,D10,,a Czech road surface with transverse crack damage,202600583,512,512,28,4.5,FlowMatchEulerDiscreteScheduler,sd3base_0583_formal_train_1523.png,sd3rgda_0583_formal_train_1523.png,dca7d04a8b90b317724bd3572b21b91304f9c98fa36014208cc695df34489bc2
584,formal_train_1526,,,b64e6742046173f0e1ac7cf61165416d4ff575681e2ef4fb6c647e2bf0557337,6a467e85f4a042b1297d6cf654e615d71565f404047e63d4687935a3b5ef5217,train,false,D20,,a Czech road surface with alligator crack damage,202600584,512,512,28,4.5,FlowMatchEulerDiscreteScheduler,sd3base_0584_formal_train_1526.png,sd3rgda_0584_formal_train_1526.png,dca7d04a8b90b317724bd3572b21b91304f9c98fa36014208cc695df34489bc2
585,formal_train_1530,,,688159d6869085724a4477b07d025ea0b07b3695fe0f5a5bdaae473da43d4f5a,5865a28baed7a381f2ba90ed9e3e132033dd32befa6c2cf2b080e4cf27d12f67,train,false,D00,,a Czech road surface with longitudinal crack damage,202600585,512,512,28,4.5,FlowMatchEulerDiscreteScheduler,sd3base_0585_formal_train_1530.png,sd3rgda_0585_formal_train_1530.png,dca7d04a8b90b317724bd3572b21b91304f9c98fa36014208cc695df34489bc2
586,formal_train_1532,,,c11705034e730e00010328fd3a8f2eca8d6003e7353f117d659292ed7fa362dc,dd40c4cd8af347894dbc490daae0f7fba8a45636f4a58e8e52a57b0b4de40c6c,train,false,D00,,a Czech road surface with longitudinal crack damage,202600586,512,512,28,4.5,FlowMatchEulerDiscreteScheduler,sd3base_0586_formal_train_1532.png,sd3rgda_0586_formal_train_1532.png,dca7d04a8b90b317724bd3572b21b91304f9c98fa36014208cc695df34489bc2
587,formal_train_1533,,,00747c1dd9dff0269a5e7de5a36ed4179e5d954c31405abb8214a04b39f788a9,eb5502e463e24005e22ebbab7861d93605e4769751f9a85b8cf4f682d303c23b,train,false,D20,,a Czech road surface with alligator crack damage,202600587,512,512,28,4.5,FlowMatchEulerDiscreteScheduler,sd3base_0587_formal_train_1533.png,sd3rgda_0587_formal_train_1533.png,dca7d04a8b90b317724bd3572b21b91304f9c98fa36014208cc695df34489bc2
588,formal_train_1535,,,6fd73e9d5f0cf4b27ff7e3a58ed6b50303c58c01d01d565f1850c9ccf1504c31,11bc0b5fbfc4d298323af41ff482800a24007ba63388ec574cba949d1b54b9a2,train,false,D10,,a Czech road surface with transverse crack damage,202600588,512,512,28,4.5,FlowMatchEulerDiscreteScheduler,sd3base_0588_formal_train_1535.png,sd3rgda_0588_formal_train_1535.png,dca7d04a8b90b317724bd3572b21b91304f9c98fa36014208cc695df34489bc2
589,formal_train_1538,,,7ed4527b870c28d9e85863e39ef9d67342975b9f904bd19c3140623101903737,eb107a86f8812ea3355bc45f571516dbdbaf0f75c2bbca08337940ba66c76093,train,false,D00,,a Czech road surface with longitudinal crack damage,202600589,512,512,28,4.5,FlowMatchEulerDiscreteScheduler,sd3base_0589_formal_train_1538.png,sd3rgda_0589_formal_train_1538.png,dca7d04a8b90b317724bd3572b21b91304f9c98fa36014208cc695df34489bc2
590,formal_train_1540,,,d211b31d0639d5dac450d96a9b1aff19d78b9884abd175a6e3c1881f86b87afb,c35da56f09b11c9cc2ea41c127acb352bda6d88c65fd31074605d91ba2ca742d,train,false,D00,,a Czech road surface with longitudinal crack damage,202600590,512,512,28,4.5,FlowMatchEulerDiscreteScheduler,sd3base_0590_formal_train_1540.png,sd3rgda_0590_formal_train_1540.png,dca7d04a8b90b317724bd3572b21b91304f9c98fa36014208cc695df34489bc2
591,formal_train_1542,,,c9a3a76f39515e75c6a428f5096f1a2fd6bebf6fc3e50b9ed890f029d7c707fa,235f78e2c6a0a6d3cb57eb96126a5a0bc4affae47f31a9dead575e6419ac5aab,train,false,D00,,a Czech road surface with longitudinal crack damage,202600591,512,512,28,4.5,FlowMatchEulerDiscreteScheduler,sd3base_0591_formal_train_1542.png,sd3rgda_0591_formal_train_1542.png,dca7d04a8b90b317724bd3572b21b91304f9c98fa36014208cc695df34489bc2
592,formal_train_1547,,,797df52d0debba91e7ea9ed1a1c90ccc753e812e026cc5154486f19dd0d0bd2e,3030d22880e6283883fcf85e6d5bad967d219dbe1e0a14ad4b48366b8893af0d,train,false,D10,,a Czech road surface with transverse crack and pothole damage,202600592,512,512,28,4.5,FlowMatchEulerDiscreteScheduler,sd3base_0592_formal_train_1547.png,sd3rgda_0592_formal_train_1547.png,dca7d04a8b90b317724bd3572b21b91304f9c98fa36014208cc695df34489bc2
593,formal_train_1549,,,48f41cc2ec0a6989003fa4a4fadb25e00efae92ea0f498b628ebc95b48314955,2ff382ec902a8caacaab7b23239d9465e3269dfe7388e25a065ca2f3b416dfb0,train,false,D10,,a Czech road surface with transverse crack damage,202600593,512,512,28,4.5,FlowMatchEulerDiscreteScheduler,sd3base_0593_formal_train_1549.png,sd3rgda_0593_formal_train_1549.png,dca7d04a8b90b317724bd3572b21b91304f9c98fa36014208cc695df34489bc2
594,formal_train_1551,,,5ed000585a1259b5c055aa8bb41db8077f71845cf51d0853c9a4576756cdce86,ff0d3df6509dc5fe4c6e012126999b5484abceaead4f1359e9c8b825f3582704,train,false,D10,,a Czech road surface with transverse crack damage,202600594,512,512,28,4.5,FlowMatchEulerDiscreteScheduler,sd3base_0594_formal_train_1551.png,sd3rgda_0594_formal_train_1551.png,dca7d04a8b90b317724bd3572b21b91304f9c98fa36014208cc695df34489bc2
595,formal_train_1555,,,91c0ba1b3c6600346993ff8a870f4fffed559e9d6e398b48cf143f232b9b6f51,e237e6a4dcdf1f49526c8f28a19a6a60b489e84247211f2cda68d9049779bcab,train,false,D10,,a Czech road surface with transverse crack damage,202600595,512,512,28,4.5,FlowMatchEulerDiscreteScheduler,sd3base_0595_formal_train_1555.png,sd3rgda_0595_formal_train_1555.png,dca7d04a8b90b317724bd3572b21b91304f9c98fa36014208cc695df34489bc2
596,formal_train_1557,,,6ec11ca1703d1fc12387125ab1351b191f83a5cc625eb665e0d82ca3da66d19d,6ed2c0538c5d00ce52aec287138154a16eca993d71a5fa2d30e8d0c616e6a514,train,false,D20,,a Czech road surface with alligator crack and pothole damage,202600596,512,512,28,4.5,FlowMatchEulerDiscreteScheduler,sd3base_0596_formal_train_1557.png,sd3rgda_0596_formal_train_1557.png,dca7d04a8b90b317724bd3572b21b91304f9c98fa36014208cc695df34489bc2
597,formal_train_1558,,,48fee68b9b3b2d2e194646e2ddc38af3258ca67ede21ccb9035f7a8225694936,0deef258fd1c180e726c5c5d9aac369a1584682d88cb8cc1ec68e8f1f63e1432,train,false,D00,,a Czech road surface with longitudinal crack damage,202600597,512,512,28,4.5,FlowMatchEulerDiscreteScheduler,sd3base_0597_formal_train_1558.png,sd3rgda_0597_formal_train_1558.png,dca7d04a8b90b317724bd3572b21b91304f9c98fa36014208cc695df34489bc2
598,formal_train_1564,,,d5c24ef03ce4e1f5ed6805414e683de74065f4e6f54b2c03c5c4f255ef76dcbd,5d7debf826bea4dd525b10c4f69b010908c348bc2363ca8e8d879675af4abcc7,train,false,D20,,a Czech road surface with alligator crack damage,202600598,512,512,28,4.5,FlowMatchEulerDiscreteScheduler,sd3base_0598_formal_train_1564.png,sd3rgda_0598_formal_train_1564.png,dca7d04a8b90b317724bd3572b21b91304f9c98fa36014208cc695df34489bc2
599,formal_train_1565,,,dd8d1c5743a43bae03f66e7be3555b81c130fcd33a01a3303948f0f950484f99,2aacf7cad405db07eb5e82cce576bef6abb1c291aabf2a4d84930acbe6ab3160,train,false,D00,,a Czech road surface with longitudinal crack damage,202600599,512,512,28,4.5,FlowMatchEulerDiscreteScheduler,sd3base_0599_formal_train_1565.png,sd3rgda_0599_formal_train_1565.png,dca7d04a8b90b317724bd3572b21b91304f9c98fa36014208cc695df34489bc2
600,formal_train_1568,,,9a3fbbdb68c9a1256281fbf66e77531dc2e5c9aef806be21e989300572b7417c,aa5453eb92db556584918db2398c8c1445cd723c3dad5dbe741ddad34230e15f,train,false,D20,,a Czech road surface with alligator crack damage,202600600,512,512,28,4.5,FlowMatchEulerDiscreteScheduler,sd3base_0600_formal_train_1568.png,sd3rgda_0600_formal_train_1568.png,dca7d04a8b90b317724bd3572b21b91304f9c98fa36014208cc695df34489bc2
601,formal_train_1569,,,4d7b20bbee939fa6b7360e1eb385fca709d197468f62d6ea5b1486aac82ade95,aaaf3b3aad67e90387b274e8c1a5007b5724d975bf9970e8e7b0e54783fe618b,train,false,D00,,a Czech road surface with longitudinal crack damage,202600601,512,512,28,4.5,FlowMatchEulerDiscreteScheduler,sd3base_0601_formal_train_1569.png,sd3rgda_0601_formal_train_1569.png,dca7d04a8b90b317724bd3572b21b91304f9c98fa36014208cc695df34489bc2
602,formal_train_1571,,,d6d22f7b3114c70b42472ab49d121b5b02310ec2e2b7c2aeac671c7f5c76b2c8,870494433de259328b9dae301da1fa67d26ecb064919b9ff88e8691ac56045b2,train,false,D00,,a Czech road surface with longitudinal crack damage,202600602,512,512,28,4.5,FlowMatchEulerDiscreteScheduler,sd3base_0602_formal_train_1571.png,sd3rgda_0602_formal_train_1571.png,dca7d04a8b90b317724bd3572b21b91304f9c98fa36014208cc695df34489bc2
603,formal_train_1573,,,ee5cd9646dd4ffa4e2ad325ecdd390d6384f1a1df62dc79df04725c0e08a8a55,6a5a8033c3534f086c50bc8a2aec9bf29651fff5635c626b4d27015f44b79c50,train,false,D10,,a Czech road surface with transverse crack damage,202600603,512,512,28,4.5,FlowMatchEulerDiscreteScheduler,sd3base_0603_formal_train_1573.png,sd3rgda_0603_formal_train_1573.png,dca7d04a8b90b317724bd3572b21b91304f9c98fa36014208cc695df34489bc2
604,formal_train_1574,,,a393851f1953dd38b84c10b7aa0b0ee7126df7b6b76080885e4e12f6c9952c47,cf16c0e6bf928f429b60d1ebb465c4d671fe1a001a004eba844c01feea7283b1,train,false,D00,,a Czech road surface with longitudinal crack damage,202600604,512,512,28,4.5,FlowMatchEulerDiscreteScheduler,sd3base_0604_formal_train_1574.png,sd3rgda_0604_formal_train_1574.png,dca7d04a8b90b317724bd3572b21b91304f9c98fa36014208cc695df34489bc2
605,formal_train_1579,,,b2ef6a9139a0afe9164b03c40ccf66a5323a96b79b1f1b5194c358dbd7798db6,4a80395f337e1a973f83e462c47fdd55e7373c7f6deef2a974c1b3497be9ae17,train,false,D00,,a Czech road surface with longitudinal crack damage,202600605,512,512,28,4.5,FlowMatchEulerDiscreteScheduler,sd3base_0605_formal_train_1579.png,sd3rgda_0605_formal_train_1579.png,dca7d04a8b90b317724bd3572b21b91304f9c98fa36014208cc695df34489bc2
606,formal_train_1584,,,acb5662dd07ddfd84adaaf446439f904bba3a1aef2691a238eb7f2ac18057505,f8a0838c628f9542ac9caa4fe2069293c34364e356a1c4e193aaac8a1d30e302,train,false,D10,,a Czech road surface with transverse crack damage,202600606,512,512,28,4.5,FlowMatchEulerDiscreteScheduler,sd3base_0606_formal_train_1584.png,sd3rgda_0606_formal_train_1584.png,dca7d04a8b90b317724bd3572b21b91304f9c98fa36014208cc695df34489bc2
607,formal_train_1586,,,04c6671ac96d3c4917ceda00aee9d08c350ca2b8c6622fdacf2e2b7a911278fd,46f40d1993bdc27a76c7d1b24cb68cb6e7d8aab481ea518e9da93e6a79718ec6,train,false,D00,,a Czech road surface with longitudinal crack damage,202600607,512,512,28,4.5,FlowMatchEulerDiscreteScheduler,sd3base_0607_formal_train_1586.png,sd3rgda_0607_formal_train_1586.png,dca7d04a8b90b317724bd3572b21b91304f9c98fa36014208cc695df34489bc2
608,formal_train_1587,,,e74a5c12dce0e4548922efde66e149f14492892e3e05494300243e56b0d9a073,99513ef5c5a4c5372cf971c6ce4272e3c4a935fc70d49cc390c0923b3e1335ad,train,false,D00,,a Czech road surface with longitudinal crack and transverse crack damage,202600608,512,512,28,4.5,FlowMatchEulerDiscreteScheduler,sd3base_0608_formal_train_1587.png,sd3rgda_0608_formal_train_1587.png,dca7d04a8b90b317724bd3572b21b91304f9c98fa36014208cc695df34489bc2
609,formal_train_1588,,,34c5c8397da44c17c9a859f2b6a9a6120e81ec150545ad4aa8ae18c304fd6df3,da33b44f35661658a5a01b7fc7bf9bf067b40045a9fb4a7fe557584f6deb9d9a,train,false,D00,,a Czech road surface with longitudinal crack and alligator crack damage,202600609,512,512,28,4.5,FlowMatchEulerDiscreteScheduler,sd3base_0609_formal_train_1588.png,sd3rgda_0609_formal_train_1588.png,dca7d04a8b90b317724bd3572b21b91304f9c98fa36014208cc695df34489bc2
610,formal_train_1593,,,dab5f289cff00d8771271d43c2b01887800780aae97650abcfb9895ecfb8b43e,c20cfc2fda1f22c02c3e77a40ea034fefebd28903812fd23c8f034d5b3038cf5,train,false,D10,,a Czech road surface with transverse crack damage,202600610,512,512,28,4.5,FlowMatchEulerDiscreteScheduler,sd3base_0610_formal_train_1593.png,sd3rgda_0610_formal_train_1593.png,dca7d04a8b90b317724bd3572b21b91304f9c98fa36014208cc695df34489bc2
611,formal_train_1595,,,1efaa661cc6750bedcdef1983fd0908201acf618d5d3146d62767f29f1a761a9,7caed4006a9c38ba489047cdb199a8f2339b61ca433cf752857f963705187ff2,train,false,D00,,a Czech road surface with longitudinal crack damage,202600611,512,512,28,4.5,FlowMatchEulerDiscreteScheduler,sd3base_0611_formal_train_1595.png,sd3rgda_0611_formal_train_1595.png,dca7d04a8b90b317724bd3572b21b91304f9c98fa36014208cc695df34489bc2
612,formal_train_1599,,,70d4fda54e948dcdabf2663f70fb825727f120172c7c5f820cdecc40aeda45c8,41b3ee5ea25a936ac27fd8e8d869a0c051f585f4e4f3190050bf68485d58b94d,train,false,D00,,a Czech road surface with longitudinal crack damage,202600612,512,512,28,4.5,FlowMatchEulerDiscreteScheduler,sd3base_0612_formal_train_1599.png,sd3rgda_0612_formal_train_1599.png,dca7d04a8b90b317724bd3572b21b91304f9c98fa36014208cc695df34489bc2
613,formal_train_1600,,,a3ae8ca80dbc06df1701c652dc71f42cddf277923bf43958830692e11471eb02,fa4a392f5c7ac9b43c58eadd6655d478a096bfe6b70d99a540845ea0dbd3c5e0,train,false,D10,,a Czech road surface with transverse crack damage,202600613,512,512,28,4.5,FlowMatchEulerDiscreteScheduler,sd3base_0613_formal_train_1600.png,sd3rgda_0613_formal_train_1600.png,dca7d04a8b90b317724bd3572b21b91304f9c98fa36014208cc695df34489bc2
614,formal_train_1606,,,355f6e1e811b18e46e3253d83216934d33c2ea8dcabe714bbff2586b217936d4,8a442135fb4be4c568658257272f2d6e574137713a9a5d4f8b2a7dcff541cff5,train,false,D00,,a Czech road surface with longitudinal crack and transverse crack and alligator crack and pothole damage,202600614,512,512,28,4.5,FlowMatchEulerDiscreteScheduler,sd3base_0614_formal_train_1606.png,sd3rgda_0614_formal_train_1606.png,dca7d04a8b90b317724bd3572b21b91304f9c98fa36014208cc695df34489bc2
615,formal_train_1608,,,f14f116a0e40d7955a006a81f3b2d1568850cc77c4fd6d345b3ca5fafba7bcce,34f64b4975be1f034e2bdcfd48dca0fa5d87594b43e72a0d924eb2eae161b981,train,false,D00,,a Czech road surface with longitudinal crack damage,202600615,512,512,28,4.5,FlowMatchEulerDiscreteScheduler,sd3base_0615_formal_train_1608.png,sd3rgda_0615_formal_train_1608.png,dca7d04a8b90b317724bd3572b21b91304f9c98fa36014208cc695df34489bc2
616,formal_train_1611,,,b894fc136e1180dbd9eb2b48bf794fcafecbaaf9ab13f355c53cc0a30bfb1d0e,00199d9399348b07e7a37eb73e6d27e667c2ba872db704ec294b53a3c616579c,train,false,D00,,a Czech road surface with longitudinal crack damage,202600616,512,512,28,4.5,FlowMatchEulerDiscreteScheduler,sd3base_0616_formal_train_1611.png,sd3rgda_0616_formal_train_1611.png,dca7d04a8b90b317724bd3572b21b91304f9c98fa36014208cc695df34489bc2
617,formal_train_1612,,,e9197b61e606df79ca9f9fd5ee0de91a5e04501899c8a9c7553387c931d6342c,72ff8ff88156dc0a8630c28b1e7e7d79a546b9f22c1791a4a8af4fc9f7733a48,train,false,D00,,a Czech road surface with longitudinal crack damage,202600617,512,512,28,4.5,FlowMatchEulerDiscreteScheduler,sd3base_0617_formal_train_1612.png,sd3rgda_0617_formal_train_1612.png,dca7d04a8b90b317724bd3572b21b91304f9c98fa36014208cc695df34489bc2
618,formal_train_1613,,,ff7188b35738d8ad559b71152fdb99db9992517f7ee790da4156fa3b02acd255,93299c6ea5c296541074b2010aa3d62b0bf03ef77bb384aab7fb79d0524f47a6,train,false,D00,,a Czech road surface with longitudinal crack damage,202600618,512,512,28,4.5,FlowMatchEulerDiscreteScheduler,sd3base_0618_formal_train_1613.png,sd3rgda_0618_formal_train_1613.png,dca7d04a8b90b317724bd3572b21b91304f9c98fa36014208cc695df34489bc2
619,formal_train_1614,,,80fc055172287cbbff83b8f8c989b9309fbeaf8bb604d2dddadb4d38839221e0,f3ce94c5749af6bf55324d67b6ad4d29241238cc51a940a01453125b60cabf92,train,false,D00,,a Czech road surface with longitudinal crack damage,202600619,512,512,28,4.5,FlowMatchEulerDiscreteScheduler,sd3base_0619_formal_train_1614.png,sd3rgda_0619_formal_train_1614.png,dca7d04a8b90b317724bd3572b21b91304f9c98fa36014208cc695df34489bc2
620,formal_train_1615,,,0124051ff7f6ac6e9bb3f4254fa5d3164543f9375f81f52c183553bd49953be0,fb956209793c62fd432ff5df9ad4e3d86252181fea65b7d0f746ae1f168355c9,train,false,D00,,a Czech road surface with longitudinal crack and alligator crack damage,202600620,512,512,28,4.5,FlowMatchEulerDiscreteScheduler,sd3base_0620_formal_train_1615.png,sd3rgda_0620_formal_train_1615.png,dca7d04a8b90b317724bd3572b21b91304f9c98fa36014208cc695df34489bc2
621,formal_train_1617,,,228a47377f01b90c07815a8c33ef7b9374a07b9bc2cf2801f02b014644fcd1f6,6fc54e1aebe72068787412d96db6c73a6f06ceeeff0ee37986b5409f870c5ab8,train,false,D00,,a Czech road surface with longitudinal crack damage,202600621,512,512,28,4.5,FlowMatchEulerDiscreteScheduler,sd3base_0621_formal_train_1617.png,sd3rgda_0621_formal_train_1617.png,dca7d04a8b90b317724bd3572b21b91304f9c98fa36014208cc695df34489bc2
622,formal_train_1623,,,b38b9e0e15a3edbc66446880c0c9eaaef7db2c5fa7b4db5b8209a5745a48e491,dc56da0f5cf19322b4903d22c4abd53b73eaf02c4cf8dd03245bc1c73dc17a1c,train,false,D20,,a Czech road surface with alligator crack and pothole damage,202600622,512,512,28,4.5,FlowMatchEulerDiscreteScheduler,sd3base_0622_formal_train_1623.png,sd3rgda_0622_formal_train_1623.png,dca7d04a8b90b317724bd3572b21b91304f9c98fa36014208cc695df34489bc2
623,formal_train_1625,,,b138c0e84caef0fb3d7b332cebe6a989d80b07798da63a8d3ff82307c7989ded,708ea2323bead7777dcc5baa394cb09ad17662db68792aaf6c7a15c07e217bb7,train,false,D10,,a Czech road surface with transverse crack damage,202600623,512,512,28,4.5,FlowMatchEulerDiscreteScheduler,sd3base_0623_formal_train_1625.png,sd3rgda_0623_formal_train_1625.png,dca7d04a8b90b317724bd3572b21b91304f9c98fa36014208cc695df34489bc2
624,formal_train_1629,,,cc2c7328a43f8710db0a71bd187611745b628333bbe271cc2fdbfa8aa8efcc2a,401dacc6e0c875bef0540bf400f342ffcf441a73939fff03010b9fd735fa540d,train,false,D00,,a Czech road surface with longitudinal crack and transverse crack damage,202600624,512,512,28,4.5,FlowMatchEulerDiscreteScheduler,sd3base_0624_formal_train_1629.png,sd3rgda_0624_formal_train_1629.png,dca7d04a8b90b317724bd3572b21b91304f9c98fa36014208cc695df34489bc2
625,formal_train_1631,,,e3f87e5dcc1727573daf95d522e72ad9398212a45e10eaa034b08ddad77054a2,604a8bcbb5d16fd375e4eb5d25df5a663caa21565673b977f86f7005b1e6a453,train,false,D20,,a Czech road surface with alligator crack damage,202600625,512,512,28,4.5,FlowMatchEulerDiscreteScheduler,sd3base_0625_formal_train_1631.png,sd3rgda_0625_formal_train_1631.png,dca7d04a8b90b317724bd3572b21b91304f9c98fa36014208cc695df34489bc2
626,formal_train_1632,,,82481d6f1ee9163a21b99a18f36ea625a443115c12165165b5d1988288559a8f,0c47b3fc1517e0dc9d83acbb472db24715053d1c54f94a4726470c5701aef97c,train,false,D00,,a Czech road surface with longitudinal crack and pothole damage,202600626,512,512,28,4.5,FlowMatchEulerDiscreteScheduler,sd3base_0626_formal_train_1632.png,sd3rgda_0626_formal_train_1632.png,dca7d04a8b90b317724bd3572b21b91304f9c98fa36014208cc695df34489bc2
627,formal_train_1636,,,ed436996660c59e9b80e9dc7cd177f6a8b87e13ea0d0ec9d2bf773e621c422c5,4a0b197e120cbf96775fbae775351cfec07b0b0fe2b18be6f62f0da5a3a7ab11,train,false,D00,,a Czech road surface with longitudinal crack and transverse crack and pothole damage,202600627,512,512,28,4.5,FlowMatchEulerDiscreteScheduler,sd3base_0627_formal_train_1636.png,sd3rgda_0627_formal_train_1636.png,dca7d04a8b90b317724bd3572b21b91304f9c98fa36014208cc695df34489bc2
628,formal_train_1639,,,e04545ad347b22897cef4e9bc4f99757671066a28e6be6a601aa3669562ff78f,8542eef18bb80dead5a5ddac895aebf179a7366ce2d67aa56345ba20045b391b,train,false,D00,,a Czech road surface with longitudinal crack damage,202600628,512,512,28,4.5,FlowMatchEulerDiscreteScheduler,sd3base_0628_formal_train_1639.png,sd3rgda_0628_formal_train_1639.png,dca7d04a8b90b317724bd3572b21b91304f9c98fa36014208cc695df34489bc2
629,formal_train_1640,,,ee1daf0056e941d43205899945870d058a02483b338d5bf3d228dee634ad58fa,c245e253ad1beb44be6ad5cca3f0ac7a3c960fcb6b681c53ee7210097acd1870,train,false,D00,,a Czech road surface with longitudinal crack damage,202600629,512,512,28,4.5,FlowMatchEulerDiscreteScheduler,sd3base_0629_formal_train_1640.png,sd3rgda_0629_formal_train_1640.png,dca7d04a8b90b317724bd3572b21b91304f9c98fa36014208cc695df34489bc2
630,formal_train_1645,,,db03d4890a6e0f36205ec2aba9e7a1cf6b09ddecca1c3de356b25ca967a96590,70d515e5833e5ee3a8e78bef3206f666b5a856c78d94af8095f538db4f749fe2,train,false,D00,,a Czech road surface with longitudinal crack damage,202600630,512,512,28,4.5,FlowMatchEulerDiscreteScheduler,sd3base_0630_formal_train_1645.png,sd3rgda_0630_formal_train_1645.png,dca7d04a8b90b317724bd3572b21b91304f9c98fa36014208cc695df34489bc2
631,formal_train_1646,,,3ef2a4edc49e65119036533c1cad7fd6d3ae40d9d5757763785b518b7a083196,0bdf6ffc25a71c1695a2331f0031afe21aede45fa5e30e783c4669d2c31b706f,train,false,D00,,a Czech road surface with longitudinal crack damage,202600631,512,512,28,4.5,FlowMatchEulerDiscreteScheduler,sd3base_0631_formal_train_1646.png,sd3rgda_0631_formal_train_1646.png,dca7d04a8b90b317724bd3572b21b91304f9c98fa36014208cc695df34489bc2
632,formal_train_1647,,,9e951b66983807f4f3a69762f923fd931cf67cdcf867b9bb8d9a1c501dc0ec89,5bb1bd57af902ad4e6f47df10e6ab65b050b62165769a629e2005c2953c4efeb,train,false,D00,,a Czech road surface with longitudinal crack damage,202600632,512,512,28,4.5,FlowMatchEulerDiscreteScheduler,sd3base_0632_formal_train_1647.png,sd3rgda_0632_formal_train_1647.png,dca7d04a8b90b317724bd3572b21b91304f9c98fa36014208cc695df34489bc2
633,formal_train_1650,,,c51cb69a866dce8944510498fdf30d4d1042e1be1ec29716f528691d56359337,97a5ef0cd9752aa4201cdbb275b0ed055ee568647a2b047c5c323306539a3ea4,train,false,D10,,a Czech road surface with transverse crack damage,202600633,512,512,28,4.5,FlowMatchEulerDiscreteScheduler,sd3base_0633_formal_train_1650.png,sd3rgda_0633_formal_train_1650.png,dca7d04a8b90b317724bd3572b21b91304f9c98fa36014208cc695df34489bc2
634,formal_train_1651,,,c938285f3db86a904faac7cb37a3c097bdcbc412c9076eea5546f649d0790826,5e0978397a2bd59813fa0fe93999142128c72be2a06c9482fa0d56236285bc2d,train,false,D10,,a Czech road surface with transverse crack damage,202600634,512,512,28,4.5,FlowMatchEulerDiscreteScheduler,sd3base_0634_formal_train_1651.png,sd3rgda_0634_formal_train_1651.png,dca7d04a8b90b317724bd3572b21b91304f9c98fa36014208cc695df34489bc2
635,formal_train_1652,,,baa729ea5452bfbf2a13c46ee65e03df76b26c737c529378d3109f77d2a121cf,185b732b671af78ea899510e416af8ae60b85cf48b5ef44d966e939c85a9ff85,train,false,D40,,a Czech road surface with pothole damage,202600635,512,512,28,4.5,FlowMatchEulerDiscreteScheduler,sd3base_0635_formal_train_1652.png,sd3rgda_0635_formal_train_1652.png,dca7d04a8b90b317724bd3572b21b91304f9c98fa36014208cc695df34489bc2
636,formal_train_1655,,,ad3745e503c1633546c9925ec5624fe447abd1500f59dc1f2ba1a98ce44a8a80,877dabaf06e05954bec0406cdf11f6ddb54166fa15f0f3719e07ca4bfa05abf7,train,false,D00,,a Czech road surface with longitudinal crack damage,202600636,512,512,28,4.5,FlowMatchEulerDiscreteScheduler,sd3base_0636_formal_train_1655.png,sd3rgda_0636_formal_train_1655.png,dca7d04a8b90b317724bd3572b21b91304f9c98fa36014208cc695df34489bc2
637,formal_train_1656,,,08751777b0116a42ea99c1ba3af6d9471ae25c03399265be247167cf16582221,6492ea67667c76654cf1a2d28949834753eeebe3b380f19152c1bff0d9216a1e,train,false,D10,,a Czech road surface with transverse crack damage,202600637,512,512,28,4.5,FlowMatchEulerDiscreteScheduler,sd3base_0637_formal_train_1656.png,sd3rgda_0637_formal_train_1656.png,dca7d04a8b90b317724bd3572b21b91304f9c98fa36014208cc695df34489bc2
638,formal_train_1665,,,60b074fd3695ec5d586b54e57faa0371eeeec8ad5bfd76f20a7413650eb8a791,d79c98ebbef16701f877d2157b24cca6366d02b04c916a1d5abc00b52d2956ef,train,false,D10,,a Czech road surface with transverse crack damage,202600638,512,512,28,4.5,FlowMatchEulerDiscreteScheduler,sd3base_0638_formal_train_1665.png,sd3rgda_0638_formal_train_1665.png,dca7d04a8b90b317724bd3572b21b91304f9c98fa36014208cc695df34489bc2
639,formal_train_1666,,,3df9b3fbf8504c357677460f4b895475b820d51bb4ec214f76c1ab12d5cfc89b,3fd2c7e0a868118877f7ff18ad2b9a33f601adb3b62d6608959304d10396c9c4,train,false,D10,,a Czech road surface with transverse crack and alligator crack damage,202600639,512,512,28,4.5,FlowMatchEulerDiscreteScheduler,sd3base_0639_formal_train_1666.png,sd3rgda_0639_formal_train_1666.png,dca7d04a8b90b317724bd3572b21b91304f9c98fa36014208cc695df34489bc2
640,formal_train_1667,,,9e75c9de537a391e64a561ac6d24dfbc06cfcc6693f93bd8de641e3c381cc821,c803d276269d9e03d7ae136b183983ad92cf8c3d7fb737e4132502454db399dc,train,false,D00,,a Czech road surface with longitudinal crack damage,202600640,512,512,28,4.5,FlowMatchEulerDiscreteScheduler,sd3base_0640_formal_train_1667.png,sd3rgda_0640_formal_train_1667.png,dca7d04a8b90b317724bd3572b21b91304f9c98fa36014208cc695df34489bc2
641,formal_train_1668,,,356d4607d77d9b57186b07a66515f0b6654ded0a4d6447c72f63da0956daee9d,a0c76eafa1a903f14e78a1ad0152e5192707ae95c84d272b36b3564f7a6da090,train,false,D00,,a Czech road surface with longitudinal crack damage,202600641,512,512,28,4.5,FlowMatchEulerDiscreteScheduler,sd3base_0641_formal_train_1668.png,sd3rgda_0641_formal_train_1668.png,dca7d04a8b90b317724bd3572b21b91304f9c98fa36014208cc695df34489bc2
642,formal_train_1671,,,79565154a6ba6ac55ad4bc91896063a6fa25497e663ab0012553fd9c6752565f,3bb3fc8d82802e2f2acf1bf5137dd30b2e6e85bbb8a626caaa5c33f53e414efa,train,false,D00,,a Czech road surface with longitudinal crack damage,202600642,512,512,28,4.5,FlowMatchEulerDiscreteScheduler,sd3base_0642_formal_train_1671.png,sd3rgda_0642_formal_train_1671.png,dca7d04a8b90b317724bd3572b21b91304f9c98fa36014208cc695df34489bc2
643,formal_train_1672,,,47d37a3a897951506851f330b8db8f0e0c3cb3c9ca47420c50e29806973a0765,ad5b638e5594887cfcf4721101d230b19ff10cd0999fdb3f1a9585e3176baed1,train,false,D00,,a Czech road surface with longitudinal crack damage,202600643,512,512,28,4.5,FlowMatchEulerDiscreteScheduler,sd3base_0643_formal_train_1672.png,sd3rgda_0643_formal_train_1672.png,dca7d04a8b90b317724bd3572b21b91304f9c98fa36014208cc695df34489bc2
644,formal_train_1673,,,9a25ef19048e57f1bb140be55dc3a40d059304016ba6224020edf118678afc0c,ec4aff25e293f29ccc81752605f62dee7c72ccc431c6c6e735ca5faef93228d2,train,false,D00,,a Czech road surface with longitudinal crack damage,202600644,512,512,28,4.5,FlowMatchEulerDiscreteScheduler,sd3base_0644_formal_train_1673.png,sd3rgda_0644_formal_train_1673.png,dca7d04a8b90b317724bd3572b21b91304f9c98fa36014208cc695df34489bc2
645,formal_train_1679,,,189960ec950bdea790de322adfc00f8151bf790cb58aec6e951e15c83b63cffd,75e0e4c26cf4a8c69997f92b0635e01685d76f172704a12d6c826dc5983e4f32,train,false,D00,,a Czech road surface with longitudinal crack and transverse crack damage,202600645,512,512,28,4.5,FlowMatchEulerDiscreteScheduler,sd3base_0645_formal_train_1679.png,sd3rgda_0645_formal_train_1679.png,dca7d04a8b90b317724bd3572b21b91304f9c98fa36014208cc695df34489bc2
646,formal_train_1680,,,855cef7c2cd904d357ea415f5353a071ef926f0fecf0cd7118669ff6ca37961a,cbef985ec81f08de301a03af3c062a9a1bfed6b4df69109b041ddcb6a3112525,train,false,D00,,a Czech road surface with longitudinal crack damage,202600646,512,512,28,4.5,FlowMatchEulerDiscreteScheduler,sd3base_0646_formal_train_1680.png,sd3rgda_0646_formal_train_1680.png,dca7d04a8b90b317724bd3572b21b91304f9c98fa36014208cc695df34489bc2
647,formal_train_1681,,,fb7fd6aee27183fc8775274c147d6817b1d5b966e4f8eee9928831a80701bb39,c8c277feeb74faa6a69c1c926b2db2ae2637212d00652ce811494f9cad1ed574,train,false,D00,,a Czech road surface with longitudinal crack and transverse crack and alligator crack and pothole damage,202600647,512,512,28,4.5,FlowMatchEulerDiscreteScheduler,sd3base_0647_formal_train_1681.png,sd3rgda_0647_formal_train_1681.png,dca7d04a8b90b317724bd3572b21b91304f9c98fa36014208cc695df34489bc2
648,formal_train_1685,,,bc6bab361b94e57e948f7bc2bbad9a6f9670c4fb1a9b6d71616060c2b974f4a7,2b465dc5ad48bbc01f21a98a5ae16f01cff80626c59ff257a64822460d5ccc96,train,false,D00,,a Czech road surface with longitudinal crack damage,202600648,512,512,28,4.5,FlowMatchEulerDiscreteScheduler,sd3base_0648_formal_train_1685.png,sd3rgda_0648_formal_train_1685.png,dca7d04a8b90b317724bd3572b21b91304f9c98fa36014208cc695df34489bc2
649,formal_train_1688,,,b85a79678e2d6fc3fc99bfb01b649b217d0f2ae0b156ebb154744faa7e20f3db,9ce767113e97a4ef3d2d99c72b4378e80b782295c842af4722bc326dd00e3611,train,false,D00,,a Czech road surface with longitudinal crack damage,202600649,512,512,28,4.5,FlowMatchEulerDiscreteScheduler,sd3base_0649_formal_train_1688.png,sd3rgda_0649_formal_train_1688.png,dca7d04a8b90b317724bd3572b21b91304f9c98fa36014208cc695df34489bc2
650,formal_train_1693,,,a965d142f7dd96edb3c32fee7c2e69d7bbbfb9209c49739087e53b96f385d918,bfe0751c57208e91bebe1fb959c9f90c82014ce678408395f0791e4b86f9571f,train,false,D20,,a Czech road surface with alligator crack damage,202600650,512,512,28,4.5,FlowMatchEulerDiscreteScheduler,sd3base_0650_formal_train_1693.png,sd3rgda_0650_formal_train_1693.png,dca7d04a8b90b317724bd3572b21b91304f9c98fa36014208cc695df34489bc2
651,formal_train_1698,,,3956f21c8ca7253e7dbd9d1402c60e9259172a97975d3cee458e27cebf65d254,b2ffde74d9defc17aca480d3c41534eaab5b1979d57afac58765326713a429e0,train,false,D40,,a Czech road surface with pothole damage,202600651,512,512,28,4.5,FlowMatchEulerDiscreteScheduler,sd3base_0651_formal_train_1698.png,sd3rgda_0651_formal_train_1698.png,dca7d04a8b90b317724bd3572b21b91304f9c98fa36014208cc695df34489bc2
652,formal_train_1702,,,afb4dfebd8c6ea55c55918a43aa7fe26e7a7d9640c7025a143074547688fef77,15c9a5b84e443e0a63757c06967328858015b56bfa0d8a018d0eaa37e7147289,train,false,D00,,a Czech road surface with longitudinal crack damage,202600652,512,512,28,4.5,FlowMatchEulerDiscreteScheduler,sd3base_0652_formal_train_1702.png,sd3rgda_0652_formal_train_1702.png,dca7d04a8b90b317724bd3572b21b91304f9c98fa36014208cc695df34489bc2
653,formal_train_1707,,,8d70f83aee3f8855ff114ef61e76dce909441b3ddc979275410cd93cf281e8e3,e86d34fa6e49c51569cf6803ea1be08d7a084577aac4dcfa33c77c4e716df8d3,train,false,D00,,a Czech road surface with longitudinal crack damage,202600653,512,512,28,4.5,FlowMatchEulerDiscreteScheduler,sd3base_0653_formal_train_1707.png,sd3rgda_0653_formal_train_1707.png,dca7d04a8b90b317724bd3572b21b91304f9c98fa36014208cc695df34489bc2
654,formal_train_1711,,,a142c64a5a15b21f1680b890985aa3a939ac4fb3d49dcf3702a98c8a21e21ac8,0b04a54f5ae5fd7075bb931a549ea53cb20da1a6dbdae03e2102e457ec8839f6,train,false,D10,,a Czech road surface with transverse crack damage,202600654,512,512,28,4.5,FlowMatchEulerDiscreteScheduler,sd3base_0654_formal_train_1711.png,sd3rgda_0654_formal_train_1711.png,dca7d04a8b90b317724bd3572b21b91304f9c98fa36014208cc695df34489bc2
655,formal_train_1712,,,e9b2bd0b807a97cfa262ab93e2b6a8b54f77732a8a5c2be9aaa86ca3dae6c058,5f259e4a2db5a14a4f6d11c4880a55ff8743189476255e23db9dda1396408723,train,false,D00,,a Czech road surface with longitudinal crack damage,202600655,512,512,28,4.5,FlowMatchEulerDiscreteScheduler,sd3base_0655_formal_train_1712.png,sd3rgda_0655_formal_train_1712.png,dca7d04a8b90b317724bd3572b21b91304f9c98fa36014208cc695df34489bc2
656,formal_train_1715,,,12110a80cd250415925d41a8afcaf06cbc2a9283d1eb81c50f9e87a6e1de58bb,d82992be76a8c81081c0f5b614a55b36f2fb16ef8b148f705c10d453ef3869b3,train,false,D00,,a Czech road surface with longitudinal crack damage,202600656,512,512,28,4.5,FlowMatchEulerDiscreteScheduler,sd3base_0656_formal_train_1715.png,sd3rgda_0656_formal_train_1715.png,dca7d04a8b90b317724bd3572b21b91304f9c98fa36014208cc695df34489bc2
657,formal_train_1720,,,1aa6e7e136de32dccb93c60a2062fe1ace1f516e220370e631492bf0bde9c6fe,9e4cd68129af095dbb455b5ca0a1094e18c94b6365591bf43eab2d74e5dd3dcd,train,false,D00,,a Czech road surface with longitudinal crack damage,202600657,512,512,28,4.5,FlowMatchEulerDiscreteScheduler,sd3base_0657_formal_train_1720.png,sd3rgda_0657_formal_train_1720.png,dca7d04a8b90b317724bd3572b21b91304f9c98fa36014208cc695df34489bc2
658,formal_train_1723,,,d69d56bfef9c4f24ab04f16d9a3deda2ad8abecfe4f75dcdd051f7c8cfc4d878,64ef0271dfa8186a9ba7026e2ded7bea72d3d715425c3b94bd08c12093cbb318,train,false,D00,,a Czech road surface with longitudinal crack damage,202600658,512,512,28,4.5,FlowMatchEulerDiscreteScheduler,sd3base_0658_formal_train_1723.png,sd3rgda_0658_formal_train_1723.png,dca7d04a8b90b317724bd3572b21b91304f9c98fa36014208cc695df34489bc2
659,formal_train_1724,,,16d666e720acdfe8b4f9a0ec315c6a1dd2f8c45693b5e0c0a7a3fe48732f0a98,72ed66f77537357c1f213073a3c22349afdee3eb9587396aca23690225403918,train,false,D00,,a Czech road surface with longitudinal crack damage,202600659,512,512,28,4.5,FlowMatchEulerDiscreteScheduler,sd3base_0659_formal_train_1724.png,sd3rgda_0659_formal_train_1724.png,dca7d04a8b90b317724bd3572b21b91304f9c98fa36014208cc695df34489bc2
660,formal_train_1728,,,3151eccb8c236e075eabb4136e4b3d2ab5d6576ecf762d1eb1df61d6e4eae361,0345f4eb7a8ac4302528d761bf360ae954bf90b25e688d2d9297d4cc2b3bcdd0,train,false,D00,,a Czech road surface with longitudinal crack damage,202600660,512,512,28,4.5,FlowMatchEulerDiscreteScheduler,sd3base_0660_formal_train_1728.png,sd3rgda_0660_formal_train_1728.png,dca7d04a8b90b317724bd3572b21b91304f9c98fa36014208cc695df34489bc2
661,formal_train_1743,,,93baaae751a5cabf99d27d7eb3cd365f4068d6e208025346f28f5bc77129fb59,0bf14f184154d13e655ec2dbb8f519129bd9759cc1e129bc6b7a620377d21515,train,false,D00,,a Czech road surface with longitudinal crack damage,202600661,512,512,28,4.5,FlowMatchEulerDiscreteScheduler,sd3base_0661_formal_train_1743.png,sd3rgda_0661_formal_train_1743.png,dca7d04a8b90b317724bd3572b21b91304f9c98fa36014208cc695df34489bc2
662,formal_train_1744,,,69362da52dc239142f1f1d1e4991962f6a27a5b5a78264d116316990ee1866fe,ae3fcac75eea9236b5288c32d1ca7842fa46f40cb23c12d555beca06753246cb,train,false,D00,,a Czech road surface with longitudinal crack damage,202600662,512,512,28,4.5,FlowMatchEulerDiscreteScheduler,sd3base_0662_formal_train_1744.png,sd3rgda_0662_formal_train_1744.png,dca7d04a8b90b317724bd3572b21b91304f9c98fa36014208cc695df34489bc2
663,formal_train_1746,,,bdcb8dc5f88ec6d3afd82565a88ef181b3015897b238addb7cd0c82d93e734c0,aaad4950ca79d2ea8c1eb0863162ff58bb1c17f1da174118b90bb4f6c0c6f542,train,false,D00,,a Czech road surface with longitudinal crack and pothole damage,202600663,512,512,28,4.5,FlowMatchEulerDiscreteScheduler,sd3base_0663_formal_train_1746.png,sd3rgda_0663_formal_train_1746.png,dca7d04a8b90b317724bd3572b21b91304f9c98fa36014208cc695df34489bc2
664,formal_train_1748,,,f1c51e32bb09a057294f4d4659d3fdfa6b692e06d5be8def58082ef7f2502dfa,a5e41545cb711c4ec245d945f235f7e083f565fbb7f5494f4c7ce54d264cff34,train,false,D00,,a Czech road surface with longitudinal crack damage,202600664,512,512,28,4.5,FlowMatchEulerDiscreteScheduler,sd3base_0664_formal_train_1748.png,sd3rgda_0664_formal_train_1748.png,dca7d04a8b90b317724bd3572b21b91304f9c98fa36014208cc695df34489bc2
665,formal_train_1749,,,5253d43ced752f3f98b8b2c9921f90f54e7d62fd356dfe44b264d11ff72231d8,a87dd02f1f58d2eedfc2a98ad5c29693a00d307a6f388833d0ab8619430bc016,train,false,D00,,a Czech road surface with longitudinal crack and transverse crack and alligator crack damage,202600665,512,512,28,4.5,FlowMatchEulerDiscreteScheduler,sd3base_0665_formal_train_1749.png,sd3rgda_0665_formal_train_1749.png,dca7d04a8b90b317724bd3572b21b91304f9c98fa36014208cc695df34489bc2
666,formal_train_1754,,,b85f2b8356ed4895176db57fab965fb8b361f4b986ad5f27d749cd928bfd6926,f1f964ed69cf9125fb051a46143f3d23ef12b1f250fb5cc5c1f565501eb7416c,train,false,D00,,a Czech road surface with longitudinal crack damage,202600666,512,512,28,4.5,FlowMatchEulerDiscreteScheduler,sd3base_0666_formal_train_1754.png,sd3rgda_0666_formal_train_1754.png,dca7d04a8b90b317724bd3572b21b91304f9c98fa36014208cc695df34489bc2
667,formal_train_1756,,,d705c9b4b7773d9f7cdcabecc9e78a88e9ad361ba517a89d74441af8ce3c95e0,a77f464c3784f846372123a6a72ed042388f503db46d92a8e0067fae6c180636,train,false,D00,,a Czech road surface with longitudinal crack damage,202600667,512,512,28,4.5,FlowMatchEulerDiscreteScheduler,sd3base_0667_formal_train_1756.png,sd3rgda_0667_formal_train_1756.png,dca7d04a8b90b317724bd3572b21b91304f9c98fa36014208cc695df34489bc2
668,formal_train_1760,,,288f596d8d0c16038a1afda9b4c226f801faa7c3598b157afcb0df498df3a566,f9d6ee5f5cc378ff62df84530da0999082fe0bd3f66cefea591af1e9f5456ebe,train,false,D00,,a Czech road surface with longitudinal crack damage,202600668,512,512,28,4.5,FlowMatchEulerDiscreteScheduler,sd3base_0668_formal_train_1760.png,sd3rgda_0668_formal_train_1760.png,dca7d04a8b90b317724bd3572b21b91304f9c98fa36014208cc695df34489bc2
669,formal_train_1764,,,e227f75d07bfa591b5053c096872cb5febe22e40df5753ef197a212678b26d4e,047d56eb031a44790d738bca886c78c7c48292c0a52764aa54caaabe5da03985,train,false,D00,,a Czech road surface with longitudinal crack damage,202600669,512,512,28,4.5,FlowMatchEulerDiscreteScheduler,sd3base_0669_formal_train_1764.png,sd3rgda_0669_formal_train_1764.png,dca7d04a8b90b317724bd3572b21b91304f9c98fa36014208cc695df34489bc2
670,formal_train_1767,,,8e43b493aeeeca2c8b20b8ca62cb24a80a0b06c657726586242b3cd33d078128,8bfd72bf3a05df4194bccbfccfbdddbbf32d29415daa341ed36e78f411b942e6,train,false,D00,,a Czech road surface with longitudinal crack and transverse crack damage,202600670,512,512,28,4.5,FlowMatchEulerDiscreteScheduler,sd3base_0670_formal_train_1767.png,sd3rgda_0670_formal_train_1767.png,dca7d04a8b90b317724bd3572b21b91304f9c98fa36014208cc695df34489bc2
671,formal_train_1771,,,58c06cd66ee0df40e70c8c6c0cf210a5f9e862d0a3e8336174bf06d5d697fd59,deae2ed3aa560136b513c30ed82115e29e9291dd54e90703a5cc69489d924d73,train,false,D00,,a Czech road surface with longitudinal crack damage,202600671,512,512,28,4.5,FlowMatchEulerDiscreteScheduler,sd3base_0671_formal_train_1771.png,sd3rgda_0671_formal_train_1771.png,dca7d04a8b90b317724bd3572b21b91304f9c98fa36014208cc695df34489bc2
672,formal_train_1772,,,7b249abedce03afd1906b4ca906cda2d2e15acd5460b7fe2443b894c79eec784,6aac2dab2c55338b3e73e33139f5ba4e69cc74f253d190d088a6e54f68f3fb52,train,false,D00,,a Czech road surface with longitudinal crack damage,202600672,512,512,28,4.5,FlowMatchEulerDiscreteScheduler,sd3base_0672_formal_train_1772.png,sd3rgda_0672_formal_train_1772.png,dca7d04a8b90b317724bd3572b21b91304f9c98fa36014208cc695df34489bc2
673,formal_train_1776,,,fc68a6273ff06b937f9405b4de936d6b39245e998595838b739c43d6929fcfc8,6746b8a894fc7f8d8e8eb73728fbe2b16579e46ae3acbcbf9563613497d8d077,train,false,D00,,a Czech road surface with longitudinal crack damage,202600673,512,512,28,4.5,FlowMatchEulerDiscreteScheduler,sd3base_0673_formal_train_1776.png,sd3rgda_0673_formal_train_1776.png,dca7d04a8b90b317724bd3572b21b91304f9c98fa36014208cc695df34489bc2
674,formal_train_1779,,,1d4ef518d588e4354cb840a9de8061285a2366d74265f3b064fa0ef0a2744f5d,1a65f95095896948090b58ee59ffd905b9d02599ef1c35ce7938c0f21cca8856,train,false,D00,,a Czech road surface with longitudinal crack damage,202600674,512,512,28,4.5,FlowMatchEulerDiscreteScheduler,sd3base_0674_formal_train_1779.png,sd3rgda_0674_formal_train_1779.png,dca7d04a8b90b317724bd3572b21b91304f9c98fa36014208cc695df34489bc2
675,formal_train_1780,,,b23f05d44f197a9d3476f6a060554910d25196505e61e1eda11addb0377a0c9f,b524067fe4b21e993ad34bebd63bb2451f1e37b90dbee9c2cead64c24d4f39dd,train,false,D00,,a Czech road surface with longitudinal crack damage,202600675,512,512,28,4.5,FlowMatchEulerDiscreteScheduler,sd3base_0675_formal_train_1780.png,sd3rgda_0675_formal_train_1780.png,dca7d04a8b90b317724bd3572b21b91304f9c98fa36014208cc695df34489bc2
676,formal_train_1790,,,207c7e162242590b8a745d7f604766e525c9da5ef27405ef1208b0b8839e438c,bdd802836f03c9eb25f8b8a0ac5559738db097e89bb8bca5386e8cdd4f8c57e5,train,false,D00,,a Czech road surface with longitudinal crack damage,202600676,512,512,28,4.5,FlowMatchEulerDiscreteScheduler,sd3base_0676_formal_train_1790.png,sd3rgda_0676_formal_train_1790.png,dca7d04a8b90b317724bd3572b21b91304f9c98fa36014208cc695df34489bc2
677,formal_train_1791,,,3bb7db952caf85ebb3c91c58e23c6b73f73410c41ef4a90916d7f51ec733c8c6,3e8aadf120324e9f9f6f55499b98431b286b3c22bfc182890b67af475233b2a6,train,false,D00,,a Czech road surface with longitudinal crack damage,202600677,512,512,28,4.5,FlowMatchEulerDiscreteScheduler,sd3base_0677_formal_train_1791.png,sd3rgda_0677_formal_train_1791.png,dca7d04a8b90b317724bd3572b21b91304f9c98fa36014208cc695df34489bc2
678,formal_train_1794,,,f3f021e5638c03f45cc8271009ebc2d1ad6270df7d4215b7a1b1f31eb86ed731,bd9646b27c6269e9d852ed967d320a946eeceb54fcc81d1e7829940a9e9547e8,train,false,D00,,a Czech road surface with longitudinal crack damage,202600678,512,512,28,4.5,FlowMatchEulerDiscreteScheduler,sd3base_0678_formal_train_1794.png,sd3rgda_0678_formal_train_1794.png,dca7d04a8b90b317724bd3572b21b91304f9c98fa36014208cc695df34489bc2
679,formal_train_1795,,,d45a5859679a4d594d2434dea9fb0dc409e9c6bddf054358fefdca734b884916,48948f7088e9f3d90515eda0dc4da3f14bd7fcf706a4f25f3159cb003744ee65,train,false,D00,,a Czech road surface with longitudinal crack damage,202600679,512,512,28,4.5,FlowMatchEulerDiscreteScheduler,sd3base_0679_formal_train_1795.png,sd3rgda_0679_formal_train_1795.png,dca7d04a8b90b317724bd3572b21b91304f9c98fa36014208cc695df34489bc2
680,formal_train_1796,,,31771083b14a9afe700f57e86ae7159efac05f498e37165f2b6e283d05186678,ace53a7ef6647976d5fab8638bbbe49503ac31d1e82e746bca2d67e61f3e803e,train,false,D00,,a Czech road surface with longitudinal crack damage,202600680,512,512,28,4.5,FlowMatchEulerDiscreteScheduler,sd3base_0680_formal_train_1796.png,sd3rgda_0680_formal_train_1796.png,dca7d04a8b90b317724bd3572b21b91304f9c98fa36014208cc695df34489bc2
681,formal_train_1799,,,7d2abb2d2ba3cb8055ada514a95e75232c70e8571510fcf562d9676247b470bf,8594d1116ee053339323e7d20cd4bfb7178c645b5cd9f3d3297cd1f2e3e7e5fa,train,false,D00,,a Czech road surface with longitudinal crack and pothole damage,202600681,512,512,28,4.5,FlowMatchEulerDiscreteScheduler,sd3base_0681_formal_train_1799.png,sd3rgda_0681_formal_train_1799.png,dca7d04a8b90b317724bd3572b21b91304f9c98fa36014208cc695df34489bc2
682,formal_train_1801,,,2ba2d78f436c3c79a8d044082eaa52233a5d1d16bd9aa4101854ada5cfc8bb45,0296e2f2c4d14101cb8132b87eee4f342e022b0a84cafc04d95456169078b6cb,train,false,D00,,a Czech road surface with longitudinal crack and alligator crack damage,202600682,512,512,28,4.5,FlowMatchEulerDiscreteScheduler,sd3base_0682_formal_train_1801.png,sd3rgda_0682_formal_train_1801.png,dca7d04a8b90b317724bd3572b21b91304f9c98fa36014208cc695df34489bc2
683,formal_train_1805,,,a9e625de2680e16d02fb90eefc8e07a24411cf3c5ef4d36f761fe12edf49fa6c,5d00f414cdb88fe4efb57c05effc8a8bd19d4b6e8fdb004a6e04a3d151729327,train,false,D00,,a Czech road surface with longitudinal crack damage,202600683,512,512,28,4.5,FlowMatchEulerDiscreteScheduler,sd3base_0683_formal_train_1805.png,sd3rgda_0683_formal_train_1805.png,dca7d04a8b90b317724bd3572b21b91304f9c98fa36014208cc695df34489bc2
684,formal_train_1816,,,d5264bb2ed03e9edb5f6b07b5a081378bb4ea5ee675098fed60b58f52a26c8cb,d7125b0de98474121259b01cb51d5dd8116337e32484802e97e774dce5de18f3,train,false,D00,,a Czech road surface with longitudinal crack damage,202600684,512,512,28,4.5,FlowMatchEulerDiscreteScheduler,sd3base_0684_formal_train_1816.png,sd3rgda_0684_formal_train_1816.png,dca7d04a8b90b317724bd3572b21b91304f9c98fa36014208cc695df34489bc2
685,formal_train_1822,,,2f2706d3201ce7eeda9fb03cbc45b85b1dc42fe523b6c6c5262c24c7306970da,fae772c3e2bd399de7bac7222f8dff272f6c0df83aafec6cdf333a441752c570,train,false,D00,,a Czech road surface with longitudinal crack damage,202600685,512,512,28,4.5,FlowMatchEulerDiscreteScheduler,sd3base_0685_formal_train_1822.png,sd3rgda_0685_formal_train_1822.png,dca7d04a8b90b317724bd3572b21b91304f9c98fa36014208cc695df34489bc2
686,formal_train_1823,,,89ad2edb67ec4ccfd71f4a94ef4bf13ab1dfe3d853296b0475dded6a9350a864,e82facc400893aa70c01287ce0cee05e6b127bdb4f27eed8b3a6290c6dd58fa9,train,false,D00,,a Czech road surface with longitudinal crack damage,202600686,512,512,28,4.5,FlowMatchEulerDiscreteScheduler,sd3base_0686_formal_train_1823.png,sd3rgda_0686_formal_train_1823.png,dca7d04a8b90b317724bd3572b21b91304f9c98fa36014208cc695df34489bc2
687,formal_train_1824,,,82ebdf13f8b2ecb001a130b13677b1f73634ef5cf53f0bc247ce834643de683d,e8788aace0f508e57bcb766dca50dbba48ae7ef32daf7ce941804059039dcbef,train,false,D00,,a Czech road surface with longitudinal crack damage,202600687,512,512,28,4.5,FlowMatchEulerDiscreteScheduler,sd3base_0687_formal_train_1824.png,sd3rgda_0687_formal_train_1824.png,dca7d04a8b90b317724bd3572b21b91304f9c98fa36014208cc695df34489bc2
688,formal_train_1828,,,45602a3999c9825ba2f5272694b930dfc20ca6ec996cacd605237cf59c196d1c,b02354de1ed64b7538b8232f40e7153d9910ec5ef682e1d234c808ad5fe0045b,train,false,D00,,a Czech road surface with longitudinal crack damage,202600688,512,512,28,4.5,FlowMatchEulerDiscreteScheduler,sd3base_0688_formal_train_1828.png,sd3rgda_0688_formal_train_1828.png,dca7d04a8b90b317724bd3572b21b91304f9c98fa36014208cc695df34489bc2
689,formal_train_1833,,,5a10f9747c72821ec8bb928f42a10731a787894c1f06df63bc1a395dcc4380ce,f95d4a44b4545b30e6840dea11b05fd19fe2d6b6d58b1d706435f3ca4dfeb449,train,false,D20,,a Czech road surface with alligator crack damage,202600689,512,512,28,4.5,FlowMatchEulerDiscreteScheduler,sd3base_0689_formal_train_1833.png,sd3rgda_0689_formal_train_1833.png,dca7d04a8b90b317724bd3572b21b91304f9c98fa36014208cc695df34489bc2
690,formal_train_1835,,,399647b20aa026b378245f8a3ff23f3e27637f086f3dbdd965eada3cc6c856dc,e51b4b2e0d67cfbe1afeaf6fb152c92e5c1e97208d054d243f78e664b3a10fd5,train,false,D00,,a Czech road surface with longitudinal crack damage,202600690,512,512,28,4.5,FlowMatchEulerDiscreteScheduler,sd3base_0690_formal_train_1835.png,sd3rgda_0690_formal_train_1835.png,dca7d04a8b90b317724bd3572b21b91304f9c98fa36014208cc695df34489bc2
691,formal_train_1837,,,4c647609d023c45e1e55958ef398ad8a7879c301b6d597f73f3f93b40c5ab6e5,0b591d812e5beb24c6bfb5b1fa2f302e485aa5390ac0d2417835b735442f3425,train,false,D10,,a Czech road surface with transverse crack and alligator crack damage,202600691,512,512,28,4.5,FlowMatchEulerDiscreteScheduler,sd3base_0691_formal_train_1837.png,sd3rgda_0691_formal_train_1837.png,dca7d04a8b90b317724bd3572b21b91304f9c98fa36014208cc695df34489bc2
692,formal_train_1838,,,d3a247a206269c8de59f48129de67037e9bc4bc9232cbee7dfd4c1cfb471c9fd,e62f45e0ba70ee593fdc78046e86fc47ae3a806987f601e8098f36ab7a7c1282,train,false,D00,,a Czech road surface with longitudinal crack damage,202600692,512,512,28,4.5,FlowMatchEulerDiscreteScheduler,sd3base_0692_formal_train_1838.png,sd3rgda_0692_formal_train_1838.png,dca7d04a8b90b317724bd3572b21b91304f9c98fa36014208cc695df34489bc2
693,formal_train_1840,,,673e1b48fd6a590c6345973431ff0106cb69e59562d81e4e310e7af4d7eca518,4fdca130bff1c7f1d8e49c5b6147541278f137f83ea43fef30b7574c33fcbbb5,train,false,D00,,a Czech road surface with longitudinal crack damage,202600693,512,512,28,4.5,FlowMatchEulerDiscreteScheduler,sd3base_0693_formal_train_1840.png,sd3rgda_0693_formal_train_1840.png,dca7d04a8b90b317724bd3572b21b91304f9c98fa36014208cc695df34489bc2
694,formal_train_1842,,,65aae97d6a497c71dda7c15b6bcad23837bf88ceb24b8731a18913c44391ce3e,3d5e6cccbaf6b8fa3c532d06e1282e97d6f9e50c13cd354ad4e7e0ade9257d09,train,false,D00,,a Czech road surface with longitudinal crack damage,202600694,512,512,28,4.5,FlowMatchEulerDiscreteScheduler,sd3base_0694_formal_train_1842.png,sd3rgda_0694_formal_train_1842.png,dca7d04a8b90b317724bd3572b21b91304f9c98fa36014208cc695df34489bc2
695,formal_train_1846,,,5b1f47e0ce04b13cea08a773380e7d53ec0ab591b2f9264cd694ad3f2eab126e,1ed94cea88509ba5a52180c52efcb2e6110ae4f238271be00b1a9cb77dbf0884,train,false,D00,,a Czech road surface with longitudinal crack damage,202600695,512,512,28,4.5,FlowMatchEulerDiscreteScheduler,sd3base_0695_formal_train_1846.png,sd3rgda_0695_formal_train_1846.png,dca7d04a8b90b317724bd3572b21b91304f9c98fa36014208cc695df34489bc2
696,formal_train_1848,,,469698aea68c9ee0fed5632af2f8b995e6fa23b98c19c18a82a6bdc7f1944609,05d07b1b3e42d3035d7183a9a3f32d830aa0971f0593847c6ef84d209793e66d,train,false,D40,,a Czech road surface with pothole damage,202600696,512,512,28,4.5,FlowMatchEulerDiscreteScheduler,sd3base_0696_formal_train_1848.png,sd3rgda_0696_formal_train_1848.png,dca7d04a8b90b317724bd3572b21b91304f9c98fa36014208cc695df34489bc2
697,formal_train_1854,,,e9286b1a5b007a8852555593d7512d1fae6a86aa8338783100df39f1e5d55841,c6e4ae109dfb5d3bb8f39a4248cad8914d349a68ad304696e5870309d153fb2e,train,false,D00,,a Czech road surface with longitudinal crack damage,202600697,512,512,28,4.5,FlowMatchEulerDiscreteScheduler,sd3base_0697_formal_train_1854.png,sd3rgda_0697_formal_train_1854.png,dca7d04a8b90b317724bd3572b21b91304f9c98fa36014208cc695df34489bc2
698,formal_train_1855,,,3fde71b8ac60ae20c830dba11a252ab4e806f4f9ea3eeff67ad32378828f14f6,da470375576edac7c9cd68378b65a85efde59d73e1dd048d2b9c442e1bf1c055,train,false,D00,,a Czech road surface with longitudinal crack damage,202600698,512,512,28,4.5,FlowMatchEulerDiscreteScheduler,sd3base_0698_formal_train_1855.png,sd3rgda_0698_formal_train_1855.png,dca7d04a8b90b317724bd3572b21b91304f9c98fa36014208cc695df34489bc2
699,formal_train_1858,,,bce28d08b315003d5001e3a8b7753ff144ed7b90e92c331f8c71886abf97b6ca,ee4bfdadcabc3b0ee0d196fe84675da3bcacb0e8368294132f9031d51ec7f945,train,false,D10,,a Czech road surface with transverse crack damage,202600699,512,512,28,4.5,FlowMatchEulerDiscreteScheduler,sd3base_0699_formal_train_1858.png,sd3rgda_0699_formal_train_1858.png,dca7d04a8b90b317724bd3572b21b91304f9c98fa36014208cc695df34489bc2
700,formal_train_1863,,,4d62d19ddcb6a075143c70ff6ece9c88c1b036b047e98fed80ae095b534cbb75,248cb15dabd277ece21e83b931c534dbbac5dd30e6af946dd3f5a96de5783237,train,false,D00,,a Czech road surface with longitudinal crack damage,202600700,512,512,28,4.5,FlowMatchEulerDiscreteScheduler,sd3base_0700_formal_train_1863.png,sd3rgda_0700_formal_train_1863.png,dca7d04a8b90b317724bd3572b21b91304f9c98fa36014208cc695df34489bc2
701,formal_train_1864,,,91ed20995153f3f02bfcae3a2a6a70fac119bda88072637df25f2d76af8869d6,c502e072d22be93bd5758bfc31a8a02cfc989779730dce67c10a45c09aadc787,train,false,D00,,a Czech road surface with longitudinal crack and transverse crack and pothole damage,202600701,512,512,28,4.5,FlowMatchEulerDiscreteScheduler,sd3base_0701_formal_train_1864.png,sd3rgda_0701_formal_train_1864.png,dca7d04a8b90b317724bd3572b21b91304f9c98fa36014208cc695df34489bc2
702,formal_train_1866,,,169ec2f476bc53030ea128eb95fd67fb2a770c494e29fcc005d1cae5d2c178c3,17294ca9753c50cd60d6bfe5303ad6019270d387937c00b41150b089f950bf9f,train,false,D00,,a Czech road surface with longitudinal crack damage,202600702,512,512,28,4.5,FlowMatchEulerDiscreteScheduler,sd3base_0702_formal_train_1866.png,sd3rgda_0702_formal_train_1866.png,dca7d04a8b90b317724bd3572b21b91304f9c98fa36014208cc695df34489bc2
703,formal_train_1868,,,dd708a33fe02a4997654b73396b4c2ff3dbdda4c3dcb9f14ac66d211698395e6,7cd0f80b7834beb1db1ba854887a8d12aa549efbd7a7b7797cab279554725ca0,train,false,D00,,a Czech road surface with longitudinal crack and transverse crack damage,202600703,512,512,28,4.5,FlowMatchEulerDiscreteScheduler,sd3base_0703_formal_train_1868.png,sd3rgda_0703_formal_train_1868.png,dca7d04a8b90b317724bd3572b21b91304f9c98fa36014208cc695df34489bc2
704,formal_train_1869,,,2696eed032b090f97289f5b7f10c62f211e777b576bf21b52879a0796b8f79dd,1ceb86824ab4772e9632ae5cd1b557e2738236dcb7cd45cf53ab07dcba1c5ac6,train,false,D00,,a Czech road surface with longitudinal crack damage,202600704,512,512,28,4.5,FlowMatchEulerDiscreteScheduler,sd3base_0704_formal_train_1869.png,sd3rgda_0704_formal_train_1869.png,dca7d04a8b90b317724bd3572b21b91304f9c98fa36014208cc695df34489bc2
705,formal_train_1872,,,dacc786a44d047c9d5ce2a82f2f6d7e29193902f37ffd5262906963b1f9144d6,f97f449a12f50b90c1fe20c6fdbb6214478e9ada1281d5a864898ee0e838d68c,train,false,D20,,a Czech road surface with alligator crack damage,202600705,512,512,28,4.5,FlowMatchEulerDiscreteScheduler,sd3base_0705_formal_train_1872.png,sd3rgda_0705_formal_train_1872.png,dca7d04a8b90b317724bd3572b21b91304f9c98fa36014208cc695df34489bc2
706,formal_train_1873,,,fc8ea2d5135ecb72224abf4a219ed39a414eb97472c55ef3ec80eee77fcd7efc,22868c4778fbbeae3bfa248670f4431e0ed5f5e3d9a3ca6032effdd129770685,train,false,D00,,a Czech road surface with longitudinal crack damage,202600706,512,512,28,4.5,FlowMatchEulerDiscreteScheduler,sd3base_0706_formal_train_1873.png,sd3rgda_0706_formal_train_1873.png,dca7d04a8b90b317724bd3572b21b91304f9c98fa36014208cc695df34489bc2
707,formal_train_1874,,,114553e91c23f0db48491cc3d5c9e3c8a7070600ba651dfb979fe04ed7f0c951,b63dd6a70c766f6c335e3a85f359f4e880d4649a287414d9f2510dc705190b98,train,false,D00,,a Czech road surface with longitudinal crack damage,202600707,512,512,28,4.5,FlowMatchEulerDiscreteScheduler,sd3base_0707_formal_train_1874.png,sd3rgda_0707_formal_train_1874.png,dca7d04a8b90b317724bd3572b21b91304f9c98fa36014208cc695df34489bc2
708,formal_train_1875,,,b7b64f2f1f717161a43bcd46c659c12995cf20171418381cc48b29620d378bbe,af115b14ec43f7f7b3c0286e77ff92aee15bd14591f29451ed9dfbe5dbbebe65,train,false,D00,,a Czech road surface with longitudinal crack damage,202600708,512,512,28,4.5,FlowMatchEulerDiscreteScheduler,sd3base_0708_formal_train_1875.png,sd3rgda_0708_formal_train_1875.png,dca7d04a8b90b317724bd3572b21b91304f9c98fa36014208cc695df34489bc2
709,formal_train_1876,,,b87b94b418cbc4cf0e43d0ccce7109ee6e9c8d1a7d27f034e071dfcb84528c09,ad6130c71a097d2bef7ed14d5f25c6243509429bd36dcb54ab201c6947a0452b,train,false,D10,,a Czech road surface with transverse crack damage,202600709,512,512,28,4.5,FlowMatchEulerDiscreteScheduler,sd3base_0709_formal_train_1876.png,sd3rgda_0709_formal_train_1876.png,dca7d04a8b90b317724bd3572b21b91304f9c98fa36014208cc695df34489bc2
710,formal_train_1885,,,e63b704656a58ba74e10772d04d199878484435e832f3916c7a760edd73eb6aa,4cea5c56189db809f23d6a462a28905b4ca38254cd613f6db8a7bd08fecd16c0,train,false,D00,,a Czech road surface with longitudinal crack damage,202600710,512,512,28,4.5,FlowMatchEulerDiscreteScheduler,sd3base_0710_formal_train_1885.png,sd3rgda_0710_formal_train_1885.png,dca7d04a8b90b317724bd3572b21b91304f9c98fa36014208cc695df34489bc2
711,formal_train_1886,,,335dda1977405a23e99d29422645265f32160638c7a42a61de61390c431e2c99,3971ed1d5b1cfb8940b41bde4526ad08d8565bb06c4c808828e9528b869d24a3,train,false,D00,,a Czech road surface with longitudinal crack damage,202600711,512,512,28,4.5,FlowMatchEulerDiscreteScheduler,sd3base_0711_formal_train_1886.png,sd3rgda_0711_formal_train_1886.png,dca7d04a8b90b317724bd3572b21b91304f9c98fa36014208cc695df34489bc2
712,formal_train_1887,,,21e00ab438303028ce4c36d940728c5be71aa5e2b723b060b75ff536cdd388d1,0134f2a76c29af02b74c4f3f7bfa9b5107503e70496a831dffdeec99fed7c2ae,train,false,D10,,a Czech road surface with transverse crack damage,202600712,512,512,28,4.5,FlowMatchEulerDiscreteScheduler,sd3base_0712_formal_train_1887.png,sd3rgda_0712_formal_train_1887.png,dca7d04a8b90b317724bd3572b21b91304f9c98fa36014208cc695df34489bc2
713,formal_train_1893,,,f4e0ff097b5cf21b1d6e5f657b686d2a9882aad5adcdeab513e76522cfe91405,de42f69378e984d5ab1ef5faa2444eb502df850984b8085e00f8df52a6c4fdae,train,false,D00,,a Czech road surface with longitudinal crack damage,202600713,512,512,28,4.5,FlowMatchEulerDiscreteScheduler,sd3base_0713_formal_train_1893.png,sd3rgda_0713_formal_train_1893.png,dca7d04a8b90b317724bd3572b21b91304f9c98fa36014208cc695df34489bc2
714,formal_train_1894,,,af48269fc84f5170c4fb7022cb3e44b2d9128ba7fafbf147f85c2589fb8c745b,c9733e14e3c1e6f72dc9489af8fd0488f3c9d7eafd6cce5dd4ea6f008adc5869,train,false,D00,,a Czech road surface with longitudinal crack damage,202600714,512,512,28,4.5,FlowMatchEulerDiscreteScheduler,sd3base_0714_formal_train_1894.png,sd3rgda_0714_formal_train_1894.png,dca7d04a8b90b317724bd3572b21b91304f9c98fa36014208cc695df34489bc2
715,formal_train_1897,,,fd602759c8a2a84e33fea1e9e34a153d2a304b044e309dc9132002c87c1fb929,ef0706db02c8998ba9cb2c26c0eacedf1cbe54f1fa7485b1df40210d7a94a6aa,train,false,D00,,a Czech road surface with longitudinal crack damage,202600715,512,512,28,4.5,FlowMatchEulerDiscreteScheduler,sd3base_0715_formal_train_1897.png,sd3rgda_0715_formal_train_1897.png,dca7d04a8b90b317724bd3572b21b91304f9c98fa36014208cc695df34489bc2
716,formal_train_1901,,,d35dff080506b610a5386d4185f5970e53f7deef3f521f3b0c6b9a9ebd91565e,a5f4795bfc7277fad0cb682be47d499327db206306f54a1cfad66ad66f9de02c,train,false,D00,,a Czech road surface with longitudinal crack damage,202600716,512,512,28,4.5,FlowMatchEulerDiscreteScheduler,sd3base_0716_formal_train_1901.png,sd3rgda_0716_formal_train_1901.png,dca7d04a8b90b317724bd3572b21b91304f9c98fa36014208cc695df34489bc2
717,formal_train_1903,,,198bc6692243140949d6becc7b10506d9244822f962e3aa918a0b8cbf7a860ab,293e68deaed9f98be40a2fb94578ba6c4cd3ddb7a06572449c0cce6d511bb37e,train,false,D00,,a Czech road surface with longitudinal crack damage,202600717,512,512,28,4.5,FlowMatchEulerDiscreteScheduler,sd3base_0717_formal_train_1903.png,sd3rgda_0717_formal_train_1903.png,dca7d04a8b90b317724bd3572b21b91304f9c98fa36014208cc695df34489bc2
718,formal_train_1907,,,9e3570eb90aaa02425f0006e57cfe2f2ec1b7c881bfd637a5eb27f86b768b6f3,d762288f007a25c7c02e5a6ad6a9e4ce467fb4b4ee1381de9faaf41895cb70dd,train,false,D00,,a Czech road surface with longitudinal crack and transverse crack damage,202600718,512,512,28,4.5,FlowMatchEulerDiscreteScheduler,sd3base_0718_formal_train_1907.png,sd3rgda_0718_formal_train_1907.png,dca7d04a8b90b317724bd3572b21b91304f9c98fa36014208cc695df34489bc2
719,formal_train_1909,,,77df10344c04fa1619c659b667dd8049a2c5ca7a170a63eb9107a2bab4dabcf2,22b30e146eede37a23e9fc98b4dae4224d256318ab817a89ac8316ca9f34f969,train,false,D10,,a Czech road surface with transverse crack damage,202600719,512,512,28,4.5,FlowMatchEulerDiscreteScheduler,sd3base_0719_formal_train_1909.png,sd3rgda_0719_formal_train_1909.png,dca7d04a8b90b317724bd3572b21b91304f9c98fa36014208cc695df34489bc2
720,formal_train_1911,,,edbe08347dd10bf1188300ceb1025fd6371c2aadec8474961123422291b7eece,f3550876642bfa236c550061d5f16627b6797d934e930833c6aba9fc07024bf2,train,false,D00,,a Czech road surface with longitudinal crack damage,202600720,512,512,28,4.5,FlowMatchEulerDiscreteScheduler,sd3base_0720_formal_train_1911.png,sd3rgda_0720_formal_train_1911.png,dca7d04a8b90b317724bd3572b21b91304f9c98fa36014208cc695df34489bc2
721,formal_train_1912,,,57b6270f6d500d6b54abfb47be7658a6ea5ad23de2aa834dec71332358204ac6,c7097fc728271553c34ed0193d30800c93c50a324e865cd1ac3c86b9d89901f0,train,false,D00,,a Czech road surface with longitudinal crack damage,202600721,512,512,28,4.5,FlowMatchEulerDiscreteScheduler,sd3base_0721_formal_train_1912.png,sd3rgda_0721_formal_train_1912.png,dca7d04a8b90b317724bd3572b21b91304f9c98fa36014208cc695df34489bc2
722,formal_train_1915,,,5c77c8acc9cd87d0993c6765ce8368e42aa922b3e0b70e595e059a17305ca959,0fab1625f82f1c93a53887407540e7413e23420996052acf9df39d5e89267fd7,train,false,D10,,a Czech road surface with transverse crack damage,202600722,512,512,28,4.5,FlowMatchEulerDiscreteScheduler,sd3base_0722_formal_train_1915.png,sd3rgda_0722_formal_train_1915.png,dca7d04a8b90b317724bd3572b21b91304f9c98fa36014208cc695df34489bc2
723,formal_train_1916,,,199c598542b3521a7d23302cc79dc86d4fa3e282bb02e3239fa46ae81820d1f4,cc8e12eb9475105f871085ac080851dba7f57c5914093eaf31f4a10b6acce4a7,train,false,D00,,a Czech road surface with longitudinal crack damage,202600723,512,512,28,4.5,FlowMatchEulerDiscreteScheduler,sd3base_0723_formal_train_1916.png,sd3rgda_0723_formal_train_1916.png,dca7d04a8b90b317724bd3572b21b91304f9c98fa36014208cc695df34489bc2
724,formal_train_1917,,,de951b581ebaad4ca65419d7fcb7417a41d9701726f759ef4e27bb30a6452fa1,cf1a8b02a64b2929870678379b8fed40aece6c642e3b3cd2883118c60ff94691,train,false,D00,,a Czech road surface with longitudinal crack and transverse crack damage,202600724,512,512,28,4.5,FlowMatchEulerDiscreteScheduler,sd3base_0724_formal_train_1917.png,sd3rgda_0724_formal_train_1917.png,dca7d04a8b90b317724bd3572b21b91304f9c98fa36014208cc695df34489bc2
725,formal_train_1920,,,bcddc099f50a56745d65cc6832e4886990928f00e1f6a8424b0cf6e07110e190,1454ca6890282cbc2c34ff002997f8b93c6c2dcec41436d88bbb0e563a19d72b,train,false,D00,,a Czech road surface with longitudinal crack damage,202600725,512,512,28,4.5,FlowMatchEulerDiscreteScheduler,sd3base_0725_formal_train_1920.png,sd3rgda_0725_formal_train_1920.png,dca7d04a8b90b317724bd3572b21b91304f9c98fa36014208cc695df34489bc2
726,formal_train_1923,,,d4ba2a01f64e7b7cc78453636daa0291d90b25cbd936e2feceeb0daff87a318e,328eeb38ba70cafd48364766935adfb87ea5c15e239a3ec3491a5320ad49e675,train,false,D10,,a Czech road surface with transverse crack damage,202600726,512,512,28,4.5,FlowMatchEulerDiscreteScheduler,sd3base_0726_formal_train_1923.png,sd3rgda_0726_formal_train_1923.png,dca7d04a8b90b317724bd3572b21b91304f9c98fa36014208cc695df34489bc2
727,formal_train_1925,,,86b4ce7e19a98af1b23a087cfc82142837111af9a8a565176a459b57917a6803,133d440b90f3925cd3f81139a7727dbed80c08081c9698fda029f52b6f10431b,train,false,D00,,a Czech road surface with longitudinal crack and pothole damage,202600727,512,512,28,4.5,FlowMatchEulerDiscreteScheduler,sd3base_0727_formal_train_1925.png,sd3rgda_0727_formal_train_1925.png,dca7d04a8b90b317724bd3572b21b91304f9c98fa36014208cc695df34489bc2
728,formal_train_1926,,,f3d8c9464463e3a03d3fc30f63c873e23d2daaf28ef8b428b113d664d83cfec1,c76c9cd005020a7b68a868d72a385610f51d84c79dd31c42112033eb2796d711,train,false,D00,,a Czech road surface with longitudinal crack damage,202600728,512,512,28,4.5,FlowMatchEulerDiscreteScheduler,sd3base_0728_formal_train_1926.png,sd3rgda_0728_formal_train_1926.png,dca7d04a8b90b317724bd3572b21b91304f9c98fa36014208cc695df34489bc2
729,formal_train_1929,,,80422b4c72ed0634d0ba45eb4ce41a1f019638a06111405ef683a212b38b9530,43f828122d3c7e9fde4353109a6acdc77f68a481a5bc0bc69ad930d6e3235306,train,false,D00,,a Czech road surface with longitudinal crack and transverse crack damage,202600729,512,512,28,4.5,FlowMatchEulerDiscreteScheduler,sd3base_0729_formal_train_1929.png,sd3rgda_0729_formal_train_1929.png,dca7d04a8b90b317724bd3572b21b91304f9c98fa36014208cc695df34489bc2
730,formal_train_1933,,,c543e2c3101f64d0cb79fe276271ad035958ba6b764a31de7af7ae35023e70cd,4e29a4af3c9a4a548199a832225050e6b28256d2c58d9b3c7f5fe0622d50b8f8,train,false,D10,,a Czech road surface with transverse crack damage,202600730,512,512,28,4.5,FlowMatchEulerDiscreteScheduler,sd3base_0730_formal_train_1933.png,sd3rgda_0730_formal_train_1933.png,dca7d04a8b90b317724bd3572b21b91304f9c98fa36014208cc695df34489bc2
731,formal_train_1935,,,de5f25321f860637936d2d6396fb4ab2f7c39517834258e1d6635f93bc30fa07,daf9c098e17096d03dc84c4dddb74000b1ce63b384ca07527d0fbbcd5636062f,train,false,D10,,a Czech road surface with transverse crack damage,202600731,512,512,28,4.5,FlowMatchEulerDiscreteScheduler,sd3base_0731_formal_train_1935.png,sd3rgda_0731_formal_train_1935.png,dca7d04a8b90b317724bd3572b21b91304f9c98fa36014208cc695df34489bc2
732,formal_train_1940,,,58c26def8399bebbfedb847cc5590e23fe81c940a61c260eeb501d0acafd9581,11e2e78eddce2b3662da34860aee8682e7d2e86466f90efb5165ff24bc579747,train,false,D00,,a Czech road surface with longitudinal crack and transverse crack damage,202600732,512,512,28,4.5,FlowMatchEulerDiscreteScheduler,sd3base_0732_formal_train_1940.png,sd3rgda_0732_formal_train_1940.png,dca7d04a8b90b317724bd3572b21b91304f9c98fa36014208cc695df34489bc2
733,formal_train_1941,,,4de5e41f3f6951ae89478b6b95a9fc8c3c7880123f07d0d45b4aa3a3ad021d4e,e3c9683f547cb0bd48f46f8855ebfa9d54a61c1f10833d3189ad94ff4a81ff3f,train,false,D40,,a Czech road surface with pothole damage,202600733,512,512,28,4.5,FlowMatchEulerDiscreteScheduler,sd3base_0733_formal_train_1941.png,sd3rgda_0733_formal_train_1941.png,dca7d04a8b90b317724bd3572b21b91304f9c98fa36014208cc695df34489bc2
734,formal_train_1942,,,9d894315a1afb25a25059cdfd23da5612c17efa8ced30bde347da5e1a90f60b9,ec229ba4cc2b67b7e785f10926b990de4a12013268c2556f5a866d87530a164e,train,false,D40,,a Czech road surface with pothole damage,202600734,512,512,28,4.5,FlowMatchEulerDiscreteScheduler,sd3base_0734_formal_train_1942.png,sd3rgda_0734_formal_train_1942.png,dca7d04a8b90b317724bd3572b21b91304f9c98fa36014208cc695df34489bc2
735,formal_train_1944,,,b528c22412fa5ad8ee506364a6e389d0d64572599732125dc2cd917942232ddc,22887c9e479c8156b6eb3e515a8f944ee5ee0a015128152191447375270b6a42,train,false,D00,,a Czech road surface with longitudinal crack damage,202600735,512,512,28,4.5,FlowMatchEulerDiscreteScheduler,sd3base_0735_formal_train_1944.png,sd3rgda_0735_formal_train_1944.png,dca7d04a8b90b317724bd3572b21b91304f9c98fa36014208cc695df34489bc2
736,formal_train_1945,,,5a0522a03fe01b5570084aa1b83721b81e486d65f8e85013e15cfeaca9c2d883,86686856836b8963b35530262f0331e491cba6c0d5bfa1843611d033d3ee7771,train,false,D00,,a Czech road surface with longitudinal crack damage,202600736,512,512,28,4.5,FlowMatchEulerDiscreteScheduler,sd3base_0736_formal_train_1945.png,sd3rgda_0736_formal_train_1945.png,dca7d04a8b90b317724bd3572b21b91304f9c98fa36014208cc695df34489bc2
737,formal_train_1948,,,decf3f8398dfc6097bd62670d3ba3e90de3ab5fcf4af99f08e069a561ae755c1,ae574c8ee3392eb15df797c50c6f7ff1d2f9de612e3a5e4259d954ff704a249d,train,false,D00,,a Czech road surface with longitudinal crack and transverse crack damage,202600737,512,512,28,4.5,FlowMatchEulerDiscreteScheduler,sd3base_0737_formal_train_1948.png,sd3rgda_0737_formal_train_1948.png,dca7d04a8b90b317724bd3572b21b91304f9c98fa36014208cc695df34489bc2
738,formal_train_1952,,,7dfc07117c87bd6398280c7c2cfbf70efe5b6418aed494830185d111eb64f5f2,4153696788517a3758c6331223b85727f463afbbc6a51d6b59d47c6935d1d033,train,false,D10,,a Czech road surface with transverse crack damage,202600738,512,512,28,4.5,FlowMatchEulerDiscreteScheduler,sd3base_0738_formal_train_1952.png,sd3rgda_0738_formal_train_1952.png,dca7d04a8b90b317724bd3572b21b91304f9c98fa36014208cc695df34489bc2
739,formal_train_1955,,,fe8810ea96d065b6f9ec03eea6b3ec4d20c8fd9137b6a6806e19e8f35e70f768,3367eabc10a42e528ae33d7d44ff83a8f964e48b512d55fb3b499f096c4fda66,train,false,D20,,a Czech road surface with alligator crack and pothole damage,202600739,512,512,28,4.5,FlowMatchEulerDiscreteScheduler,sd3base_0739_formal_train_1955.png,sd3rgda_0739_formal_train_1955.png,dca7d04a8b90b317724bd3572b21b91304f9c98fa36014208cc695df34489bc2
740,formal_train_1956,,,ba6fa9f95d7a68d0bf4ce6408f60c5f7d7e24d14c19c30bf93f451a2068c36b3,79d308b306108ca00e497c69dbc38e8aeba54be3fbfe3d653c083638e373a751,train,false,D00,,a Czech road surface with longitudinal crack damage,202600740,512,512,28,4.5,FlowMatchEulerDiscreteScheduler,sd3base_0740_formal_train_1956.png,sd3rgda_0740_formal_train_1956.png,dca7d04a8b90b317724bd3572b21b91304f9c98fa36014208cc695df34489bc2
741,formal_train_1958,,,597c4bac6c892c2cce6b4acac45941c1dc526833388e3269f7897739ab6cd84b,7a3b2d26366ce0318f954810a9547be98f43b65d220b5c126d04234e050f15b9,train,false,D40,,a Czech road surface with pothole damage,202600741,512,512,28,4.5,FlowMatchEulerDiscreteScheduler,sd3base_0741_formal_train_1958.png,sd3rgda_0741_formal_train_1958.png,dca7d04a8b90b317724bd3572b21b91304f9c98fa36014208cc695df34489bc2
742,formal_train_1959,,,fcb9fceed0dad5381ad50ab91a047b9aeab8ca2f3932641ae3f3085ff094d7da,df1a8aa5fb673c44449c577004472e445d83778ce1c2a67eaf1b2738609eafdc,train,false,D20,,a Czech road surface with alligator crack and pothole damage,202600742,512,512,28,4.5,FlowMatchEulerDiscreteScheduler,sd3base_0742_formal_train_1959.png,sd3rgda_0742_formal_train_1959.png,dca7d04a8b90b317724bd3572b21b91304f9c98fa36014208cc695df34489bc2
743,formal_train_1962,,,3ea6906105f6286c8da989d86588ead9a6ba751db9b647399b254ab2aa66a1e7,8909140509df193a2969b4d8fdeae41fc648c50007c93e2e84889f4b2d24fec7,train,false,D20,,a Czech road surface with alligator crack and pothole damage,202600743,512,512,28,4.5,FlowMatchEulerDiscreteScheduler,sd3base_0743_formal_train_1962.png,sd3rgda_0743_formal_train_1962.png,dca7d04a8b90b317724bd3572b21b91304f9c98fa36014208cc695df34489bc2
744,formal_train_1963,,,74c90680e50b76cbba4c2a39d557e2302883a107307f3f344d179ca81d599210,b386abb3315ef4873718d2f3ff676f9c9c350d80663c3be06f9212df7dbd570e,train,false,D20,,a Czech road surface with alligator crack damage,202600744,512,512,28,4.5,FlowMatchEulerDiscreteScheduler,sd3base_0744_formal_train_1963.png,sd3rgda_0744_formal_train_1963.png,dca7d04a8b90b317724bd3572b21b91304f9c98fa36014208cc695df34489bc2
745,formal_train_1966,,,afb5e1a0084c2214fd96b4e5e94f95820f94bc9ab05ec352cfd6e3949aaea2c8,25b5a3270245d72b7c887d972caeee59134cbdbc51dcec8030c1d83f52d883e8,train,false,D00,,a Czech road surface with longitudinal crack damage,202600745,512,512,28,4.5,FlowMatchEulerDiscreteScheduler,sd3base_0745_formal_train_1966.png,sd3rgda_0745_formal_train_1966.png,dca7d04a8b90b317724bd3572b21b91304f9c98fa36014208cc695df34489bc2
746,formal_train_1970,,,8624a23fdc0d668c459de6db2a4cd17054517d3b6506ff0ab188add69a42dead,b464b2fc219f49eed745b37f95a554c251f7d7b2af7d72f852124d0d499e6902,train,false,D00,,a Czech road surface with longitudinal crack and alligator crack damage,202600746,512,512,28,4.5,FlowMatchEulerDiscreteScheduler,sd3base_0746_formal_train_1970.png,sd3rgda_0746_formal_train_1970.png,dca7d04a8b90b317724bd3572b21b91304f9c98fa36014208cc695df34489bc2
747,formal_train_1971,,,54d62936be3f7f8e0454af2fc8f06a743800de8aefdc8a9d23d4a98e884e12fa,53e8d8dee51caa5407be896b4be8d537837f27d167817f4579b9abe57d37cec4,train,false,D20,,a Czech road surface with alligator crack and pothole damage,202600747,512,512,28,4.5,FlowMatchEulerDiscreteScheduler,sd3base_0747_formal_train_1971.png,sd3rgda_0747_formal_train_1971.png,dca7d04a8b90b317724bd3572b21b91304f9c98fa36014208cc695df34489bc2
748,formal_train_1972,,,f956942fe0ea7733bf90c36641487bfe3360488a9fc378f6e03bc14fbb2fee42,9180b18cd8044cc2c8369acf79af25d32ab7b39c13528f2efe452bffc8d83138,train,false,D00,,a Czech road surface with longitudinal crack and pothole damage,202600748,512,512,28,4.5,FlowMatchEulerDiscreteScheduler,sd3base_0748_formal_train_1972.png,sd3rgda_0748_formal_train_1972.png,dca7d04a8b90b317724bd3572b21b91304f9c98fa36014208cc695df34489bc2
749,formal_train_1976,,,d2e2fde63a6caf735f7089bd33fe2f4be457b87ba926d3de43dbef34d2fdb1f4,0d62a0c206bfd81565ccf7a0b0c2105bf34f2a68361c5345c639309ef20bdb8c,train,false,D00,,a Czech road surface with longitudinal crack damage,202600749,512,512,28,4.5,FlowMatchEulerDiscreteScheduler,sd3base_0749_formal_train_1976.png,sd3rgda_0749_formal_train_1976.png,dca7d04a8b90b317724bd3572b21b91304f9c98fa36014208cc695df34489bc2
750,formal_train_1849,,,fe82b28ebb2820bd3408223583c5b08e9f743cf313f1fdfa33867b5d98387508,e3b0c44298fc1c149afbf4c8996fb92427ae41e4649b934ca495991b7852b855,train,true,,,a clean Czech road surface without visible road damage,202600750,512,512,28,4.5,FlowMatchEulerDiscreteScheduler,sd3base_0750_formal_train_1849.png,sd3rgda_0750_formal_train_1849.png,dca7d04a8b90b317724bd3572b21b91304f9c98fa36014208cc695df34489bc2
751,formal_train_1131,,,4de0073faee825e2bfa8c046d3db448a5965f0344fbb3215d563cac1b25d9849,e3b0c44298fc1c149afbf4c8996fb92427ae41e4649b934ca495991b7852b855,train,true,,,a clean Czech road surface without visible road damage,202600751,512,512,28,4.5,FlowMatchEulerDiscreteScheduler,sd3base_0751_formal_train_1131.png,sd3rgda_0751_formal_train_1131.png,dca7d04a8b90b317724bd3572b21b91304f9c98fa36014208cc695df34489bc2
752,formal_train_0902,,,bbff51594ec81b12b6a293c1f8f2f647409b9bb9563530c090c3b9c25cbacc79,e3b0c44298fc1c149afbf4c8996fb92427ae41e4649b934ca495991b7852b855,train,true,,,a clean Czech road surface without visible road damage,202600752,512,512,28,4.5,FlowMatchEulerDiscreteScheduler,sd3base_0752_formal_train_0902.png,sd3rgda_0752_formal_train_0902.png,dca7d04a8b90b317724bd3572b21b91304f9c98fa36014208cc695df34489bc2
753,formal_train_0774,,,cbd9101f8c804837cb7525885b32b1b686a789b39d6b8f9da7f26c19776a2b69,e3b0c44298fc1c149afbf4c8996fb92427ae41e4649b934ca495991b7852b855,train,true,,,a clean Czech road surface without visible road damage,202600753,512,512,28,4.5,FlowMatchEulerDiscreteScheduler,sd3base_0753_formal_train_0774.png,sd3rgda_0753_formal_train_0774.png,dca7d04a8b90b317724bd3572b21b91304f9c98fa36014208cc695df34489bc2
754,formal_train_0721,,,398162450a70e7d44249478071fd4f4d5d0715ffb0944b9033e53b5359cf7523,e3b0c44298fc1c149afbf4c8996fb92427ae41e4649b934ca495991b7852b855,train,true,,,a clean Czech road surface without visible road damage,202600754,512,512,28,4.5,FlowMatchEulerDiscreteScheduler,sd3base_0754_formal_train_0721.png,sd3rgda_0754_formal_train_0721.png,dca7d04a8b90b317724bd3572b21b91304f9c98fa36014208cc695df34489bc2
755,formal_train_0368,,,72b3f3b775236f527dffd1ff4d9ba3b13160e738324210a4cdfb0e2efe4959fa,e3b0c44298fc1c149afbf4c8996fb92427ae41e4649b934ca495991b7852b855,train,true,,,a clean Czech road surface without visible road damage,202600755,512,512,28,4.5,FlowMatchEulerDiscreteScheduler,sd3base_0755_formal_train_0368.png,sd3rgda_0755_formal_train_0368.png,dca7d04a8b90b317724bd3572b21b91304f9c98fa36014208cc695df34489bc2
756,formal_train_0138,,,e15537c157a22d0ea6c798c41fa407f44297709bb3a4e1bd651a53cda226b0c9,e3b0c44298fc1c149afbf4c8996fb92427ae41e4649b934ca495991b7852b855,train,true,,,a clean Czech road surface without visible road damage,202600756,512,512,28,4.5,FlowMatchEulerDiscreteScheduler,sd3base_0756_formal_train_0138.png,sd3rgda_0756_formal_train_0138.png,dca7d04a8b90b317724bd3572b21b91304f9c98fa36014208cc695df34489bc2
757,formal_train_0201,,,75dd6b7ba3327b6f26aa7199d4fe105da79c938c613165d0b670f55857489894,e3b0c44298fc1c149afbf4c8996fb92427ae41e4649b934ca495991b7852b855,train,true,,,a clean Czech road surface without visible road damage,202600757,512,512,28,4.5,FlowMatchEulerDiscreteScheduler,sd3base_0757_formal_train_0201.png,sd3rgda_0757_formal_train_0201.png,dca7d04a8b90b317724bd3572b21b91304f9c98fa36014208cc695df34489bc2
758,formal_train_0050,,,a4fb9eb7e2cb22a2340d999a02e6d4b78f0536a01ec913f67e2f8d0db2c2da42,e3b0c44298fc1c149afbf4c8996fb92427ae41e4649b934ca495991b7852b855,train,true,,,a clean Czech road surface without visible road damage,202600758,512,512,28,4.5,FlowMatchEulerDiscreteScheduler,sd3base_0758_formal_train_0050.png,sd3rgda_0758_formal_train_0050.png,dca7d04a8b90b317724bd3572b21b91304f9c98fa36014208cc695df34489bc2
759,formal_train_1151,,,898391b7556a13017e6086f52ed68428a1c93b82df0fb9f64630af92b9cbb568,e3b0c44298fc1c149afbf4c8996fb92427ae41e4649b934ca495991b7852b855,train,true,,,a clean Czech road surface without visible road damage,202600759,512,512,28,4.5,FlowMatchEulerDiscreteScheduler,sd3base_0759_formal_train_1151.png,sd3rgda_0759_formal_train_1151.png,dca7d04a8b90b317724bd3572b21b91304f9c98fa36014208cc695df34489bc2
760,formal_train_1661,,,fc887a06a0d253b8890722e5d8f87d9520c8677e7684d7ba1493fb0c9a5f71b0,e3b0c44298fc1c149afbf4c8996fb92427ae41e4649b934ca495991b7852b855,train,true,,,a clean Czech road surface without visible road damage,202600760,512,512,28,4.5,FlowMatchEulerDiscreteScheduler,sd3base_0760_formal_train_1661.png,sd3rgda_0760_formal_train_1661.png,dca7d04a8b90b317724bd3572b21b91304f9c98fa36014208cc695df34489bc2
761,formal_train_0975,,,cc733a7ad314ab984b38312e15093717bd5407ec47f53a1011b26754d4a90dc7,e3b0c44298fc1c149afbf4c8996fb92427ae41e4649b934ca495991b7852b855,train,true,,,a clean Czech road surface without visible road damage,202600761,512,512,28,4.5,FlowMatchEulerDiscreteScheduler,sd3base_0761_formal_train_0975.png,sd3rgda_0761_formal_train_0975.png,dca7d04a8b90b317724bd3572b21b91304f9c98fa36014208cc695df34489bc2
762,formal_train_1163,,,e97ed93ed1846b4d238a5c7ff811161aae551dfaf4f5d4fd5fc293e3cd1c5c18,e3b0c44298fc1c149afbf4c8996fb92427ae41e4649b934ca495991b7852b855,train,true,,,a clean Czech road surface without visible road damage,202600762,512,512,28,4.5,FlowMatchEulerDiscreteScheduler,sd3base_0762_formal_train_1163.png,sd3rgda_0762_formal_train_1163.png,dca7d04a8b90b317724bd3572b21b91304f9c98fa36014208cc695df34489bc2
763,formal_train_1222,,,04b1e66202166624d0a762ef9420ddcc25804a937aa8ea161de3106a21abcbec,e3b0c44298fc1c149afbf4c8996fb92427ae41e4649b934ca495991b7852b855,train,true,,,a clean Czech road surface without visible road damage,202600763,512,512,28,4.5,FlowMatchEulerDiscreteScheduler,sd3base_0763_formal_train_1222.png,sd3rgda_0763_formal_train_1222.png,dca7d04a8b90b317724bd3572b21b91304f9c98fa36014208cc695df34489bc2
764,formal_train_0313,,,535422e34d01e8b91f942166781e12ec3471367c1f29022b97858684da334cff,e3b0c44298fc1c149afbf4c8996fb92427ae41e4649b934ca495991b7852b855,train,true,,,a clean Czech road surface without visible road damage,202600764,512,512,28,4.5,FlowMatchEulerDiscreteScheduler,sd3base_0764_formal_train_0313.png,sd3rgda_0764_formal_train_0313.png,dca7d04a8b90b317724bd3572b21b91304f9c98fa36014208cc695df34489bc2
765,formal_train_0606,,,ad9976d9de5cf36e2368dd121f81085e606efa428b28aa3046ee18c9fd01b3b1,e3b0c44298fc1c149afbf4c8996fb92427ae41e4649b934ca495991b7852b855,train,true,,,a clean Czech road surface without visible road damage,202600765,512,512,28,4.5,FlowMatchEulerDiscreteScheduler,sd3base_0765_formal_train_0606.png,sd3rgda_0765_formal_train_0606.png,dca7d04a8b90b317724bd3572b21b91304f9c98fa36014208cc695df34489bc2
766,formal_train_1697,,,bc34335089b0ced7d9c529a94b23a2701ab941304d5aa2809069e0a338885cc2,e3b0c44298fc1c149afbf4c8996fb92427ae41e4649b934ca495991b7852b855,train,true,,,a clean Czech road surface without visible road damage,202600766,512,512,28,4.5,FlowMatchEulerDiscreteScheduler,sd3base_0766_formal_train_1697.png,sd3rgda_0766_formal_train_1697.png,dca7d04a8b90b317724bd3572b21b91304f9c98fa36014208cc695df34489bc2
767,formal_train_1881,,,6adac58eae05666dc00b89e7624e2e8e8af58602f0db2e718019cabfae135f3e,e3b0c44298fc1c149afbf4c8996fb92427ae41e4649b934ca495991b7852b855,train,true,,,a clean Czech road surface without visible road damage,202600767,512,512,28,4.5,FlowMatchEulerDiscreteScheduler,sd3base_0767_formal_train_1881.png,sd3rgda_0767_formal_train_1881.png,dca7d04a8b90b317724bd3572b21b91304f9c98fa36014208cc695df34489bc2
768,formal_train_0339,,,e7d6fe10da7b749f2a8b9b31e62f9df815933f7d6674fd2daf2b7de62b0639e9,e3b0c44298fc1c149afbf4c8996fb92427ae41e4649b934ca495991b7852b855,train,true,,,a clean Czech road surface without visible road damage,202600768,512,512,28,4.5,FlowMatchEulerDiscreteScheduler,sd3base_0768_formal_train_0339.png,sd3rgda_0768_formal_train_0339.png,dca7d04a8b90b317724bd3572b21b91304f9c98fa36014208cc695df34489bc2
769,formal_train_0852,,,b9d02a780eae2d14628827ac660dac3453ee39dd1edb0b6047b3d722c36550cb,e3b0c44298fc1c149afbf4c8996fb92427ae41e4649b934ca495991b7852b855,train,true,,,a clean Czech road surface without visible road damage,202600769,512,512,28,4.5,FlowMatchEulerDiscreteScheduler,sd3base_0769_formal_train_0852.png,sd3rgda_0769_formal_train_0852.png,dca7d04a8b90b317724bd3572b21b91304f9c98fa36014208cc695df34489bc2
770,formal_train_1705,,,703c9bc84b381e4e5b1dd43553da079df91e0df4437c681734d2ee0fd58c9262,e3b0c44298fc1c149afbf4c8996fb92427ae41e4649b934ca495991b7852b855,train,true,,,a clean Czech road surface without visible road damage,202600770,512,512,28,4.5,FlowMatchEulerDiscreteScheduler,sd3base_0770_formal_train_1705.png,sd3rgda_0770_formal_train_1705.png,dca7d04a8b90b317724bd3572b21b91304f9c98fa36014208cc695df34489bc2
771,formal_train_1052,,,c5bd7181e2cda983eb463569166e8320d1695d527c9277d504b34f21aedbea3e,e3b0c44298fc1c149afbf4c8996fb92427ae41e4649b934ca495991b7852b855,train,true,,,a clean Czech road surface without visible road damage,202600771,512,512,28,4.5,FlowMatchEulerDiscreteScheduler,sd3base_0771_formal_train_1052.png,sd3rgda_0771_formal_train_1052.png,dca7d04a8b90b317724bd3572b21b91304f9c98fa36014208cc695df34489bc2
772,formal_train_0878,,,7664f131aa1c82b29b6eefd8033cde759f22be05ea773da4d7133dc23c310b9f,e3b0c44298fc1c149afbf4c8996fb92427ae41e4649b934ca495991b7852b855,train,true,,,a clean Czech road surface without visible road damage,202600772,512,512,28,4.5,FlowMatchEulerDiscreteScheduler,sd3base_0772_formal_train_0878.png,sd3rgda_0772_formal_train_0878.png,dca7d04a8b90b317724bd3572b21b91304f9c98fa36014208cc695df34489bc2
773,formal_train_1859,,,5ffe31d9f1c93086aea84350b4c97d94678680ddeca5a5041341abc413df2772,e3b0c44298fc1c149afbf4c8996fb92427ae41e4649b934ca495991b7852b855,train,true,,,a clean Czech road surface without visible road damage,202600773,512,512,28,4.5,FlowMatchEulerDiscreteScheduler,sd3base_0773_formal_train_1859.png,sd3rgda_0773_formal_train_1859.png,dca7d04a8b90b317724bd3572b21b91304f9c98fa36014208cc695df34489bc2
774,formal_train_1442,,,ad4f621cd28b3b1be2b9bdddc7140bb7721cd87681f1a151dff04319db4c3ba5,e3b0c44298fc1c149afbf4c8996fb92427ae41e4649b934ca495991b7852b855,train,true,,,a clean Czech road surface without visible road damage,202600774,512,512,28,4.5,FlowMatchEulerDiscreteScheduler,sd3base_0774_formal_train_1442.png,sd3rgda_0774_formal_train_1442.png,dca7d04a8b90b317724bd3572b21b91304f9c98fa36014208cc695df34489bc2
775,formal_train_0114,,,60a759a7e3fde032f6842e0f1517474da1369ab65f45a102e28d72fea1441d7a,e3b0c44298fc1c149afbf4c8996fb92427ae41e4649b934ca495991b7852b855,train,true,,,a clean Czech road surface without visible road damage,202600775,512,512,28,4.5,FlowMatchEulerDiscreteScheduler,sd3base_0775_formal_train_0114.png,sd3rgda_0775_formal_train_0114.png,dca7d04a8b90b317724bd3572b21b91304f9c98fa36014208cc695df34489bc2
776,formal_train_1058,,,cf516b33fe460b342f174655d6d6e2f933b7d7d4291bf652dde1d742232b0dbb,e3b0c44298fc1c149afbf4c8996fb92427ae41e4649b934ca495991b7852b855,train,true,,,a clean Czech road surface without visible road damage,202600776,512,512,28,4.5,FlowMatchEulerDiscreteScheduler,sd3base_0776_formal_train_1058.png,sd3rgda_0776_formal_train_1058.png,dca7d04a8b90b317724bd3572b21b91304f9c98fa36014208cc695df34489bc2
777,formal_train_0553,,,eea5a2f1cca7f431dfe39a95817e7b6c34c5b5d4181ced89638128403c9f9917,e3b0c44298fc1c149afbf4c8996fb92427ae41e4649b934ca495991b7852b855,train,true,,,a clean Czech road surface without visible road damage,202600777,512,512,28,4.5,FlowMatchEulerDiscreteScheduler,sd3base_0777_formal_train_0553.png,sd3rgda_0777_formal_train_0553.png,dca7d04a8b90b317724bd3572b21b91304f9c98fa36014208cc695df34489bc2
778,formal_train_0751,,,b409c98176f1a154f4d791a2992cd7ada0fb7a82761a7b76f693efa1ebb438ae,e3b0c44298fc1c149afbf4c8996fb92427ae41e4649b934ca495991b7852b855,train,true,,,a clean Czech road surface without visible road damage,202600778,512,512,28,4.5,FlowMatchEulerDiscreteScheduler,sd3base_0778_formal_train_0751.png,sd3rgda_0778_formal_train_0751.png,dca7d04a8b90b317724bd3572b21b91304f9c98fa36014208cc695df34489bc2
779,formal_train_0155,,,6ef4f1eff439b2936ae0226a12a97adbdb839632161c03fc072ea9dbe3e9c57d,e3b0c44298fc1c149afbf4c8996fb92427ae41e4649b934ca495991b7852b855,train,true,,,a clean Czech road surface without visible road damage,202600779,512,512,28,4.5,FlowMatchEulerDiscreteScheduler,sd3base_0779_formal_train_0155.png,sd3rgda_0779_formal_train_0155.png,dca7d04a8b90b317724bd3572b21b91304f9c98fa36014208cc695df34489bc2
780,formal_train_1349,,,b66ed8213aee1c7098c5001f31e446fda1bff005a55556ad3d70f104de5bcc78,e3b0c44298fc1c149afbf4c8996fb92427ae41e4649b934ca495991b7852b855,train,true,,,a clean Czech road surface without visible road damage,202600780,512,512,28,4.5,FlowMatchEulerDiscreteScheduler,sd3base_0780_formal_train_1349.png,sd3rgda_0780_formal_train_1349.png,dca7d04a8b90b317724bd3572b21b91304f9c98fa36014208cc695df34489bc2
781,formal_train_1871,,,09e23741bd5cf4329c8681c917c84fd76211b6091fa51202850687a3449eb124,e3b0c44298fc1c149afbf4c8996fb92427ae41e4649b934ca495991b7852b855,train,true,,,a clean Czech road surface without visible road damage,202600781,512,512,28,4.5,FlowMatchEulerDiscreteScheduler,sd3base_0781_formal_train_1871.png,sd3rgda_0781_formal_train_1871.png,dca7d04a8b90b317724bd3572b21b91304f9c98fa36014208cc695df34489bc2
782,formal_train_0075,,,03241697aba144d795801ab82f6132e3edbde2b4ce66ec123e44bad13031f4a2,e3b0c44298fc1c149afbf4c8996fb92427ae41e4649b934ca495991b7852b855,train,true,,,a clean Czech road surface without visible road damage,202600782,512,512,28,4.5,FlowMatchEulerDiscreteScheduler,sd3base_0782_formal_train_0075.png,sd3rgda_0782_formal_train_0075.png,dca7d04a8b90b317724bd3572b21b91304f9c98fa36014208cc695df34489bc2
783,formal_train_1260,,,483bc9699bfdefed3f02bf365716583685c6df13d2959c8bfeb6189d8e7961f7,e3b0c44298fc1c149afbf4c8996fb92427ae41e4649b934ca495991b7852b855,train,true,,,a clean Czech road surface without visible road damage,202600783,512,512,28,4.5,FlowMatchEulerDiscreteScheduler,sd3base_0783_formal_train_1260.png,sd3rgda_0783_formal_train_1260.png,dca7d04a8b90b317724bd3572b21b91304f9c98fa36014208cc695df34489bc2
784,formal_train_1042,,,c91ca0093900777ae5cf01c8c7122b92d6dfa4ace2614fa2e561384ac214f2a8,e3b0c44298fc1c149afbf4c8996fb92427ae41e4649b934ca495991b7852b855,train,true,,,a clean Czech road surface without visible road damage,202600784,512,512,28,4.5,FlowMatchEulerDiscreteScheduler,sd3base_0784_formal_train_1042.png,sd3rgda_0784_formal_train_1042.png,dca7d04a8b90b317724bd3572b21b91304f9c98fa36014208cc695df34489bc2
785,formal_train_1411,,,63925dfc45bc6939f59e1ad1315d29b249d78b2c104ebe39e4b97fd375f42337,e3b0c44298fc1c149afbf4c8996fb92427ae41e4649b934ca495991b7852b855,train,true,,,a clean Czech road surface without visible road damage,202600785,512,512,28,4.5,FlowMatchEulerDiscreteScheduler,sd3base_0785_formal_train_1411.png,sd3rgda_0785_formal_train_1411.png,dca7d04a8b90b317724bd3572b21b91304f9c98fa36014208cc695df34489bc2
786,formal_train_0277,,,16d0f95f10d15a4b446e97f0f3380bedc0e9a33a9fe80fc54ac73e16b3dd9164,e3b0c44298fc1c149afbf4c8996fb92427ae41e4649b934ca495991b7852b855,train,true,,,a clean Czech road surface without visible road damage,202600786,512,512,28,4.5,FlowMatchEulerDiscreteScheduler,sd3base_0786_formal_train_0277.png,sd3rgda_0786_formal_train_0277.png,dca7d04a8b90b317724bd3572b21b91304f9c98fa36014208cc695df34489bc2
787,formal_train_1386,,,2571e16c2ccbd048a4d6ca7e258825825e2367cd4354803cc4161d83717471a5,e3b0c44298fc1c149afbf4c8996fb92427ae41e4649b934ca495991b7852b855,train,true,,,a clean Czech road surface without visible road damage,202600787,512,512,28,4.5,FlowMatchEulerDiscreteScheduler,sd3base_0787_formal_train_1386.png,sd3rgda_0787_formal_train_1386.png,dca7d04a8b90b317724bd3572b21b91304f9c98fa36014208cc695df34489bc2
788,formal_train_1062,,,54e629ffcd9275c183c7f8602c0ed34e077b4f3f0de090fb589e5ee3b49ca13b,e3b0c44298fc1c149afbf4c8996fb92427ae41e4649b934ca495991b7852b855,train,true,,,a clean Czech road surface without visible road damage,202600788,512,512,28,4.5,FlowMatchEulerDiscreteScheduler,sd3base_0788_formal_train_1062.png,sd3rgda_0788_formal_train_1062.png,dca7d04a8b90b317724bd3572b21b91304f9c98fa36014208cc695df34489bc2
789,formal_train_1022,,,b43fd04ebdd09097f2b9c629093c56657ac5758361f296707689a152522279f9,e3b0c44298fc1c149afbf4c8996fb92427ae41e4649b934ca495991b7852b855,train,true,,,a clean Czech road surface without visible road damage,202600789,512,512,28,4.5,FlowMatchEulerDiscreteScheduler,sd3base_0789_formal_train_1022.png,sd3rgda_0789_formal_train_1022.png,dca7d04a8b90b317724bd3572b21b91304f9c98fa36014208cc695df34489bc2
790,formal_train_1333,,,99a3e482b30e803e06a678dd680f62a099eb4dab68ffab8c11f8e4231ded6146,e3b0c44298fc1c149afbf4c8996fb92427ae41e4649b934ca495991b7852b855,train,true,,,a clean Czech road surface without visible road damage,202600790,512,512,28,4.5,FlowMatchEulerDiscreteScheduler,sd3base_0790_formal_train_1333.png,sd3rgda_0790_formal_train_1333.png,dca7d04a8b90b317724bd3572b21b91304f9c98fa36014208cc695df34489bc2
791,formal_train_0038,,,0f13d89fd720f32b88c20398328a35cac221736a994f6be5a944310e32f8bf65,e3b0c44298fc1c149afbf4c8996fb92427ae41e4649b934ca495991b7852b855,train,true,,,a clean Czech road surface without visible road damage,202600791,512,512,28,4.5,FlowMatchEulerDiscreteScheduler,sd3base_0791_formal_train_0038.png,sd3rgda_0791_formal_train_0038.png,dca7d04a8b90b317724bd3572b21b91304f9c98fa36014208cc695df34489bc2
792,formal_train_1092,,,87dd088c0dc460ecf50bcde4124a64786a330b0ef12f1ba32c64f717f4d68717,e3b0c44298fc1c149afbf4c8996fb92427ae41e4649b934ca495991b7852b855,train,true,,,a clean Czech road surface without visible road damage,202600792,512,512,28,4.5,FlowMatchEulerDiscreteScheduler,sd3base_0792_formal_train_1092.png,sd3rgda_0792_formal_train_1092.png,dca7d04a8b90b317724bd3572b21b91304f9c98fa36014208cc695df34489bc2
793,formal_train_1766,,,5e7546aea22a4f559afa5b371092f1795ba125bc7b7930747c6e7c98c0f64fd8,e3b0c44298fc1c149afbf4c8996fb92427ae41e4649b934ca495991b7852b855,train,true,,,a clean Czech road surface without visible road damage,202600793,512,512,28,4.5,FlowMatchEulerDiscreteScheduler,sd3base_0793_formal_train_1766.png,sd3rgda_0793_formal_train_1766.png,dca7d04a8b90b317724bd3572b21b91304f9c98fa36014208cc695df34489bc2
794,formal_train_0815,,,6d33db9dfa099eb44588fb73aa176313862d27ed854cce73ce29df415761285d,e3b0c44298fc1c149afbf4c8996fb92427ae41e4649b934ca495991b7852b855,train,true,,,a clean Czech road surface without visible road damage,202600794,512,512,28,4.5,FlowMatchEulerDiscreteScheduler,sd3base_0794_formal_train_0815.png,sd3rgda_0794_formal_train_0815.png,dca7d04a8b90b317724bd3572b21b91304f9c98fa36014208cc695df34489bc2
795,formal_train_0654,,,a912cd6b52266ad923e49beeac4fbf727f9e21d2920d5b8ee92f2932ddfbd91d,e3b0c44298fc1c149afbf4c8996fb92427ae41e4649b934ca495991b7852b855,train,true,,,a clean Czech road surface without visible road damage,202600795,512,512,28,4.5,FlowMatchEulerDiscreteScheduler,sd3base_0795_formal_train_0654.png,sd3rgda_0795_formal_train_0654.png,dca7d04a8b90b317724bd3572b21b91304f9c98fa36014208cc695df34489bc2
796,formal_train_0322,,,ab369843f9b91288c4ecb0114b97c2505bb4555933f75549841ce346e2291c28,e3b0c44298fc1c149afbf4c8996fb92427ae41e4649b934ca495991b7852b855,train,true,,,a clean Czech road surface without visible road damage,202600796,512,512,28,4.5,FlowMatchEulerDiscreteScheduler,sd3base_0796_formal_train_0322.png,sd3rgda_0796_formal_train_0322.png,dca7d04a8b90b317724bd3572b21b91304f9c98fa36014208cc695df34489bc2
797,formal_train_0269,,,c39d266e1849b2198165f69c0eead8d562e6b7590152d07c030881c2e1180cba,e3b0c44298fc1c149afbf4c8996fb92427ae41e4649b934ca495991b7852b855,train,true,,,a clean Czech road surface without visible road damage,202600797,512,512,28,4.5,FlowMatchEulerDiscreteScheduler,sd3base_0797_formal_train_0269.png,sd3rgda_0797_formal_train_0269.png,dca7d04a8b90b317724bd3572b21b91304f9c98fa36014208cc695df34489bc2
798,formal_train_1470,,,f8d7d7253276c463de75f2c57a424c350f1ff1492c781939f991e9274268537b,e3b0c44298fc1c149afbf4c8996fb92427ae41e4649b934ca495991b7852b855,train,true,,,a clean Czech road surface without visible road damage,202600798,512,512,28,4.5,FlowMatchEulerDiscreteScheduler,sd3base_0798_formal_train_1470.png,sd3rgda_0798_formal_train_1470.png,dca7d04a8b90b317724bd3572b21b91304f9c98fa36014208cc695df34489bc2
799,formal_train_0011,,,fe36c2127ddabd337ef631b5c367a703b13fd0293668d1f772be33a9b2005862,e3b0c44298fc1c149afbf4c8996fb92427ae41e4649b934ca495991b7852b855,train,true,,,a clean Czech road surface without visible road damage,202600799,512,512,28,4.5,FlowMatchEulerDiscreteScheduler,sd3base_0799_formal_train_0011.png,sd3rgda_0799_formal_train_0011.png,dca7d04a8b90b317724bd3572b21b91304f9c98fa36014208cc695df34489bc2
800,formal_train_0326,,,290b2256f95a43f27b0b7e485738a4e495ed7e9abc22aa0f76ca8507463409d0,e3b0c44298fc1c149afbf4c8996fb92427ae41e4649b934ca495991b7852b855,train,true,,,a clean Czech road surface without visible road damage,202600800,512,512,28,4.5,FlowMatchEulerDiscreteScheduler,sd3base_0800_formal_train_0326.png,sd3rgda_0800_formal_train_0326.png,dca7d04a8b90b317724bd3572b21b91304f9c98fa36014208cc695df34489bc2
801,formal_train_1277,,,aecbca78706073ec2d63ccd597a37f440a6b1b1122934642b173eff754eb4be2,e3b0c44298fc1c149afbf4c8996fb92427ae41e4649b934ca495991b7852b855,train,true,,,a clean Czech road surface without visible road damage,202600801,512,512,28,4.5,FlowMatchEulerDiscreteScheduler,sd3base_0801_formal_train_1277.png,sd3rgda_0801_formal_train_1277.png,dca7d04a8b90b317724bd3572b21b91304f9c98fa36014208cc695df34489bc2
802,formal_train_1638,,,2825a473f3eff2e53b52b4cb9f40d154721c8206c13d1b840397fc615fe92f93,e3b0c44298fc1c149afbf4c8996fb92427ae41e4649b934ca495991b7852b855,train,true,,,a clean Czech road surface without visible road damage,202600802,512,512,28,4.5,FlowMatchEulerDiscreteScheduler,sd3base_0802_formal_train_1638.png,sd3rgda_0802_formal_train_1638.png,dca7d04a8b90b317724bd3572b21b91304f9c98fa36014208cc695df34489bc2
803,formal_train_0856,,,b1ab67f410c7910b5ba5a23e10c6600995dab1dfde4eb841697d57c4ad5d95a8,e3b0c44298fc1c149afbf4c8996fb92427ae41e4649b934ca495991b7852b855,train,true,,,a clean Czech road surface without visible road damage,202600803,512,512,28,4.5,FlowMatchEulerDiscreteScheduler,sd3base_0803_formal_train_0856.png,sd3rgda_0803_formal_train_0856.png,dca7d04a8b90b317724bd3572b21b91304f9c98fa36014208cc695df34489bc2
804,formal_train_0692,,,794ac7f1d3c162e3dd4386e5a726949fd1d405c3813b88bc00c5c08da7636613,e3b0c44298fc1c149afbf4c8996fb92427ae41e4649b934ca495991b7852b855,train,true,,,a clean Czech road surface without visible road damage,202600804,512,512,28,4.5,FlowMatchEulerDiscreteScheduler,sd3base_0804_formal_train_0692.png,sd3rgda_0804_formal_train_0692.png,dca7d04a8b90b317724bd3572b21b91304f9c98fa36014208cc695df34489bc2
805,formal_train_1508,,,01f90796e193211eaa54dfee9a04dd4bf235b87df11a23ffa958e95832db9393,e3b0c44298fc1c149afbf4c8996fb92427ae41e4649b934ca495991b7852b855,train,true,,,a clean Czech road surface without visible road damage,202600805,512,512,28,4.5,FlowMatchEulerDiscreteScheduler,sd3base_0805_formal_train_1508.png,sd3rgda_0805_formal_train_1508.png,dca7d04a8b90b317724bd3572b21b91304f9c98fa36014208cc695df34489bc2
806,formal_train_0404,,,fdf62f135794043e34fc514813706f95c4b0b4421bc98a2965636549b663893c,e3b0c44298fc1c149afbf4c8996fb92427ae41e4649b934ca495991b7852b855,train,true,,,a clean Czech road surface without visible road damage,202600806,512,512,28,4.5,FlowMatchEulerDiscreteScheduler,sd3base_0806_formal_train_0404.png,sd3rgda_0806_formal_train_0404.png,dca7d04a8b90b317724bd3572b21b91304f9c98fa36014208cc695df34489bc2
807,formal_train_1169,,,e3b32c37f97142ae71b531a3d469dc1bcb5888eb195ab128d7a0267a78e10b79,e3b0c44298fc1c149afbf4c8996fb92427ae41e4649b934ca495991b7852b855,train,true,,,a clean Czech road surface without visible road damage,202600807,512,512,28,4.5,FlowMatchEulerDiscreteScheduler,sd3base_0807_formal_train_1169.png,sd3rgda_0807_formal_train_1169.png,dca7d04a8b90b317724bd3572b21b91304f9c98fa36014208cc695df34489bc2
808,formal_train_1399,,,3d599a1fdd2cc9270b4bc1f310219e337de8a9ca5aef30e0444018fd3955cae4,e3b0c44298fc1c149afbf4c8996fb92427ae41e4649b934ca495991b7852b855,train,true,,,a clean Czech road surface without visible road damage,202600808,512,512,28,4.5,FlowMatchEulerDiscreteScheduler,sd3base_0808_formal_train_1399.png,sd3rgda_0808_formal_train_1399.png,dca7d04a8b90b317724bd3572b21b91304f9c98fa36014208cc695df34489bc2
809,formal_train_0335,,,72f770fa1036977317366b862da7bad0025983dcae775ffcee12225a63a7f428,e3b0c44298fc1c149afbf4c8996fb92427ae41e4649b934ca495991b7852b855,train,true,,,a clean Czech road surface without visible road damage,202600809,512,512,28,4.5,FlowMatchEulerDiscreteScheduler,sd3base_0809_formal_train_0335.png,sd3rgda_0809_formal_train_0335.png,dca7d04a8b90b317724bd3572b21b91304f9c98fa36014208cc695df34489bc2
810,formal_train_0851,,,b4617c806261dbf48131f0a115b433779e04debff3062209d531db4129e56736,e3b0c44298fc1c149afbf4c8996fb92427ae41e4649b934ca495991b7852b855,train,true,,,a clean Czech road surface without visible road damage,202600810,512,512,28,4.5,FlowMatchEulerDiscreteScheduler,sd3base_0810_formal_train_0851.png,sd3rgda_0810_formal_train_0851.png,dca7d04a8b90b317724bd3572b21b91304f9c98fa36014208cc695df34489bc2
811,formal_train_1921,,,be5af08f85450185e62d616e23d60c6f395cea7d49e6989b5d3bb35e854d3c8d,e3b0c44298fc1c149afbf4c8996fb92427ae41e4649b934ca495991b7852b855,train,true,,,a clean Czech road surface without visible road damage,202600811,512,512,28,4.5,FlowMatchEulerDiscreteScheduler,sd3base_0811_formal_train_1921.png,sd3rgda_0811_formal_train_1921.png,dca7d04a8b90b317724bd3572b21b91304f9c98fa36014208cc695df34489bc2
812,formal_train_0582,,,4479d69afbebeb2009d938f4b70424e5b4edc38f07b28ff425bf4c6371a11a07,e3b0c44298fc1c149afbf4c8996fb92427ae41e4649b934ca495991b7852b855,train,true,,,a clean Czech road surface without visible road damage,202600812,512,512,28,4.5,FlowMatchEulerDiscreteScheduler,sd3base_0812_formal_train_0582.png,sd3rgda_0812_formal_train_0582.png,dca7d04a8b90b317724bd3572b21b91304f9c98fa36014208cc695df34489bc2
813,formal_train_0295,,,abdfd719bdfee56a7118f9c8c90d8f0ed6a5110c1aefccdf8a9191009f6be03c,e3b0c44298fc1c149afbf4c8996fb92427ae41e4649b934ca495991b7852b855,train,true,,,a clean Czech road surface without visible road damage,202600813,512,512,28,4.5,FlowMatchEulerDiscreteScheduler,sd3base_0813_formal_train_0295.png,sd3rgda_0813_formal_train_0295.png,dca7d04a8b90b317724bd3572b21b91304f9c98fa36014208cc695df34489bc2
814,formal_train_1908,,,98dec4e4c1d9d7b76930defe458df422dca5355cdc8fd23bba2bf1bce4f7ae7e,e3b0c44298fc1c149afbf4c8996fb92427ae41e4649b934ca495991b7852b855,train,true,,,a clean Czech road surface without visible road damage,202600814,512,512,28,4.5,FlowMatchEulerDiscreteScheduler,sd3base_0814_formal_train_1908.png,sd3rgda_0814_formal_train_1908.png,dca7d04a8b90b317724bd3572b21b91304f9c98fa36014208cc695df34489bc2
815,formal_train_0643,,,5b596ec6da9976f16d9ec79287e05424ee03c610c6f39c3f665f6297f7663566,e3b0c44298fc1c149afbf4c8996fb92427ae41e4649b934ca495991b7852b855,train,true,,,a clean Czech road surface without visible road damage,202600815,512,512,28,4.5,FlowMatchEulerDiscreteScheduler,sd3base_0815_formal_train_0643.png,sd3rgda_0815_formal_train_0643.png,dca7d04a8b90b317724bd3572b21b91304f9c98fa36014208cc695df34489bc2
816,formal_train_1973,,,6ec860bbaa906a36b3ca06f53480ad18be3cbe3b65565eef8d27f16ba1f47e1c,e3b0c44298fc1c149afbf4c8996fb92427ae41e4649b934ca495991b7852b855,train,true,,,a clean Czech road surface without visible road damage,202600816,512,512,28,4.5,FlowMatchEulerDiscreteScheduler,sd3base_0816_formal_train_1973.png,sd3rgda_0816_formal_train_1973.png,dca7d04a8b90b317724bd3572b21b91304f9c98fa36014208cc695df34489bc2
817,formal_train_0889,,,a584480c47bfc1cd1b226e670d7ca89898b49a59ddb2de3077fc75877ed9cad3,e3b0c44298fc1c149afbf4c8996fb92427ae41e4649b934ca495991b7852b855,train,true,,,a clean Czech road surface without visible road damage,202600817,512,512,28,4.5,FlowMatchEulerDiscreteScheduler,sd3base_0817_formal_train_0889.png,sd3rgda_0817_formal_train_0889.png,dca7d04a8b90b317724bd3572b21b91304f9c98fa36014208cc695df34489bc2
818,formal_train_1788,,,bc320d65fc865a26a6c8b6f88b5936213e4db521e940f211ccf6b458c2fd64b5,e3b0c44298fc1c149afbf4c8996fb92427ae41e4649b934ca495991b7852b855,train,true,,,a clean Czech road surface without visible road damage,202600818,512,512,28,4.5,FlowMatchEulerDiscreteScheduler,sd3base_0818_formal_train_1788.png,sd3rgda_0818_formal_train_1788.png,dca7d04a8b90b317724bd3572b21b91304f9c98fa36014208cc695df34489bc2
819,formal_train_1738,,,2d28adb1a964a1f45a7a25fee076b43aea510c18741c8e1c063a7b9acf0ba201,e3b0c44298fc1c149afbf4c8996fb92427ae41e4649b934ca495991b7852b855,train,true,,,a clean Czech road surface without visible road damage,202600819,512,512,28,4.5,FlowMatchEulerDiscreteScheduler,sd3base_0819_formal_train_1738.png,sd3rgda_0819_formal_train_1738.png,dca7d04a8b90b317724bd3572b21b91304f9c98fa36014208cc695df34489bc2
820,formal_train_1336,,,b7b1376d331b169369bc1faef1545c5f5c5969d456f299503e4c54fd8a042e37,e3b0c44298fc1c149afbf4c8996fb92427ae41e4649b934ca495991b7852b855,train,true,,,a clean Czech road surface without visible road damage,202600820,512,512,28,4.5,FlowMatchEulerDiscreteScheduler,sd3base_0820_formal_train_1336.png,sd3rgda_0820_formal_train_1336.png,dca7d04a8b90b317724bd3572b21b91304f9c98fa36014208cc695df34489bc2
821,formal_train_0465,,,47388e6a79ca763b1dd982ce9fbb4155dac0cf47045855edffe596586b1a4f43,e3b0c44298fc1c149afbf4c8996fb92427ae41e4649b934ca495991b7852b855,train,true,,,a clean Czech road surface without visible road damage,202600821,512,512,28,4.5,FlowMatchEulerDiscreteScheduler,sd3base_0821_formal_train_0465.png,sd3rgda_0821_formal_train_0465.png,dca7d04a8b90b317724bd3572b21b91304f9c98fa36014208cc695df34489bc2
822,formal_train_1246,,,203f88f57fa14394546d210e2814daa60a2b11ad59fe3669483b158df2afdf34,e3b0c44298fc1c149afbf4c8996fb92427ae41e4649b934ca495991b7852b855,train,true,,,a clean Czech road surface without visible road damage,202600822,512,512,28,4.5,FlowMatchEulerDiscreteScheduler,sd3base_0822_formal_train_1246.png,sd3rgda_0822_formal_train_1246.png,dca7d04a8b90b317724bd3572b21b91304f9c98fa36014208cc695df34489bc2
823,formal_train_0373,,,bda01c859db841fbee3dbdf06fe677c128382da4a42a59d9ce122c74d62fe9c5,e3b0c44298fc1c149afbf4c8996fb92427ae41e4649b934ca495991b7852b855,train,true,,,a clean Czech road surface without visible road damage,202600823,512,512,28,4.5,FlowMatchEulerDiscreteScheduler,sd3base_0823_formal_train_0373.png,sd3rgda_0823_formal_train_0373.png,dca7d04a8b90b317724bd3572b21b91304f9c98fa36014208cc695df34489bc2
824,formal_train_0048,,,ae4bd545a1eb6f10992ad3fc5c851598dd60d987b8f17a3e2fac179dbe798402,e3b0c44298fc1c149afbf4c8996fb92427ae41e4649b934ca495991b7852b855,train,true,,,a clean Czech road surface without visible road damage,202600824,512,512,28,4.5,FlowMatchEulerDiscreteScheduler,sd3base_0824_formal_train_0048.png,sd3rgda_0824_formal_train_0048.png,dca7d04a8b90b317724bd3572b21b91304f9c98fa36014208cc695df34489bc2
825,formal_train_0408,,,c3dc00b2c6cc39bf6957380a54aa6706dfc8a0908cf86304e601e7ef7dc3c4f1,e3b0c44298fc1c149afbf4c8996fb92427ae41e4649b934ca495991b7852b855,train,true,,,a clean Czech road surface without visible road damage,202600825,512,512,28,4.5,FlowMatchEulerDiscreteScheduler,sd3base_0825_formal_train_0408.png,sd3rgda_0825_formal_train_0408.png,dca7d04a8b90b317724bd3572b21b91304f9c98fa36014208cc695df34489bc2
826,formal_train_0347,,,12d4d0acb5e3adba7723d27935ecee3d64f5d52cf049a1c7fa717fc31f2fa067,e3b0c44298fc1c149afbf4c8996fb92427ae41e4649b934ca495991b7852b855,train,true,,,a clean Czech road surface without visible road damage,202600826,512,512,28,4.5,FlowMatchEulerDiscreteScheduler,sd3base_0826_formal_train_0347.png,sd3rgda_0826_formal_train_0347.png,dca7d04a8b90b317724bd3572b21b91304f9c98fa36014208cc695df34489bc2
827,formal_train_1480,,,8ff628ee8158cffc8f630c3d148fcba9f873fa9993082006565b05eae4298653,e3b0c44298fc1c149afbf4c8996fb92427ae41e4649b934ca495991b7852b855,train,true,,,a clean Czech road surface without visible road damage,202600827,512,512,28,4.5,FlowMatchEulerDiscreteScheduler,sd3base_0827_formal_train_1480.png,sd3rgda_0827_formal_train_1480.png,dca7d04a8b90b317724bd3572b21b91304f9c98fa36014208cc695df34489bc2
828,formal_train_1219,,,68ddebd41f570228d4f30e12e945d53204b6a1bbd9617795a0e9fe64ec68016b,e3b0c44298fc1c149afbf4c8996fb92427ae41e4649b934ca495991b7852b855,train,true,,,a clean Czech road surface without visible road damage,202600828,512,512,28,4.5,FlowMatchEulerDiscreteScheduler,sd3base_0828_formal_train_1219.png,sd3rgda_0828_formal_train_1219.png,dca7d04a8b90b317724bd3572b21b91304f9c98fa36014208cc695df34489bc2
829,formal_train_1244,,,5a5585bb333f2ba7f8233f81e8bb3c7bf22d998e054af4a2f0de1f7335d6ce18,e3b0c44298fc1c149afbf4c8996fb92427ae41e4649b934ca495991b7852b855,train,true,,,a clean Czech road surface without visible road damage,202600829,512,512,28,4.5,FlowMatchEulerDiscreteScheduler,sd3base_0829_formal_train_1244.png,sd3rgda_0829_formal_train_1244.png,dca7d04a8b90b317724bd3572b21b91304f9c98fa36014208cc695df34489bc2
830,formal_train_1392,,,70dab768fe34c90c192804cc1a0e12d1d48b6fa8fef3c6a786c4922f1a6c304c,e3b0c44298fc1c149afbf4c8996fb92427ae41e4649b934ca495991b7852b855,train,true,,,a clean Czech road surface without visible road damage,202600830,512,512,28,4.5,FlowMatchEulerDiscreteScheduler,sd3base_0830_formal_train_1392.png,sd3rgda_0830_formal_train_1392.png,dca7d04a8b90b317724bd3572b21b91304f9c98fa36014208cc695df34489bc2
831,formal_train_0169,,,ca30f531a3dd2a3fd0b22bd36c55a48a398159c988ba61c2afbdab0b3bc627c9,e3b0c44298fc1c149afbf4c8996fb92427ae41e4649b934ca495991b7852b855,train,true,,,a clean Czech road surface without visible road damage,202600831,512,512,28,4.5,FlowMatchEulerDiscreteScheduler,sd3base_0831_formal_train_0169.png,sd3rgda_0831_formal_train_0169.png,dca7d04a8b90b317724bd3572b21b91304f9c98fa36014208cc695df34489bc2
832,formal_train_0784,,,1ca38383346dc989997e0f82bfdf78b78eb2f995c8a38922ce1c17e4c54f3c89,e3b0c44298fc1c149afbf4c8996fb92427ae41e4649b934ca495991b7852b855,train,true,,,a clean Czech road surface without visible road damage,202600832,512,512,28,4.5,FlowMatchEulerDiscreteScheduler,sd3base_0832_formal_train_0784.png,sd3rgda_0832_formal_train_0784.png,dca7d04a8b90b317724bd3572b21b91304f9c98fa36014208cc695df34489bc2
833,formal_train_0343,,,62510a70d5aad85c3d7c7178ab7a66aeb2f54ffc9d3f0654e4a133c50e3affb4,e3b0c44298fc1c149afbf4c8996fb92427ae41e4649b934ca495991b7852b855,train,true,,,a clean Czech road surface without visible road damage,202600833,512,512,28,4.5,FlowMatchEulerDiscreteScheduler,sd3base_0833_formal_train_0343.png,sd3rgda_0833_formal_train_0343.png,dca7d04a8b90b317724bd3572b21b91304f9c98fa36014208cc695df34489bc2
834,formal_train_0838,,,1b5207f9de0acbc398b4ae783009a546c99e1a6a3dc8563d640fa63cb68afaaf,e3b0c44298fc1c149afbf4c8996fb92427ae41e4649b934ca495991b7852b855,train,true,,,a clean Czech road surface without visible road damage,202600834,512,512,28,4.5,FlowMatchEulerDiscreteScheduler,sd3base_0834_formal_train_0838.png,sd3rgda_0834_formal_train_0838.png,dca7d04a8b90b317724bd3572b21b91304f9c98fa36014208cc695df34489bc2
835,formal_train_0535,,,30f2bf198c41e788a60cb9aca073eec3b474ba664113883706f3f2bb1e5073d5,e3b0c44298fc1c149afbf4c8996fb92427ae41e4649b934ca495991b7852b855,train,true,,,a clean Czech road surface without visible road damage,202600835,512,512,28,4.5,FlowMatchEulerDiscreteScheduler,sd3base_0835_formal_train_0535.png,sd3rgda_0835_formal_train_0535.png,dca7d04a8b90b317724bd3572b21b91304f9c98fa36014208cc695df34489bc2
836,formal_train_0445,,,1820502e6ca9b08e64f49471c8b4be104f1de174734d031f1ee2a8db024223ed,e3b0c44298fc1c149afbf4c8996fb92427ae41e4649b934ca495991b7852b855,train,true,,,a clean Czech road surface without visible road damage,202600836,512,512,28,4.5,FlowMatchEulerDiscreteScheduler,sd3base_0836_formal_train_0445.png,sd3rgda_0836_formal_train_0445.png,dca7d04a8b90b317724bd3572b21b91304f9c98fa36014208cc695df34489bc2
837,formal_train_1777,,,59d550dd03efe977a22c333d00e993275500951b214060ad487dc723edb5dbb6,e3b0c44298fc1c149afbf4c8996fb92427ae41e4649b934ca495991b7852b855,train,true,,,a clean Czech road surface without visible road damage,202600837,512,512,28,4.5,FlowMatchEulerDiscreteScheduler,sd3base_0837_formal_train_1777.png,sd3rgda_0837_formal_train_1777.png,dca7d04a8b90b317724bd3572b21b91304f9c98fa36014208cc695df34489bc2
838,formal_train_1078,,,8e5a6ea8855b75b6ec3fc08792779f984552747c24b7c47152fcce69761a1cb1,e3b0c44298fc1c149afbf4c8996fb92427ae41e4649b934ca495991b7852b855,train,true,,,a clean Czech road surface without visible road damage,202600838,512,512,28,4.5,FlowMatchEulerDiscreteScheduler,sd3base_0838_formal_train_1078.png,sd3rgda_0838_formal_train_1078.png,dca7d04a8b90b317724bd3572b21b91304f9c98fa36014208cc695df34489bc2
839,formal_train_0584,,,6f3aa192edead5f67ee3bd6d98116ce63d8e7b33597f3fb8e18892d9f43c7e50,e3b0c44298fc1c149afbf4c8996fb92427ae41e4649b934ca495991b7852b855,train,true,,,a clean Czech road surface without visible road damage,202600839,512,512,28,4.5,FlowMatchEulerDiscreteScheduler,sd3base_0839_formal_train_0584.png,sd3rgda_0839_formal_train_0584.png,dca7d04a8b90b317724bd3572b21b91304f9c98fa36014208cc695df34489bc2
840,formal_train_1402,,,d686e5329dd6334373c5187f4ba654195b4082d4efb5bebbef6febce01a6cc94,e3b0c44298fc1c149afbf4c8996fb92427ae41e4649b934ca495991b7852b855,train,true,,,a clean Czech road surface without visible road damage,202600840,512,512,28,4.5,FlowMatchEulerDiscreteScheduler,sd3base_0840_formal_train_1402.png,sd3rgda_0840_formal_train_1402.png,dca7d04a8b90b317724bd3572b21b91304f9c98fa36014208cc695df34489bc2
841,formal_train_1677,,,018fa19d00c74dc64ef660c9da63217ae0e9a82ae722744746bff53e0a89337e,e3b0c44298fc1c149afbf4c8996fb92427ae41e4649b934ca495991b7852b855,train,true,,,a clean Czech road surface without visible road damage,202600841,512,512,28,4.5,FlowMatchEulerDiscreteScheduler,sd3base_0841_formal_train_1677.png,sd3rgda_0841_formal_train_1677.png,dca7d04a8b90b317724bd3572b21b91304f9c98fa36014208cc695df34489bc2
842,formal_train_1589,,,1dbb7154519a6f0782f1e62829ef766da7d9e4340daa925a69af2863a6291f85,e3b0c44298fc1c149afbf4c8996fb92427ae41e4649b934ca495991b7852b855,train,true,,,a clean Czech road surface without visible road damage,202600842,512,512,28,4.5,FlowMatchEulerDiscreteScheduler,sd3base_0842_formal_train_1589.png,sd3rgda_0842_formal_train_1589.png,dca7d04a8b90b317724bd3572b21b91304f9c98fa36014208cc695df34489bc2
843,formal_train_0450,,,e2be70b4b009a81bfc78dbbf60721c95cdfb3dba092dc203df074306d616a108,e3b0c44298fc1c149afbf4c8996fb92427ae41e4649b934ca495991b7852b855,train,true,,,a clean Czech road surface without visible road damage,202600843,512,512,28,4.5,FlowMatchEulerDiscreteScheduler,sd3base_0843_formal_train_0450.png,sd3rgda_0843_formal_train_0450.png,dca7d04a8b90b317724bd3572b21b91304f9c98fa36014208cc695df34489bc2
844,formal_train_0574,,,069ff760ae5cdba2d491428a68d2ce965bc242e6e76d4e3f1819ba72b14a10db,e3b0c44298fc1c149afbf4c8996fb92427ae41e4649b934ca495991b7852b855,train,true,,,a clean Czech road surface without visible road damage,202600844,512,512,28,4.5,FlowMatchEulerDiscreteScheduler,sd3base_0844_formal_train_0574.png,sd3rgda_0844_formal_train_0574.png,dca7d04a8b90b317724bd3572b21b91304f9c98fa36014208cc695df34489bc2
845,formal_train_0319,,,7a5445a4340da8bb1fe0337260fff480631b57bfc6eb3a72d10a107c71dbcfeb,e3b0c44298fc1c149afbf4c8996fb92427ae41e4649b934ca495991b7852b855,train,true,,,a clean Czech road surface without visible road damage,202600845,512,512,28,4.5,FlowMatchEulerDiscreteScheduler,sd3base_0845_formal_train_0319.png,sd3rgda_0845_formal_train_0319.png,dca7d04a8b90b317724bd3572b21b91304f9c98fa36014208cc695df34489bc2
846,formal_train_1455,,,2cfd62bbe52c4ef9b61e512dc7dd8e1d2fc667af722e5a2bf5a38667f4444344,e3b0c44298fc1c149afbf4c8996fb92427ae41e4649b934ca495991b7852b855,train,true,,,a clean Czech road surface without visible road damage,202600846,512,512,28,4.5,FlowMatchEulerDiscreteScheduler,sd3base_0846_formal_train_1455.png,sd3rgda_0846_formal_train_1455.png,dca7d04a8b90b317724bd3572b21b91304f9c98fa36014208cc695df34489bc2
847,formal_train_1157,,,cb5f226b12c9cf30d73679348e8a3b6e33b0860c54d68bd06fc4329daff89f9c,e3b0c44298fc1c149afbf4c8996fb92427ae41e4649b934ca495991b7852b855,train,true,,,a clean Czech road surface without visible road damage,202600847,512,512,28,4.5,FlowMatchEulerDiscreteScheduler,sd3base_0847_formal_train_1157.png,sd3rgda_0847_formal_train_1157.png,dca7d04a8b90b317724bd3572b21b91304f9c98fa36014208cc695df34489bc2
848,formal_train_1979,,,09f7acd94ff3415548c4a7b03b7e29989b33d2803a89fc53119a6fa0b80865be,e3b0c44298fc1c149afbf4c8996fb92427ae41e4649b934ca495991b7852b855,train,true,,,a clean Czech road surface without visible road damage,202600848,512,512,28,4.5,FlowMatchEulerDiscreteScheduler,sd3base_0848_formal_train_1979.png,sd3rgda_0848_formal_train_1979.png,dca7d04a8b90b317724bd3572b21b91304f9c98fa36014208cc695df34489bc2
849,formal_train_0167,,,595bdb4a407362b95a401c6a17e96b8262df1b316f4ef26d11900c15674b326e,e3b0c44298fc1c149afbf4c8996fb92427ae41e4649b934ca495991b7852b855,train,true,,,a clean Czech road surface without visible road damage,202600849,512,512,28,4.5,FlowMatchEulerDiscreteScheduler,sd3base_0849_formal_train_0167.png,sd3rgda_0849_formal_train_0167.png,dca7d04a8b90b317724bd3572b21b91304f9c98fa36014208cc695df34489bc2
850,formal_train_0336,,,bcb3b7103e8d5a6645369933ae27937eea01a692f12bcf6a02a08312ec5a7761,e3b0c44298fc1c149afbf4c8996fb92427ae41e4649b934ca495991b7852b855,train,true,,,a clean Czech road surface without visible road damage,202600850,512,512,28,4.5,FlowMatchEulerDiscreteScheduler,sd3base_0850_formal_train_0336.png,sd3rgda_0850_formal_train_0336.png,dca7d04a8b90b317724bd3572b21b91304f9c98fa36014208cc695df34489bc2
851,formal_train_0106,,,c38b5f21b1049a78f63d8979819eeca332d3ed20de7043214a3e0ac7eb6bfb35,e3b0c44298fc1c149afbf4c8996fb92427ae41e4649b934ca495991b7852b855,train,true,,,a clean Czech road surface without visible road damage,202600851,512,512,28,4.5,FlowMatchEulerDiscreteScheduler,sd3base_0851_formal_train_0106.png,sd3rgda_0851_formal_train_0106.png,dca7d04a8b90b317724bd3572b21b91304f9c98fa36014208cc695df34489bc2
852,formal_train_0948,,,619610380fbad1d322302e84fe79ffaee87bef9ba81f35ad9329b62c23bb6c3b,e3b0c44298fc1c149afbf4c8996fb92427ae41e4649b934ca495991b7852b855,train,true,,,a clean Czech road surface without visible road damage,202600852,512,512,28,4.5,FlowMatchEulerDiscreteScheduler,sd3base_0852_formal_train_0948.png,sd3rgda_0852_formal_train_0948.png,dca7d04a8b90b317724bd3572b21b91304f9c98fa36014208cc695df34489bc2
853,formal_train_0191,,,288f24b6551ef96079d617a21c42d2d61581a22a9e6d03eca9c61e05d1a8390c,e3b0c44298fc1c149afbf4c8996fb92427ae41e4649b934ca495991b7852b855,train,true,,,a clean Czech road surface without visible road damage,202600853,512,512,28,4.5,FlowMatchEulerDiscreteScheduler,sd3base_0853_formal_train_0191.png,sd3rgda_0853_formal_train_0191.png,dca7d04a8b90b317724bd3572b21b91304f9c98fa36014208cc695df34489bc2
854,formal_train_1660,,,e007d4063422708aba44c634c7a79f6c116df7ac4cd98b5e78c848ed13cef389,e3b0c44298fc1c149afbf4c8996fb92427ae41e4649b934ca495991b7852b855,train,true,,,a clean Czech road surface without visible road damage,202600854,512,512,28,4.5,FlowMatchEulerDiscreteScheduler,sd3base_0854_formal_train_1660.png,sd3rgda_0854_formal_train_1660.png,dca7d04a8b90b317724bd3572b21b91304f9c98fa36014208cc695df34489bc2
855,formal_train_1648,,,61c520373a247e9f6fe3955b07f9c65a022a7ea4e460d2a71c4fa33b353d6b73,e3b0c44298fc1c149afbf4c8996fb92427ae41e4649b934ca495991b7852b855,train,true,,,a clean Czech road surface without visible road damage,202600855,512,512,28,4.5,FlowMatchEulerDiscreteScheduler,sd3base_0855_formal_train_1648.png,sd3rgda_0855_formal_train_1648.png,dca7d04a8b90b317724bd3572b21b91304f9c98fa36014208cc695df34489bc2
856,formal_train_0069,,,e9322263ec471ceb227cf2e07f6b4c922bdbf79e086488891c386500976d7eeb,e3b0c44298fc1c149afbf4c8996fb92427ae41e4649b934ca495991b7852b855,train,true,,,a clean Czech road surface without visible road damage,202600856,512,512,28,4.5,FlowMatchEulerDiscreteScheduler,sd3base_0856_formal_train_0069.png,sd3rgda_0856_formal_train_0069.png,dca7d04a8b90b317724bd3572b21b91304f9c98fa36014208cc695df34489bc2
857,formal_train_1112,,,346c0f2e3215b1eb3d5afd8438725a1f06861e68669566cb480d6ec0aea4d1be,e3b0c44298fc1c149afbf4c8996fb92427ae41e4649b934ca495991b7852b855,train,true,,,a clean Czech road surface without visible road damage,202600857,512,512,28,4.5,FlowMatchEulerDiscreteScheduler,sd3base_0857_formal_train_1112.png,sd3rgda_0857_formal_train_1112.png,dca7d04a8b90b317724bd3572b21b91304f9c98fa36014208cc695df34489bc2
858,formal_train_1174,,,b4d532b8684be981150d5bc9902877c4cc4277fc54b917ad8c60df9d6f653aeb,e3b0c44298fc1c149afbf4c8996fb92427ae41e4649b934ca495991b7852b855,train,true,,,a clean Czech road surface without visible road damage,202600858,512,512,28,4.5,FlowMatchEulerDiscreteScheduler,sd3base_0858_formal_train_1174.png,sd3rgda_0858_formal_train_1174.png,dca7d04a8b90b317724bd3572b21b91304f9c98fa36014208cc695df34489bc2
859,formal_train_0530,,,70d45120dbb027e4f9930f6ec8c4d519350a59f99285d1f09aa2d45cdaaad2cd,e3b0c44298fc1c149afbf4c8996fb92427ae41e4649b934ca495991b7852b855,train,true,,,a clean Czech road surface without visible road damage,202600859,512,512,28,4.5,FlowMatchEulerDiscreteScheduler,sd3base_0859_formal_train_0530.png,sd3rgda_0859_formal_train_0530.png,dca7d04a8b90b317724bd3572b21b91304f9c98fa36014208cc695df34489bc2
860,formal_train_0242,,,e48d7d84118dc0d1456231fd13bb0e42f76b63d382d219e81461698e0560df34,e3b0c44298fc1c149afbf4c8996fb92427ae41e4649b934ca495991b7852b855,train,true,,,a clean Czech road surface without visible road damage,202600860,512,512,28,4.5,FlowMatchEulerDiscreteScheduler,sd3base_0860_formal_train_0242.png,sd3rgda_0860_formal_train_0242.png,dca7d04a8b90b317724bd3572b21b91304f9c98fa36014208cc695df34489bc2
861,formal_train_0831,,,60f9c71d4cc4d483e81447228393a27fd092f8322355b8c8c5e8c2e6928b0988,e3b0c44298fc1c149afbf4c8996fb92427ae41e4649b934ca495991b7852b855,train,true,,,a clean Czech road surface without visible road damage,202600861,512,512,28,4.5,FlowMatchEulerDiscreteScheduler,sd3base_0861_formal_train_0831.png,sd3rgda_0861_formal_train_0831.png,dca7d04a8b90b317724bd3572b21b91304f9c98fa36014208cc695df34489bc2
862,formal_train_0617,,,1f948bfbe2ff1294d133bbc03fd4f79efb8804661b2abc5c06f6aa4944c2f3a2,e3b0c44298fc1c149afbf4c8996fb92427ae41e4649b934ca495991b7852b855,train,true,,,a clean Czech road surface without visible road damage,202600862,512,512,28,4.5,FlowMatchEulerDiscreteScheduler,sd3base_0862_formal_train_0617.png,sd3rgda_0862_formal_train_0617.png,dca7d04a8b90b317724bd3572b21b91304f9c98fa36014208cc695df34489bc2
863,formal_train_1575,,,b8be4f806f63d0ba610b213d4f227072435ba2c6f77cd3d4f8207d0d0258366f,e3b0c44298fc1c149afbf4c8996fb92427ae41e4649b934ca495991b7852b855,train,true,,,a clean Czech road surface without visible road damage,202600863,512,512,28,4.5,FlowMatchEulerDiscreteScheduler,sd3base_0863_formal_train_1575.png,sd3rgda_0863_formal_train_1575.png,dca7d04a8b90b317724bd3572b21b91304f9c98fa36014208cc695df34489bc2
864,formal_train_1877,,,5261fede8a5c0180ed2ad30191016bad6af47c71a2b07fa0ad93a5f0b3819b02,e3b0c44298fc1c149afbf4c8996fb92427ae41e4649b934ca495991b7852b855,train,true,,,a clean Czech road surface without visible road damage,202600864,512,512,28,4.5,FlowMatchEulerDiscreteScheduler,sd3base_0864_formal_train_1877.png,sd3rgda_0864_formal_train_1877.png,dca7d04a8b90b317724bd3572b21b91304f9c98fa36014208cc695df34489bc2
865,formal_train_1928,,,2a78f4f3beec36932cddea3534b9997e3e7bebab549dd1a41fab593d93af47b2,e3b0c44298fc1c149afbf4c8996fb92427ae41e4649b934ca495991b7852b855,train,true,,,a clean Czech road surface without visible road damage,202600865,512,512,28,4.5,FlowMatchEulerDiscreteScheduler,sd3base_0865_formal_train_1928.png,sd3rgda_0865_formal_train_1928.png,dca7d04a8b90b317724bd3572b21b91304f9c98fa36014208cc695df34489bc2
866,formal_train_0511,,,e85e0574ee85ccc9ddd713e757cbc01ba1161ebdac6bcd8c4b87c019d0b91462,e3b0c44298fc1c149afbf4c8996fb92427ae41e4649b934ca495991b7852b855,train,true,,,a clean Czech road surface without visible road damage,202600866,512,512,28,4.5,FlowMatchEulerDiscreteScheduler,sd3base_0866_formal_train_0511.png,sd3rgda_0866_formal_train_0511.png,dca7d04a8b90b317724bd3572b21b91304f9c98fa36014208cc695df34489bc2
867,formal_train_0734,,,c8a0233770f453e4dd69bd92d7efa6e869d1d54858f6de3dbbc2de6689128f42,e3b0c44298fc1c149afbf4c8996fb92427ae41e4649b934ca495991b7852b855,train,true,,,a clean Czech road surface without visible road damage,202600867,512,512,28,4.5,FlowMatchEulerDiscreteScheduler,sd3base_0867_formal_train_0734.png,sd3rgda_0867_formal_train_0734.png,dca7d04a8b90b317724bd3572b21b91304f9c98fa36014208cc695df34489bc2
868,formal_train_0037,,,93ee9c1534b5513c19ad30a2486f4a5f2e02e96cde501a4d37b271747c3a9ef8,e3b0c44298fc1c149afbf4c8996fb92427ae41e4649b934ca495991b7852b855,train,true,,,a clean Czech road surface without visible road damage,202600868,512,512,28,4.5,FlowMatchEulerDiscreteScheduler,sd3base_0868_formal_train_0037.png,sd3rgda_0868_formal_train_0037.png,dca7d04a8b90b317724bd3572b21b91304f9c98fa36014208cc695df34489bc2
869,formal_train_1770,,,c608cba054a8858fe4c25cb218342aa8c8dcff2d67b98becb6353bd10da3a6c0,e3b0c44298fc1c149afbf4c8996fb92427ae41e4649b934ca495991b7852b855,train,true,,,a clean Czech road surface without visible road damage,202600869,512,512,28,4.5,FlowMatchEulerDiscreteScheduler,sd3base_0869_formal_train_1770.png,sd3rgda_0869_formal_train_1770.png,dca7d04a8b90b317724bd3572b21b91304f9c98fa36014208cc695df34489bc2
870,formal_train_1811,,,7c0da1dbb3406148510307dafa90fbcac62af19e97a311eaa6349cb0c951a34b,e3b0c44298fc1c149afbf4c8996fb92427ae41e4649b934ca495991b7852b855,train,true,,,a clean Czech road surface without visible road damage,202600870,512,512,28,4.5,FlowMatchEulerDiscreteScheduler,sd3base_0870_formal_train_1811.png,sd3rgda_0870_formal_train_1811.png,dca7d04a8b90b317724bd3572b21b91304f9c98fa36014208cc695df34489bc2
871,formal_train_1235,,,a6a2868a261b54b56a82a66db5529bfe7065858abf86286363c5c6a28eacd7eb,e3b0c44298fc1c149afbf4c8996fb92427ae41e4649b934ca495991b7852b855,train,true,,,a clean Czech road surface without visible road damage,202600871,512,512,28,4.5,FlowMatchEulerDiscreteScheduler,sd3base_0871_formal_train_1235.png,sd3rgda_0871_formal_train_1235.png,dca7d04a8b90b317724bd3572b21b91304f9c98fa36014208cc695df34489bc2
872,formal_train_0464,,,5992aa8dcaebbd88d7f85b2debfcb380cbc4c3fc14a4b40e674736e05a596ba5,e3b0c44298fc1c149afbf4c8996fb92427ae41e4649b934ca495991b7852b855,train,true,,,a clean Czech road surface without visible road damage,202600872,512,512,28,4.5,FlowMatchEulerDiscreteScheduler,sd3base_0872_formal_train_0464.png,sd3rgda_0872_formal_train_0464.png,dca7d04a8b90b317724bd3572b21b91304f9c98fa36014208cc695df34489bc2
873,formal_train_0890,,,743ba9563fb5fd181b6df9c501903d34868ffaf0097f6a9bc5c2d5c2b804a973,e3b0c44298fc1c149afbf4c8996fb92427ae41e4649b934ca495991b7852b855,train,true,,,a clean Czech road surface without visible road damage,202600873,512,512,28,4.5,FlowMatchEulerDiscreteScheduler,sd3base_0873_formal_train_0890.png,sd3rgda_0873_formal_train_0890.png,dca7d04a8b90b317724bd3572b21b91304f9c98fa36014208cc695df34489bc2
874,formal_train_0613,,,77129dceb568e01107463fdcd538ebdd149fedc70b6aee553bf467ee8070ee6c,e3b0c44298fc1c149afbf4c8996fb92427ae41e4649b934ca495991b7852b855,train,true,,,a clean Czech road surface without visible road damage,202600874,512,512,28,4.5,FlowMatchEulerDiscreteScheduler,sd3base_0874_formal_train_0613.png,sd3rgda_0874_formal_train_0613.png,dca7d04a8b90b317724bd3572b21b91304f9c98fa36014208cc695df34489bc2
875,formal_train_1684,,,c511c6283dc4310fbb4f0b2170442c295e8755723616a56a6801519cf3c814cf,e3b0c44298fc1c149afbf4c8996fb92427ae41e4649b934ca495991b7852b855,train,true,,,a clean Czech road surface without visible road damage,202600875,512,512,28,4.5,FlowMatchEulerDiscreteScheduler,sd3base_0875_formal_train_1684.png,sd3rgda_0875_formal_train_1684.png,dca7d04a8b90b317724bd3572b21b91304f9c98fa36014208cc695df34489bc2
876,formal_train_0085,,,82f02391428fdeedc1f93cdbf26f35b736d1321334c017b72173dfe753095584,e3b0c44298fc1c149afbf4c8996fb92427ae41e4649b934ca495991b7852b855,train,true,,,a clean Czech road surface without visible road damage,202600876,512,512,28,4.5,FlowMatchEulerDiscreteScheduler,sd3base_0876_formal_train_0085.png,sd3rgda_0876_formal_train_0085.png,dca7d04a8b90b317724bd3572b21b91304f9c98fa36014208cc695df34489bc2
877,formal_train_0498,,,3633f57c4170cf8afb35c13f454ff22cc06402ab93e3485e22fd05ea77c3e95b,e3b0c44298fc1c149afbf4c8996fb92427ae41e4649b934ca495991b7852b855,train,true,,,a clean Czech road surface without visible road damage,202600877,512,512,28,4.5,FlowMatchEulerDiscreteScheduler,sd3base_0877_formal_train_0498.png,sd3rgda_0877_formal_train_0498.png,dca7d04a8b90b317724bd3572b21b91304f9c98fa36014208cc695df34489bc2
878,formal_train_1528,,,dac37e3705c8c3dfa5dbfc32ec2539142e24bb994b50d8f00ad100a4951b2e75,e3b0c44298fc1c149afbf4c8996fb92427ae41e4649b934ca495991b7852b855,train,true,,,a clean Czech road surface without visible road damage,202600878,512,512,28,4.5,FlowMatchEulerDiscreteScheduler,sd3base_0878_formal_train_1528.png,sd3rgda_0878_formal_train_1528.png,dca7d04a8b90b317724bd3572b21b91304f9c98fa36014208cc695df34489bc2
879,formal_train_1729,,,d75bae40edaf7340b626a5d3be1a18504283dcf7f284fe45f0a66bff445b7d1f,e3b0c44298fc1c149afbf4c8996fb92427ae41e4649b934ca495991b7852b855,train,true,,,a clean Czech road surface without visible road damage,202600879,512,512,28,4.5,FlowMatchEulerDiscreteScheduler,sd3base_0879_formal_train_1729.png,sd3rgda_0879_formal_train_1729.png,dca7d04a8b90b317724bd3572b21b91304f9c98fa36014208cc695df34489bc2
880,formal_train_0604,,,72d7a8d66df7e1393e78706eb94a6a1876ddc177a12b2f48e78e5ee3b439cae5,e3b0c44298fc1c149afbf4c8996fb92427ae41e4649b934ca495991b7852b855,train,true,,,a clean Czech road surface without visible road damage,202600880,512,512,28,4.5,FlowMatchEulerDiscreteScheduler,sd3base_0880_formal_train_0604.png,sd3rgda_0880_formal_train_0604.png,dca7d04a8b90b317724bd3572b21b91304f9c98fa36014208cc695df34489bc2
881,formal_train_0779,,,7083ce363d3e8cc63e1745395dcfa1db260980c3d68ed8034f305912c96cda71,e3b0c44298fc1c149afbf4c8996fb92427ae41e4649b934ca495991b7852b855,train,true,,,a clean Czech road surface without visible road damage,202600881,512,512,28,4.5,FlowMatchEulerDiscreteScheduler,sd3base_0881_formal_train_0779.png,sd3rgda_0881_formal_train_0779.png,dca7d04a8b90b317724bd3572b21b91304f9c98fa36014208cc695df34489bc2
882,formal_train_0547,,,504fe9b663c98c108bf42b3c343e463ebb56dce868a3b49e27178d5c1f6df2c1,e3b0c44298fc1c149afbf4c8996fb92427ae41e4649b934ca495991b7852b855,train,true,,,a clean Czech road surface without visible road damage,202600882,512,512,28,4.5,FlowMatchEulerDiscreteScheduler,sd3base_0882_formal_train_0547.png,sd3rgda_0882_formal_train_0547.png,dca7d04a8b90b317724bd3572b21b91304f9c98fa36014208cc695df34489bc2
883,formal_train_1040,,,ed22a4bf98b5f7cd68d0d6db75214e11bc29988addb52dd4cc56ff55d4c97a2c,e3b0c44298fc1c149afbf4c8996fb92427ae41e4649b934ca495991b7852b855,train,true,,,a clean Czech road surface without visible road damage,202600883,512,512,28,4.5,FlowMatchEulerDiscreteScheduler,sd3base_0883_formal_train_1040.png,sd3rgda_0883_formal_train_1040.png,dca7d04a8b90b317724bd3572b21b91304f9c98fa36014208cc695df34489bc2
884,formal_train_0194,,,ae5a01181da8f75db7571c9387c64ab8a79fb870093e339c7d73813e53473581,e3b0c44298fc1c149afbf4c8996fb92427ae41e4649b934ca495991b7852b855,train,true,,,a clean Czech road surface without visible road damage,202600884,512,512,28,4.5,FlowMatchEulerDiscreteScheduler,sd3base_0884_formal_train_0194.png,sd3rgda_0884_formal_train_0194.png,dca7d04a8b90b317724bd3572b21b91304f9c98fa36014208cc695df34489bc2
885,formal_train_1821,,,04e5adbfc6f9fb7155b28f4d456c3196604bf7cee56b1e35f9e43afec36224ef,e3b0c44298fc1c149afbf4c8996fb92427ae41e4649b934ca495991b7852b855,train,true,,,a clean Czech road surface without visible road damage,202600885,512,512,28,4.5,FlowMatchEulerDiscreteScheduler,sd3base_0885_formal_train_1821.png,sd3rgda_0885_formal_train_1821.png,dca7d04a8b90b317724bd3572b21b91304f9c98fa36014208cc695df34489bc2
886,formal_train_0519,,,0bf19a1427fd419ecb21670ce251adbbc4361b864d589ff2169752366c14f450,e3b0c44298fc1c149afbf4c8996fb92427ae41e4649b934ca495991b7852b855,train,true,,,a clean Czech road surface without visible road damage,202600886,512,512,28,4.5,FlowMatchEulerDiscreteScheduler,sd3base_0886_formal_train_0519.png,sd3rgda_0886_formal_train_0519.png,dca7d04a8b90b317724bd3572b21b91304f9c98fa36014208cc695df34489bc2
887,formal_train_1566,,,869783f7f2e8f0409207f5afb888cb54190a2029ecda993e856ca1836f8c7187,e3b0c44298fc1c149afbf4c8996fb92427ae41e4649b934ca495991b7852b855,train,true,,,a clean Czech road surface without visible road damage,202600887,512,512,28,4.5,FlowMatchEulerDiscreteScheduler,sd3base_0887_formal_train_1566.png,sd3rgda_0887_formal_train_1566.png,dca7d04a8b90b317724bd3572b21b91304f9c98fa36014208cc695df34489bc2
888,formal_train_1813,,,64e17d261340f42be991a360e3c21691e48ed3dadf9c15e8e4e8fccd7d39f9a1,e3b0c44298fc1c149afbf4c8996fb92427ae41e4649b934ca495991b7852b855,train,true,,,a clean Czech road surface without visible road damage,202600888,512,512,28,4.5,FlowMatchEulerDiscreteScheduler,sd3base_0888_formal_train_1813.png,sd3rgda_0888_formal_train_1813.png,dca7d04a8b90b317724bd3572b21b91304f9c98fa36014208cc695df34489bc2
889,formal_train_1060,,,70c8503baac92ca90e0bfdd90510f5bfbad82359132112676c8274a10dcfad90,e3b0c44298fc1c149afbf4c8996fb92427ae41e4649b934ca495991b7852b855,train,true,,,a clean Czech road surface without visible road damage,202600889,512,512,28,4.5,FlowMatchEulerDiscreteScheduler,sd3base_0889_formal_train_1060.png,sd3rgda_0889_formal_train_1060.png,dca7d04a8b90b317724bd3572b21b91304f9c98fa36014208cc695df34489bc2
890,formal_train_0973,,,8efa471aba59b1474228384d5f91465c9b807bb0e28a24d9d91bed67cd67f954,e3b0c44298fc1c149afbf4c8996fb92427ae41e4649b934ca495991b7852b855,train,true,,,a clean Czech road surface without visible road damage,202600890,512,512,28,4.5,FlowMatchEulerDiscreteScheduler,sd3base_0890_formal_train_0973.png,sd3rgda_0890_formal_train_0973.png,dca7d04a8b90b317724bd3572b21b91304f9c98fa36014208cc695df34489bc2
891,formal_train_0091,,,d040359b0f21b9882e642f06a5973a4cee9029a235d4f0357ad5d0d2dd583253,e3b0c44298fc1c149afbf4c8996fb92427ae41e4649b934ca495991b7852b855,train,true,,,a clean Czech road surface without visible road damage,202600891,512,512,28,4.5,FlowMatchEulerDiscreteScheduler,sd3base_0891_formal_train_0091.png,sd3rgda_0891_formal_train_0091.png,dca7d04a8b90b317724bd3572b21b91304f9c98fa36014208cc695df34489bc2
892,formal_train_0725,,,74156a19ddbd763c7a4f853e09912fe24d3135c70f0b8e8043c73edb0a6b24b9,e3b0c44298fc1c149afbf4c8996fb92427ae41e4649b934ca495991b7852b855,train,true,,,a clean Czech road surface without visible road damage,202600892,512,512,28,4.5,FlowMatchEulerDiscreteScheduler,sd3base_0892_formal_train_0725.png,sd3rgda_0892_formal_train_0725.png,dca7d04a8b90b317724bd3572b21b91304f9c98fa36014208cc695df34489bc2
893,formal_train_0212,,,1c8babd7c4f673c5ac16c8137931601cf331fedd69f0962cfaba5d557e2ecfab,e3b0c44298fc1c149afbf4c8996fb92427ae41e4649b934ca495991b7852b855,train,true,,,a clean Czech road surface without visible road damage,202600893,512,512,28,4.5,FlowMatchEulerDiscreteScheduler,sd3base_0893_formal_train_0212.png,sd3rgda_0893_formal_train_0212.png,dca7d04a8b90b317724bd3572b21b91304f9c98fa36014208cc695df34489bc2
894,formal_train_1220,,,fc33cee7bc74a0381d7d7cf7d8468985b8ee471e02ddf9206cf5bc73d47a4608,e3b0c44298fc1c149afbf4c8996fb92427ae41e4649b934ca495991b7852b855,train,true,,,a clean Czech road surface without visible road damage,202600894,512,512,28,4.5,FlowMatchEulerDiscreteScheduler,sd3base_0894_formal_train_1220.png,sd3rgda_0894_formal_train_1220.png,dca7d04a8b90b317724bd3572b21b91304f9c98fa36014208cc695df34489bc2
895,formal_train_1541,,,dc954b37110f336493e6b76bb53a2b0887a6b3514675e13c1e53b6199a48484c,e3b0c44298fc1c149afbf4c8996fb92427ae41e4649b934ca495991b7852b855,train,true,,,a clean Czech road surface without visible road damage,202600895,512,512,28,4.5,FlowMatchEulerDiscreteScheduler,sd3base_0895_formal_train_1541.png,sd3rgda_0895_formal_train_1541.png,dca7d04a8b90b317724bd3572b21b91304f9c98fa36014208cc695df34489bc2
896,formal_train_0490,,,cf1c41db316811a9259321af5f2fe6b048c2fabb88fb63a7712c1f12a8847a70,e3b0c44298fc1c149afbf4c8996fb92427ae41e4649b934ca495991b7852b855,train,true,,,a clean Czech road surface without visible road damage,202600896,512,512,28,4.5,FlowMatchEulerDiscreteScheduler,sd3base_0896_formal_train_0490.png,sd3rgda_0896_formal_train_0490.png,dca7d04a8b90b317724bd3572b21b91304f9c98fa36014208cc695df34489bc2
897,formal_train_1534,,,360d876e2639fa83bf0bd8a08cd18e74471e334d58966aacf3e27722f30cf513,e3b0c44298fc1c149afbf4c8996fb92427ae41e4649b934ca495991b7852b855,train,true,,,a clean Czech road surface without visible road damage,202600897,512,512,28,4.5,FlowMatchEulerDiscreteScheduler,sd3base_0897_formal_train_1534.png,sd3rgda_0897_formal_train_1534.png,dca7d04a8b90b317724bd3572b21b91304f9c98fa36014208cc695df34489bc2
898,formal_train_0098,,,f4213dde2872f135159c19380c7b0874f7f39bca13509d4d5467b5a5648edab0,e3b0c44298fc1c149afbf4c8996fb92427ae41e4649b934ca495991b7852b855,train,true,,,a clean Czech road surface without visible road damage,202600898,512,512,28,4.5,FlowMatchEulerDiscreteScheduler,sd3base_0898_formal_train_0098.png,sd3rgda_0898_formal_train_0098.png,dca7d04a8b90b317724bd3572b21b91304f9c98fa36014208cc695df34489bc2
899,formal_train_0999,,,8233e48cc8ddfaa2717dbc19a3ee128ab0e0f620aa02d770b99fda6905dcee54,e3b0c44298fc1c149afbf4c8996fb92427ae41e4649b934ca495991b7852b855,train,true,,,a clean Czech road surface without visible road damage,202600899,512,512,28,4.5,FlowMatchEulerDiscreteScheduler,sd3base_0899_formal_train_0999.png,sd3rgda_0899_formal_train_0999.png,dca7d04a8b90b317724bd3572b21b91304f9c98fa36014208cc695df34489bc2
900,formal_train_0701,,,fcbf042bf1ecaefe67401ca5650a362594584230f064339c4fc59eea4b2a09e0,e3b0c44298fc1c149afbf4c8996fb92427ae41e4649b934ca495991b7852b855,train,true,,,a clean Czech road surface without visible road damage,202600900,512,512,28,4.5,FlowMatchEulerDiscreteScheduler,sd3base_0900_formal_train_0701.png,sd3rgda_0900_formal_train_0701.png,dca7d04a8b90b317724bd3572b21b91304f9c98fa36014208cc695df34489bc2
901,formal_train_1152,,,8c578977756391eb48817f4a8fc2c0fb220d323c539cc9cc56ba37bf5cd390bd,e3b0c44298fc1c149afbf4c8996fb92427ae41e4649b934ca495991b7852b855,train,true,,,a clean Czech road surface without visible road damage,202600901,512,512,28,4.5,FlowMatchEulerDiscreteScheduler,sd3base_0901_formal_train_1152.png,sd3rgda_0901_formal_train_1152.png,dca7d04a8b90b317724bd3572b21b91304f9c98fa36014208cc695df34489bc2
902,formal_train_1844,,,d3b9e246e229bdf0e4c39258b2d0520ca54231e732e7b43863ddfe8eb4687a00,e3b0c44298fc1c149afbf4c8996fb92427ae41e4649b934ca495991b7852b855,train,true,,,a clean Czech road surface without visible road damage,202600902,512,512,28,4.5,FlowMatchEulerDiscreteScheduler,sd3base_0902_formal_train_1844.png,sd3rgda_0902_formal_train_1844.png,dca7d04a8b90b317724bd3572b21b91304f9c98fa36014208cc695df34489bc2
903,formal_train_1722,,,8ef6ba16a7510d3a9cf0e52987b415c26d8998c90705c0fbe8e96180c94ae2ba,e3b0c44298fc1c149afbf4c8996fb92427ae41e4649b934ca495991b7852b855,train,true,,,a clean Czech road surface without visible road damage,202600903,512,512,28,4.5,FlowMatchEulerDiscreteScheduler,sd3base_0903_formal_train_1722.png,sd3rgda_0903_formal_train_1722.png,dca7d04a8b90b317724bd3572b21b91304f9c98fa36014208cc695df34489bc2
904,formal_train_1773,,,538357d76cf7ed6ac47c708a23ed6d988eb57f49297f03a5c7896e9f83c51dc9,e3b0c44298fc1c149afbf4c8996fb92427ae41e4649b934ca495991b7852b855,train,true,,,a clean Czech road surface without visible road damage,202600904,512,512,28,4.5,FlowMatchEulerDiscreteScheduler,sd3base_0904_formal_train_1773.png,sd3rgda_0904_formal_train_1773.png,dca7d04a8b90b317724bd3572b21b91304f9c98fa36014208cc695df34489bc2
905,formal_train_1312,,,42674ed87ef35e69359aa7bc72e8ff7dd8499ac5c6a6538ba10c2c004c5314f9,e3b0c44298fc1c149afbf4c8996fb92427ae41e4649b934ca495991b7852b855,train,true,,,a clean Czech road surface without visible road damage,202600905,512,512,28,4.5,FlowMatchEulerDiscreteScheduler,sd3base_0905_formal_train_1312.png,sd3rgda_0905_formal_train_1312.png,dca7d04a8b90b317724bd3572b21b91304f9c98fa36014208cc695df34489bc2
906,formal_train_1210,,,1e9182cf33a5760e7ebd60008c092b3bf76d7912cc856933a84a97129f103c4c,e3b0c44298fc1c149afbf4c8996fb92427ae41e4649b934ca495991b7852b855,train,true,,,a clean Czech road surface without visible road damage,202600906,512,512,28,4.5,FlowMatchEulerDiscreteScheduler,sd3base_0906_formal_train_1210.png,sd3rgda_0906_formal_train_1210.png,dca7d04a8b90b317724bd3572b21b91304f9c98fa36014208cc695df34489bc2
907,formal_train_0867,,,a1fbba159990c54e3c5c0ecaf65cd12ea7fbd94c64c78bbdbfebcd597a6ae891,e3b0c44298fc1c149afbf4c8996fb92427ae41e4649b934ca495991b7852b855,train,true,,,a clean Czech road surface without visible road damage,202600907,512,512,28,4.5,FlowMatchEulerDiscreteScheduler,sd3base_0907_formal_train_0867.png,sd3rgda_0907_formal_train_0867.png,dca7d04a8b90b317724bd3572b21b91304f9c98fa36014208cc695df34489bc2
908,formal_train_1622,,,64e5e2b0851847643584f40adfbafae17439e7e0073aae0c8be61eeb0d446481,e3b0c44298fc1c149afbf4c8996fb92427ae41e4649b934ca495991b7852b855,train,true,,,a clean Czech road surface without visible road damage,202600908,512,512,28,4.5,FlowMatchEulerDiscreteScheduler,sd3base_0908_formal_train_1622.png,sd3rgda_0908_formal_train_1622.png,dca7d04a8b90b317724bd3572b21b91304f9c98fa36014208cc695df34489bc2
909,formal_train_0921,,,6f77e9133e5dbe38108b0934fdd3e38ba65f8b591df74aee777cf85c8438cbf1,e3b0c44298fc1c149afbf4c8996fb92427ae41e4649b934ca495991b7852b855,train,true,,,a clean Czech road surface without visible road damage,202600909,512,512,28,4.5,FlowMatchEulerDiscreteScheduler,sd3base_0909_formal_train_0921.png,sd3rgda_0909_formal_train_0921.png,dca7d04a8b90b317724bd3572b21b91304f9c98fa36014208cc695df34489bc2
910,formal_train_1269,,,83c923dafe3bc24c1d7d353cb97866c4aa42c12cc842df6c7d261f4cfbc97dee,e3b0c44298fc1c149afbf4c8996fb92427ae41e4649b934ca495991b7852b855,train,true,,,a clean Czech road surface without visible road damage,202600910,512,512,28,4.5,FlowMatchEulerDiscreteScheduler,sd3base_0910_formal_train_1269.png,sd3rgda_0910_formal_train_1269.png,dca7d04a8b90b317724bd3572b21b91304f9c98fa36014208cc695df34489bc2
911,formal_train_0652,,,aba9acc22f43b881fc575c27709a7b148791a6f4340f6d2f4e4bb8836a908909,e3b0c44298fc1c149afbf4c8996fb92427ae41e4649b934ca495991b7852b855,train,true,,,a clean Czech road surface without visible road damage,202600911,512,512,28,4.5,FlowMatchEulerDiscreteScheduler,sd3base_0911_formal_train_0652.png,sd3rgda_0911_formal_train_0652.png,dca7d04a8b90b317724bd3572b21b91304f9c98fa36014208cc695df34489bc2
912,formal_train_0855,,,b6da2d722caad9ceca1fb0d4d543597f92da4b2c71fc6804695c6f89524d4746,e3b0c44298fc1c149afbf4c8996fb92427ae41e4649b934ca495991b7852b855,train,true,,,a clean Czech road surface without visible road damage,202600912,512,512,28,4.5,FlowMatchEulerDiscreteScheduler,sd3base_0912_formal_train_0855.png,sd3rgda_0912_formal_train_0855.png,dca7d04a8b90b317724bd3572b21b91304f9c98fa36014208cc695df34489bc2
913,formal_train_1044,,,f14ebe80466471d5f97c59b208f72b878e97de892d0bfab5cdcb2734506031ab,e3b0c44298fc1c149afbf4c8996fb92427ae41e4649b934ca495991b7852b855,train,true,,,a clean Czech road surface without visible road damage,202600913,512,512,28,4.5,FlowMatchEulerDiscreteScheduler,sd3base_0913_formal_train_1044.png,sd3rgda_0913_formal_train_1044.png,dca7d04a8b90b317724bd3572b21b91304f9c98fa36014208cc695df34489bc2
914,formal_train_1556,,,4a3f5bcf64d53d45c4a0c9e9896685932c6b1e3e9f0f967b9d48ea06becd06df,e3b0c44298fc1c149afbf4c8996fb92427ae41e4649b934ca495991b7852b855,train,true,,,a clean Czech road surface without visible road damage,202600914,512,512,28,4.5,FlowMatchEulerDiscreteScheduler,sd3base_0914_formal_train_1556.png,sd3rgda_0914_formal_train_1556.png,dca7d04a8b90b317724bd3572b21b91304f9c98fa36014208cc695df34489bc2
915,formal_train_0350,,,fd238e1ad99a185f895bf1a83f42123a8056c2432f870d862b0ebe8256f4c8d9,e3b0c44298fc1c149afbf4c8996fb92427ae41e4649b934ca495991b7852b855,train,true,,,a clean Czech road surface without visible road damage,202600915,512,512,28,4.5,FlowMatchEulerDiscreteScheduler,sd3base_0915_formal_train_0350.png,sd3rgda_0915_formal_train_0350.png,dca7d04a8b90b317724bd3572b21b91304f9c98fa36014208cc695df34489bc2
916,formal_train_1905,,,872610d9a9b06aee546eac4bd423a6ecece157612a6be3b1402c5232a07cb910,e3b0c44298fc1c149afbf4c8996fb92427ae41e4649b934ca495991b7852b855,train,true,,,a clean Czech road surface without visible road damage,202600916,512,512,28,4.5,FlowMatchEulerDiscreteScheduler,sd3base_0916_formal_train_1905.png,sd3rgda_0916_formal_train_1905.png,dca7d04a8b90b317724bd3572b21b91304f9c98fa36014208cc695df34489bc2
917,formal_train_1789,,,dcd718c154f323c5f4341c0c485918b69f73b791d5207e7127ccc9405276fb8f,e3b0c44298fc1c149afbf4c8996fb92427ae41e4649b934ca495991b7852b855,train,true,,,a clean Czech road surface without visible road damage,202600917,512,512,28,4.5,FlowMatchEulerDiscreteScheduler,sd3base_0917_formal_train_1789.png,sd3rgda_0917_formal_train_1789.png,dca7d04a8b90b317724bd3572b21b91304f9c98fa36014208cc695df34489bc2
918,formal_train_0229,,,614602d3dc1c7223c6275302deb88db0f1bef87881b3b5539cc5890b9ed97f19,e3b0c44298fc1c149afbf4c8996fb92427ae41e4649b934ca495991b7852b855,train,true,,,a clean Czech road surface without visible road damage,202600918,512,512,28,4.5,FlowMatchEulerDiscreteScheduler,sd3base_0918_formal_train_0229.png,sd3rgda_0918_formal_train_0229.png,dca7d04a8b90b317724bd3572b21b91304f9c98fa36014208cc695df34489bc2
919,formal_train_0186,,,1bb4604ffafc3f4cdd22ac7f58b674ce16c3aa91c611ac217b4d5d2c7932c0b0,e3b0c44298fc1c149afbf4c8996fb92427ae41e4649b934ca495991b7852b855,train,true,,,a clean Czech road surface without visible road damage,202600919,512,512,28,4.5,FlowMatchEulerDiscreteScheduler,sd3base_0919_formal_train_0186.png,sd3rgda_0919_formal_train_0186.png,dca7d04a8b90b317724bd3572b21b91304f9c98fa36014208cc695df34489bc2
920,formal_train_0375,,,86538dc9ed612683eb0d3616e1707945941ece3f8e3a71a9a605cbb6cf3aa9ee,e3b0c44298fc1c149afbf4c8996fb92427ae41e4649b934ca495991b7852b855,train,true,,,a clean Czech road surface without visible road damage,202600920,512,512,28,4.5,FlowMatchEulerDiscreteScheduler,sd3base_0920_formal_train_0375.png,sd3rgda_0920_formal_train_0375.png,dca7d04a8b90b317724bd3572b21b91304f9c98fa36014208cc695df34489bc2
921,formal_train_0665,,,3ef14a66fb89cb7f70a071aa0aa1006fbd2de469df9b19fc474ce266f43fba4d,e3b0c44298fc1c149afbf4c8996fb92427ae41e4649b934ca495991b7852b855,train,true,,,a clean Czech road surface without visible road damage,202600921,512,512,28,4.5,FlowMatchEulerDiscreteScheduler,sd3base_0921_formal_train_0665.png,sd3rgda_0921_formal_train_0665.png,dca7d04a8b90b317724bd3572b21b91304f9c98fa36014208cc695df34489bc2
922,formal_train_1176,,,1dc2a1f1d1b3e5f3d5d368249cb575e9abe636bb387a1ef65261c8105c6c2d02,e3b0c44298fc1c149afbf4c8996fb92427ae41e4649b934ca495991b7852b855,train,true,,,a clean Czech road surface without visible road damage,202600922,512,512,28,4.5,FlowMatchEulerDiscreteScheduler,sd3base_0922_formal_train_1176.png,sd3rgda_0922_formal_train_1176.png,dca7d04a8b90b317724bd3572b21b91304f9c98fa36014208cc695df34489bc2
923,formal_train_0913,,,1afeecf91ef705485eeeff322efd687b5a20de752bd10e90cb4313e4bba73eb2,e3b0c44298fc1c149afbf4c8996fb92427ae41e4649b934ca495991b7852b855,train,true,,,a clean Czech road surface without visible road damage,202600923,512,512,28,4.5,FlowMatchEulerDiscreteScheduler,sd3base_0923_formal_train_0913.png,sd3rgda_0923_formal_train_0913.png,dca7d04a8b90b317724bd3572b21b91304f9c98fa36014208cc695df34489bc2
924,formal_train_1065,,,5ce0605dd3add8587ce6a96ecd98b0c2986aeb9534ae17722e5cdf239a412a78,e3b0c44298fc1c149afbf4c8996fb92427ae41e4649b934ca495991b7852b855,train,true,,,a clean Czech road surface without visible road damage,202600924,512,512,28,4.5,FlowMatchEulerDiscreteScheduler,sd3base_0924_formal_train_1065.png,sd3rgda_0924_formal_train_1065.png,dca7d04a8b90b317724bd3572b21b91304f9c98fa36014208cc695df34489bc2
925,formal_train_1515,,,624a6cbcafcf92c2e63c39ccf0cfe78a8e9ebcaed2ea0a1f679efcff66794403,e3b0c44298fc1c149afbf4c8996fb92427ae41e4649b934ca495991b7852b855,train,true,,,a clean Czech road surface without visible road damage,202600925,512,512,28,4.5,FlowMatchEulerDiscreteScheduler,sd3base_0925_formal_train_1515.png,sd3rgda_0925_formal_train_1515.png,dca7d04a8b90b317724bd3572b21b91304f9c98fa36014208cc695df34489bc2
926,formal_train_1184,,,7272555b627668d967d481bb5c6fe10073d90bf37ee300f87ec59cf2c3822f49,e3b0c44298fc1c149afbf4c8996fb92427ae41e4649b934ca495991b7852b855,train,true,,,a clean Czech road surface without visible road damage,202600926,512,512,28,4.5,FlowMatchEulerDiscreteScheduler,sd3base_0926_formal_train_1184.png,sd3rgda_0926_formal_train_1184.png,dca7d04a8b90b317724bd3572b21b91304f9c98fa36014208cc695df34489bc2
927,formal_train_1161,,,af21fd5831340b466eb2354e2ff191eebab2e3023416e8dd33bfd66402755ebd,e3b0c44298fc1c149afbf4c8996fb92427ae41e4649b934ca495991b7852b855,train,true,,,a clean Czech road surface without visible road damage,202600927,512,512,28,4.5,FlowMatchEulerDiscreteScheduler,sd3base_0927_formal_train_1161.png,sd3rgda_0927_formal_train_1161.png,dca7d04a8b90b317724bd3572b21b91304f9c98fa36014208cc695df34489bc2
928,formal_train_0642,,,25ef0479892d1c79e2ea7eb71733513a7d904c151e2a7e9235bf8dc60aa365fa,e3b0c44298fc1c149afbf4c8996fb92427ae41e4649b934ca495991b7852b855,train,true,,,a clean Czech road surface without visible road damage,202600928,512,512,28,4.5,FlowMatchEulerDiscreteScheduler,sd3base_0928_formal_train_0642.png,sd3rgda_0928_formal_train_0642.png,dca7d04a8b90b317724bd3572b21b91304f9c98fa36014208cc695df34489bc2
929,formal_train_1288,,,469671471823fb743f6b4b5128202996ebcd1c3f6e26bb71284ebab95c26a824,e3b0c44298fc1c149afbf4c8996fb92427ae41e4649b934ca495991b7852b855,train,true,,,a clean Czech road surface without visible road damage,202600929,512,512,28,4.5,FlowMatchEulerDiscreteScheduler,sd3base_0929_formal_train_1288.png,sd3rgda_0929_formal_train_1288.png,dca7d04a8b90b317724bd3572b21b91304f9c98fa36014208cc695df34489bc2
930,formal_train_0217,,,6204b5f866ee5dad675020c51d3ec9e62e181d3d9663abf3108d4d1e7ac6d667,e3b0c44298fc1c149afbf4c8996fb92427ae41e4649b934ca495991b7852b855,train,true,,,a clean Czech road surface without visible road damage,202600930,512,512,28,4.5,FlowMatchEulerDiscreteScheduler,sd3base_0930_formal_train_0217.png,sd3rgda_0930_formal_train_0217.png,dca7d04a8b90b317724bd3572b21b91304f9c98fa36014208cc695df34489bc2
931,formal_train_0825,,,957b84a54cc05af6d3e06f65a6b24ab56538a73171c4df1c73c5980c144da614,e3b0c44298fc1c149afbf4c8996fb92427ae41e4649b934ca495991b7852b855,train,true,,,a clean Czech road surface without visible road damage,202600931,512,512,28,4.5,FlowMatchEulerDiscreteScheduler,sd3base_0931_formal_train_0825.png,sd3rgda_0931_formal_train_0825.png,dca7d04a8b90b317724bd3572b21b91304f9c98fa36014208cc695df34489bc2
932,formal_train_1690,,,ecc33424847ecf335d4e7a18ac4ab75a123e85e4980d044d2890a8ad036bf4d0,e3b0c44298fc1c149afbf4c8996fb92427ae41e4649b934ca495991b7852b855,train,true,,,a clean Czech road surface without visible road damage,202600932,512,512,28,4.5,FlowMatchEulerDiscreteScheduler,sd3base_0932_formal_train_1690.png,sd3rgda_0932_formal_train_1690.png,dca7d04a8b90b317724bd3572b21b91304f9c98fa36014208cc695df34489bc2
933,formal_train_1525,,,77fd8661dc4314d5f0b8c44d89a58642d213b73cc776416a78500415f9d73de0,e3b0c44298fc1c149afbf4c8996fb92427ae41e4649b934ca495991b7852b855,train,true,,,a clean Czech road surface without visible road damage,202600933,512,512,28,4.5,FlowMatchEulerDiscreteScheduler,sd3base_0933_formal_train_1525.png,sd3rgda_0933_formal_train_1525.png,dca7d04a8b90b317724bd3572b21b91304f9c98fa36014208cc695df34489bc2
934,formal_train_0456,,,6565235e9e77139b7df411325889a5de06b001fb3bbbb933ebbe4f9e027a3488,e3b0c44298fc1c149afbf4c8996fb92427ae41e4649b934ca495991b7852b855,train,true,,,a clean Czech road surface without visible road damage,202600934,512,512,28,4.5,FlowMatchEulerDiscreteScheduler,sd3base_0934_formal_train_0456.png,sd3rgda_0934_formal_train_0456.png,dca7d04a8b90b317724bd3572b21b91304f9c98fa36014208cc695df34489bc2
935,formal_train_1664,,,4c0f42b01d144ba8020e631f14ec926e7a925fb87e9198d418ca80973a6a827e,e3b0c44298fc1c149afbf4c8996fb92427ae41e4649b934ca495991b7852b855,train,true,,,a clean Czech road surface without visible road damage,202600935,512,512,28,4.5,FlowMatchEulerDiscreteScheduler,sd3base_0935_formal_train_1664.png,sd3rgda_0935_formal_train_1664.png,dca7d04a8b90b317724bd3572b21b91304f9c98fa36014208cc695df34489bc2
936,formal_train_0001,,,8ea555788681b38c39ad8c58f79934fe9ab8ced30d00efd72e0ed50c52531a36,e3b0c44298fc1c149afbf4c8996fb92427ae41e4649b934ca495991b7852b855,train,true,,,a clean Czech road surface without visible road damage,202600936,512,512,28,4.5,FlowMatchEulerDiscreteScheduler,sd3base_0936_formal_train_0001.png,sd3rgda_0936_formal_train_0001.png,dca7d04a8b90b317724bd3572b21b91304f9c98fa36014208cc695df34489bc2
937,formal_train_0793,,,c752bed649830de05c5e027674e52baf90842f7735892f85b46278ea314ec978,e3b0c44298fc1c149afbf4c8996fb92427ae41e4649b934ca495991b7852b855,train,true,,,a clean Czech road surface without visible road damage,202600937,512,512,28,4.5,FlowMatchEulerDiscreteScheduler,sd3base_0937_formal_train_0793.png,sd3rgda_0937_formal_train_0793.png,dca7d04a8b90b317724bd3572b21b91304f9c98fa36014208cc695df34489bc2
938,formal_train_0176,,,1dc872871fe9902130494814839f174436a7887f59517299dad7454786422a0e,e3b0c44298fc1c149afbf4c8996fb92427ae41e4649b934ca495991b7852b855,train,true,,,a clean Czech road surface without visible road damage,202600938,512,512,28,4.5,FlowMatchEulerDiscreteScheduler,sd3base_0938_formal_train_0176.png,sd3rgda_0938_formal_train_0176.png,dca7d04a8b90b317724bd3572b21b91304f9c98fa36014208cc695df34489bc2
939,formal_train_0756,,,601f2f2b749069e717791e350dc2296b2c30774ef55213bb17e9b6f35400a64e,e3b0c44298fc1c149afbf4c8996fb92427ae41e4649b934ca495991b7852b855,train,true,,,a clean Czech road surface without visible road damage,202600939,512,512,28,4.5,FlowMatchEulerDiscreteScheduler,sd3base_0939_formal_train_0756.png,sd3rgda_0939_formal_train_0756.png,dca7d04a8b90b317724bd3572b21b91304f9c98fa36014208cc695df34489bc2
940,formal_train_0873,,,624df5a79a23a922f4b8b29e42051ac454ab7d88a936dc13a0b5ec286caadd98,e3b0c44298fc1c149afbf4c8996fb92427ae41e4649b934ca495991b7852b855,train,true,,,a clean Czech road surface without visible road damage,202600940,512,512,28,4.5,FlowMatchEulerDiscreteScheduler,sd3base_0940_formal_train_0873.png,sd3rgda_0940_formal_train_0873.png,dca7d04a8b90b317724bd3572b21b91304f9c98fa36014208cc695df34489bc2
941,formal_train_1819,,,b1cf2d9031e3a29f44a2edbbb3d1077970a9d4f25e8ffe224e23b8bd85faf3e9,e3b0c44298fc1c149afbf4c8996fb92427ae41e4649b934ca495991b7852b855,train,true,,,a clean Czech road surface without visible road damage,202600941,512,512,28,4.5,FlowMatchEulerDiscreteScheduler,sd3base_0941_formal_train_1819.png,sd3rgda_0941_formal_train_1819.png,dca7d04a8b90b317724bd3572b21b91304f9c98fa36014208cc695df34489bc2
942,formal_train_0192,,,82f42f495b428f78a287c3bcea562ce7dace41804c175d0ec20144b84057416e,e3b0c44298fc1c149afbf4c8996fb92427ae41e4649b934ca495991b7852b855,train,true,,,a clean Czech road surface without visible road damage,202600942,512,512,28,4.5,FlowMatchEulerDiscreteScheduler,sd3base_0942_formal_train_0192.png,sd3rgda_0942_formal_train_0192.png,dca7d04a8b90b317724bd3572b21b91304f9c98fa36014208cc695df34489bc2
943,formal_train_0068,,,f4b8ca1852f5098ee46f028ceee70f49ff51e021f6e668527fd016807a6e650f,e3b0c44298fc1c149afbf4c8996fb92427ae41e4649b934ca495991b7852b855,train,true,,,a clean Czech road surface without visible road damage,202600943,512,512,28,4.5,FlowMatchEulerDiscreteScheduler,sd3base_0943_formal_train_0068.png,sd3rgda_0943_formal_train_0068.png,dca7d04a8b90b317724bd3572b21b91304f9c98fa36014208cc695df34489bc2
944,formal_train_0454,,,1c556b487053e1bd41e6e8006a679ab8f9987f761346267ee01687d2030bae60,e3b0c44298fc1c149afbf4c8996fb92427ae41e4649b934ca495991b7852b855,train,true,,,a clean Czech road surface without visible road damage,202600944,512,512,28,4.5,FlowMatchEulerDiscreteScheduler,sd3base_0944_formal_train_0454.png,sd3rgda_0944_formal_train_0454.png,dca7d04a8b90b317724bd3572b21b91304f9c98fa36014208cc695df34489bc2
945,formal_train_1400,,,0dbaeba3c0d54213112e91e98e3049e9d82b26cd3ee9a44e7426d40d2434d633,e3b0c44298fc1c149afbf4c8996fb92427ae41e4649b934ca495991b7852b855,train,true,,,a clean Czech road surface without visible road damage,202600945,512,512,28,4.5,FlowMatchEulerDiscreteScheduler,sd3base_0945_formal_train_1400.png,sd3rgda_0945_formal_train_1400.png,dca7d04a8b90b317724bd3572b21b91304f9c98fa36014208cc695df34489bc2
946,formal_train_0620,,,cdd23216ce330c0f0c6a6fc311c36dccbf395aef5965145092827dfb3d403ec0,e3b0c44298fc1c149afbf4c8996fb92427ae41e4649b934ca495991b7852b855,train,true,,,a clean Czech road surface without visible road damage,202600946,512,512,28,4.5,FlowMatchEulerDiscreteScheduler,sd3base_0946_formal_train_0620.png,sd3rgda_0946_formal_train_0620.png,dca7d04a8b90b317724bd3572b21b91304f9c98fa36014208cc695df34489bc2
947,formal_train_0358,,,f5c6c5f41eee9c5b07c34ce52af552149a7f5d1eb388b02d14ec4789a0e93613,e3b0c44298fc1c149afbf4c8996fb92427ae41e4649b934ca495991b7852b855,train,true,,,a clean Czech road surface without visible road damage,202600947,512,512,28,4.5,FlowMatchEulerDiscreteScheduler,sd3base_0947_formal_train_0358.png,sd3rgda_0947_formal_train_0358.png,dca7d04a8b90b317724bd3572b21b91304f9c98fa36014208cc695df34489bc2
948,formal_train_0156,,,fc03cc853b5e11f1b336bd6742ee1b5ce176fe5cdfb05cb9463171e1c1eb7844,e3b0c44298fc1c149afbf4c8996fb92427ae41e4649b934ca495991b7852b855,train,true,,,a clean Czech road surface without visible road damage,202600948,512,512,28,4.5,FlowMatchEulerDiscreteScheduler,sd3base_0948_formal_train_0156.png,sd3rgda_0948_formal_train_0156.png,dca7d04a8b90b317724bd3572b21b91304f9c98fa36014208cc695df34489bc2
949,formal_train_0235,,,1a1c00c21876900606a531886e10f81387970a468ef8047cc585d967bd298310,e3b0c44298fc1c149afbf4c8996fb92427ae41e4649b934ca495991b7852b855,train,true,,,a clean Czech road surface without visible road damage,202600949,512,512,28,4.5,FlowMatchEulerDiscreteScheduler,sd3base_0949_formal_train_0235.png,sd3rgda_0949_formal_train_0235.png,dca7d04a8b90b317724bd3572b21b91304f9c98fa36014208cc695df34489bc2
950,formal_train_0671,,,c1f917dc57fba68991b553b2f3422d46876e521796c01af30fdf56185d40c694,e3b0c44298fc1c149afbf4c8996fb92427ae41e4649b934ca495991b7852b855,train,true,,,a clean Czech road surface without visible road damage,202600950,512,512,28,4.5,FlowMatchEulerDiscreteScheduler,sd3base_0950_formal_train_0671.png,sd3rgda_0950_formal_train_0671.png,dca7d04a8b90b317724bd3572b21b91304f9c98fa36014208cc695df34489bc2
951,formal_train_1273,,,a483a82148aca51e67bf510512d3205a1cd76cbb227b8c6eeaf42de1321768a6,e3b0c44298fc1c149afbf4c8996fb92427ae41e4649b934ca495991b7852b855,train,true,,,a clean Czech road surface without visible road damage,202600951,512,512,28,4.5,FlowMatchEulerDiscreteScheduler,sd3base_0951_formal_train_1273.png,sd3rgda_0951_formal_train_1273.png,dca7d04a8b90b317724bd3572b21b91304f9c98fa36014208cc695df34489bc2
952,formal_train_1572,,,8a876c4c8167dcbabdf12db3268e04b8605e145f9da3712cced5eb9e15ecb360,e3b0c44298fc1c149afbf4c8996fb92427ae41e4649b934ca495991b7852b855,train,true,,,a clean Czech road surface without visible road damage,202600952,512,512,28,4.5,FlowMatchEulerDiscreteScheduler,sd3base_0952_formal_train_1572.png,sd3rgda_0952_formal_train_1572.png,dca7d04a8b90b317724bd3572b21b91304f9c98fa36014208cc695df34489bc2
953,formal_train_0345,,,388386505d2f2e6516166fd1e5ffd901bbfc4fd7c67f4f9df34d9890c0fd964a,e3b0c44298fc1c149afbf4c8996fb92427ae41e4649b934ca495991b7852b855,train,true,,,a clean Czech road surface without visible road damage,202600953,512,512,28,4.5,FlowMatchEulerDiscreteScheduler,sd3base_0953_formal_train_0345.png,sd3rgda_0953_formal_train_0345.png,dca7d04a8b90b317724bd3572b21b91304f9c98fa36014208cc695df34489bc2
954,formal_train_1266,,,e3273d0499a2f7bc960f34f30c5f3fb7e2ff1781218169dfbbd11be768aab981,e3b0c44298fc1c149afbf4c8996fb92427ae41e4649b934ca495991b7852b855,train,true,,,a clean Czech road surface without visible road damage,202600954,512,512,28,4.5,FlowMatchEulerDiscreteScheduler,sd3base_0954_formal_train_1266.png,sd3rgda_0954_formal_train_1266.png,dca7d04a8b90b317724bd3572b21b91304f9c98fa36014208cc695df34489bc2
955,formal_train_0145,,,022b74756d4654ab73c73e1ea65f497f12dd316fa05a4c5faf4ae9e66dcbeb76,e3b0c44298fc1c149afbf4c8996fb92427ae41e4649b934ca495991b7852b855,train,true,,,a clean Czech road surface without visible road damage,202600955,512,512,28,4.5,FlowMatchEulerDiscreteScheduler,sd3base_0955_formal_train_0145.png,sd3rgda_0955_formal_train_0145.png,dca7d04a8b90b317724bd3572b21b91304f9c98fa36014208cc695df34489bc2
956,formal_train_0010,,,aa801ab25ccfcd0de5121dc8478b6785bb22515e2e3e8bdc26bc3aba8e2b7d1b,e3b0c44298fc1c149afbf4c8996fb92427ae41e4649b934ca495991b7852b855,train,true,,,a clean Czech road surface without visible road damage,202600956,512,512,28,4.5,FlowMatchEulerDiscreteScheduler,sd3base_0956_formal_train_0010.png,sd3rgda_0956_formal_train_0010.png,dca7d04a8b90b317724bd3572b21b91304f9c98fa36014208cc695df34489bc2
957,formal_train_1602,,,3e6a54356719e83bfe3ab19d7bdc8589a8b0bb74d41da1edb3035b1e0005eb88,e3b0c44298fc1c149afbf4c8996fb92427ae41e4649b934ca495991b7852b855,train,true,,,a clean Czech road surface without visible road damage,202600957,512,512,28,4.5,FlowMatchEulerDiscreteScheduler,sd3base_0957_formal_train_1602.png,sd3rgda_0957_formal_train_1602.png,dca7d04a8b90b317724bd3572b21b91304f9c98fa36014208cc695df34489bc2
958,formal_train_1778,,,95151e3760f079633577855ff67d948ebd1951bb95dd8a8400d5acd28e885b3a,e3b0c44298fc1c149afbf4c8996fb92427ae41e4649b934ca495991b7852b855,train,true,,,a clean Czech road surface without visible road damage,202600958,512,512,28,4.5,FlowMatchEulerDiscreteScheduler,sd3base_0958_formal_train_1778.png,sd3rgda_0958_formal_train_1778.png,dca7d04a8b90b317724bd3572b21b91304f9c98fa36014208cc695df34489bc2
959,formal_train_1759,,,ea5e79d2ada13d67226c9676259d3d9faad844c44fb45ed98569f327297410af,e3b0c44298fc1c149afbf4c8996fb92427ae41e4649b934ca495991b7852b855,train,true,,,a clean Czech road surface without visible road damage,202600959,512,512,28,4.5,FlowMatchEulerDiscreteScheduler,sd3base_0959_formal_train_1759.png,sd3rgda_0959_formal_train_1759.png,dca7d04a8b90b317724bd3572b21b91304f9c98fa36014208cc695df34489bc2
960,formal_train_1918,,,60938579add0d8ec4f190c4a4278e8828cdc81f27c0e5cc5f46d989c92672717,e3b0c44298fc1c149afbf4c8996fb92427ae41e4649b934ca495991b7852b855,train,true,,,a clean Czech road surface without visible road damage,202600960,512,512,28,4.5,FlowMatchEulerDiscreteScheduler,sd3base_0960_formal_train_1918.png,sd3rgda_0960_formal_train_1918.png,dca7d04a8b90b317724bd3572b21b91304f9c98fa36014208cc695df34489bc2
961,formal_train_1450,,,9a4fcd880b972d15b671995eec9bba587fb7a8fcccb6f743c22788ee77bab37e,e3b0c44298fc1c149afbf4c8996fb92427ae41e4649b934ca495991b7852b855,train,true,,,a clean Czech road surface without visible road damage,202600961,512,512,28,4.5,FlowMatchEulerDiscreteScheduler,sd3base_0961_formal_train_1450.png,sd3rgda_0961_formal_train_1450.png,dca7d04a8b90b317724bd3572b21b91304f9c98fa36014208cc695df34489bc2
962,formal_train_0391,,,ed8a5397d8d96f2f83c157723d125959729721110d0bfde318eb87f3ea61ca94,e3b0c44298fc1c149afbf4c8996fb92427ae41e4649b934ca495991b7852b855,train,true,,,a clean Czech road surface without visible road damage,202600962,512,512,28,4.5,FlowMatchEulerDiscreteScheduler,sd3base_0962_formal_train_0391.png,sd3rgda_0962_formal_train_0391.png,dca7d04a8b90b317724bd3572b21b91304f9c98fa36014208cc695df34489bc2
963,formal_train_0930,,,3a0a66c7ded32e96b663f4d07ac250183ccbe726b638366146d0d6ea230ef675,e3b0c44298fc1c149afbf4c8996fb92427ae41e4649b934ca495991b7852b855,train,true,,,a clean Czech road surface without visible road damage,202600963,512,512,28,4.5,FlowMatchEulerDiscreteScheduler,sd3base_0963_formal_train_0930.png,sd3rgda_0963_formal_train_0930.png,dca7d04a8b90b317724bd3572b21b91304f9c98fa36014208cc695df34489bc2
964,formal_train_0709,,,66c55229f31b14e11b04cde90e09227bf3f3b52435455a775955f2524a43d351,e3b0c44298fc1c149afbf4c8996fb92427ae41e4649b934ca495991b7852b855,train,true,,,a clean Czech road surface without visible road damage,202600964,512,512,28,4.5,FlowMatchEulerDiscreteScheduler,sd3base_0964_formal_train_0709.png,sd3rgda_0964_formal_train_0709.png,dca7d04a8b90b317724bd3572b21b91304f9c98fa36014208cc695df34489bc2
965,formal_train_0113,,,0b1febbdb6f8ca1917b5b98c08b968bb711f7ec59f9cc412b759240c5d9c1c71,e3b0c44298fc1c149afbf4c8996fb92427ae41e4649b934ca495991b7852b855,train,true,,,a clean Czech road surface without visible road damage,202600965,512,512,28,4.5,FlowMatchEulerDiscreteScheduler,sd3base_0965_formal_train_0113.png,sd3rgda_0965_formal_train_0113.png,dca7d04a8b90b317724bd3572b21b91304f9c98fa36014208cc695df34489bc2
966,formal_train_1415,,,aea3b25ce208ac7e260fec498bf86e435228efc11d7213c28c6d91c81f0dd176,e3b0c44298fc1c149afbf4c8996fb92427ae41e4649b934ca495991b7852b855,train,true,,,a clean Czech road surface without visible road damage,202600966,512,512,28,4.5,FlowMatchEulerDiscreteScheduler,sd3base_0966_formal_train_1415.png,sd3rgda_0966_formal_train_1415.png,dca7d04a8b90b317724bd3572b21b91304f9c98fa36014208cc695df34489bc2
967,formal_train_1105,,,a0637695077caa3fc393219800fc6f3c1e72ece6aa177bb36c41c548f27e4f9f,e3b0c44298fc1c149afbf4c8996fb92427ae41e4649b934ca495991b7852b855,train,true,,,a clean Czech road surface without visible road damage,202600967,512,512,28,4.5,FlowMatchEulerDiscreteScheduler,sd3base_0967_formal_train_1105.png,sd3rgda_0967_formal_train_1105.png,dca7d04a8b90b317724bd3572b21b91304f9c98fa36014208cc695df34489bc2
968,formal_train_1183,,,55435875fecd57764e07e2c5aa2bef623fed85949328f54b5605f2de874729f0,e3b0c44298fc1c149afbf4c8996fb92427ae41e4649b934ca495991b7852b855,train,true,,,a clean Czech road surface without visible road damage,202600968,512,512,28,4.5,FlowMatchEulerDiscreteScheduler,sd3base_0968_formal_train_1183.png,sd3rgda_0968_formal_train_1183.png,dca7d04a8b90b317724bd3572b21b91304f9c98fa36014208cc695df34489bc2
969,formal_train_1951,,,b6196a6d50dd841fdac3cc34c1473c70eb5470c28dea990cc058c6999dad6bc6,e3b0c44298fc1c149afbf4c8996fb92427ae41e4649b934ca495991b7852b855,train,true,,,a clean Czech road surface without visible road damage,202600969,512,512,28,4.5,FlowMatchEulerDiscreteScheduler,sd3base_0969_formal_train_1951.png,sd3rgda_0969_formal_train_1951.png,dca7d04a8b90b317724bd3572b21b91304f9c98fa36014208cc695df34489bc2
970,formal_train_0012,,,a2fc8085331cf197395857bbbf2ae5f10eb609a0956328485afef6a8fc353bff,e3b0c44298fc1c149afbf4c8996fb92427ae41e4649b934ca495991b7852b855,train,true,,,a clean Czech road surface without visible road damage,202600970,512,512,28,4.5,FlowMatchEulerDiscreteScheduler,sd3base_0970_formal_train_0012.png,sd3rgda_0970_formal_train_0012.png,dca7d04a8b90b317724bd3572b21b91304f9c98fa36014208cc695df34489bc2
971,formal_train_0500,,,40ae960c028eab14c5857a47d7be3b431eadcce6b7d38ec35c4551fd7e413f17,e3b0c44298fc1c149afbf4c8996fb92427ae41e4649b934ca495991b7852b855,train,true,,,a clean Czech road surface without visible road damage,202600971,512,512,28,4.5,FlowMatchEulerDiscreteScheduler,sd3base_0971_formal_train_0500.png,sd3rgda_0971_formal_train_0500.png,dca7d04a8b90b317724bd3572b21b91304f9c98fa36014208cc695df34489bc2
972,formal_train_1483,,,a0def7cee83d96b7e0a09cfee1a4a37c965702ffdac8dc431289dd7230938c78,e3b0c44298fc1c149afbf4c8996fb92427ae41e4649b934ca495991b7852b855,train,true,,,a clean Czech road surface without visible road damage,202600972,512,512,28,4.5,FlowMatchEulerDiscreteScheduler,sd3base_0972_formal_train_1483.png,sd3rgda_0972_formal_train_1483.png,dca7d04a8b90b317724bd3572b21b91304f9c98fa36014208cc695df34489bc2
973,formal_train_1418,,,0360336a3126c6176bcac61efc682cefeaabacb2ed132077b7a0ba449141376c,e3b0c44298fc1c149afbf4c8996fb92427ae41e4649b934ca495991b7852b855,train,true,,,a clean Czech road surface without visible road damage,202600973,512,512,28,4.5,FlowMatchEulerDiscreteScheduler,sd3base_0973_formal_train_1418.png,sd3rgda_0973_formal_train_1418.png,dca7d04a8b90b317724bd3572b21b91304f9c98fa36014208cc695df34489bc2
974,formal_train_0205,,,3a96bb74b79e8dc7dd2c947598d34e69afcdfa58fd46fca1c68ce82749ceb559,e3b0c44298fc1c149afbf4c8996fb92427ae41e4649b934ca495991b7852b855,train,true,,,a clean Czech road surface without visible road damage,202600974,512,512,28,4.5,FlowMatchEulerDiscreteScheduler,sd3base_0974_formal_train_0205.png,sd3rgda_0974_formal_train_0205.png,dca7d04a8b90b317724bd3572b21b91304f9c98fa36014208cc695df34489bc2
975,formal_train_0748,,,5377397686f4afba4911347ce5803f1491a51c5c3ae899aed96c323505d93cee,e3b0c44298fc1c149afbf4c8996fb92427ae41e4649b934ca495991b7852b855,train,true,,,a clean Czech road surface without visible road damage,202600975,512,512,28,4.5,FlowMatchEulerDiscreteScheduler,sd3base_0975_formal_train_0748.png,sd3rgda_0975_formal_train_0748.png,dca7d04a8b90b317724bd3572b21b91304f9c98fa36014208cc695df34489bc2
976,formal_train_1550,,,acd00cc53462aef5861e2e88ec298d602a3d20d175cbf9c655f751153dc72cae,e3b0c44298fc1c149afbf4c8996fb92427ae41e4649b934ca495991b7852b855,train,true,,,a clean Czech road surface without visible road damage,202600976,512,512,28,4.5,FlowMatchEulerDiscreteScheduler,sd3base_0976_formal_train_1550.png,sd3rgda_0976_formal_train_1550.png,dca7d04a8b90b317724bd3572b21b91304f9c98fa36014208cc695df34489bc2
977,formal_train_0946,,,bff457a41f5eccaf2a19866094a276013c32bfffe3abc335e561cd48cd218d5c,e3b0c44298fc1c149afbf4c8996fb92427ae41e4649b934ca495991b7852b855,train,true,,,a clean Czech road surface without visible road damage,202600977,512,512,28,4.5,FlowMatchEulerDiscreteScheduler,sd3base_0977_formal_train_0946.png,sd3rgda_0977_formal_train_0946.png,dca7d04a8b90b317724bd3572b21b91304f9c98fa36014208cc695df34489bc2
978,formal_train_1461,,,5af525a985d23d12f2c726f75216a03f6bb2c1117cfc7fabd8ee60ce7ce40b21,e3b0c44298fc1c149afbf4c8996fb92427ae41e4649b934ca495991b7852b855,train,true,,,a clean Czech road surface without visible road damage,202600978,512,512,28,4.5,FlowMatchEulerDiscreteScheduler,sd3base_0978_formal_train_1461.png,sd3rgda_0978_formal_train_1461.png,dca7d04a8b90b317724bd3572b21b91304f9c98fa36014208cc695df34489bc2
979,formal_train_0904,,,75b80816ef0764891a39a0037513119f0b08c796f5954d20eb25395bd97e12e1,e3b0c44298fc1c149afbf4c8996fb92427ae41e4649b934ca495991b7852b855,train,true,,,a clean Czech road surface without visible road damage,202600979,512,512,28,4.5,FlowMatchEulerDiscreteScheduler,sd3base_0979_formal_train_0904.png,sd3rgda_0979_formal_train_0904.png,dca7d04a8b90b317724bd3572b21b91304f9c98fa36014208cc695df34489bc2
980,formal_train_1378,,,5b35ce76989df83becb861e9736b7193214cc8c5091c440adfa4a5113351e410,e3b0c44298fc1c149afbf4c8996fb92427ae41e4649b934ca495991b7852b855,train,true,,,a clean Czech road surface without visible road damage,202600980,512,512,28,4.5,FlowMatchEulerDiscreteScheduler,sd3base_0980_formal_train_1378.png,sd3rgda_0980_formal_train_1378.png,dca7d04a8b90b317724bd3572b21b91304f9c98fa36014208cc695df34489bc2
981,formal_train_1730,,,dd4d03b7228ce7054bc12e81813cfc91fb18737a1e30a2f2f625526d8eec3c64,e3b0c44298fc1c149afbf4c8996fb92427ae41e4649b934ca495991b7852b855,train,true,,,a clean Czech road surface without visible road damage,202600981,512,512,28,4.5,FlowMatchEulerDiscreteScheduler,sd3base_0981_formal_train_1730.png,sd3rgda_0981_formal_train_1730.png,dca7d04a8b90b317724bd3572b21b91304f9c98fa36014208cc695df34489bc2
982,formal_train_0810,,,742a21eff6bc62ab04ee93f3558b4d4a46e13188be0fb4e7c4261b43093887da,e3b0c44298fc1c149afbf4c8996fb92427ae41e4649b934ca495991b7852b855,train,true,,,a clean Czech road surface without visible road damage,202600982,512,512,28,4.5,FlowMatchEulerDiscreteScheduler,sd3base_0982_formal_train_0810.png,sd3rgda_0982_formal_train_0810.png,dca7d04a8b90b317724bd3572b21b91304f9c98fa36014208cc695df34489bc2
983,formal_train_0755,,,b0825f332cee175ad065bc5fa241cb26a25f19ab32210a6c144622f3b812e5bb,e3b0c44298fc1c149afbf4c8996fb92427ae41e4649b934ca495991b7852b855,train,true,,,a clean Czech road surface without visible road damage,202600983,512,512,28,4.5,FlowMatchEulerDiscreteScheduler,sd3base_0983_formal_train_0755.png,sd3rgda_0983_formal_train_0755.png,dca7d04a8b90b317724bd3572b21b91304f9c98fa36014208cc695df34489bc2
984,formal_train_1259,,,58998b9a9081c869764132ecfda2979e75b72102fa45972f6e3cd7411e4d7e68,e3b0c44298fc1c149afbf4c8996fb92427ae41e4649b934ca495991b7852b855,train,true,,,a clean Czech road surface without visible road damage,202600984,512,512,28,4.5,FlowMatchEulerDiscreteScheduler,sd3base_0984_formal_train_1259.png,sd3rgda_0984_formal_train_1259.png,dca7d04a8b90b317724bd3572b21b91304f9c98fa36014208cc695df34489bc2
985,formal_train_1576,,,2c37d91bec89865e002c3159ea4026912c8fed823bd806ffc429e330b0939cf8,e3b0c44298fc1c149afbf4c8996fb92427ae41e4649b934ca495991b7852b855,train,true,,,a clean Czech road surface without visible road damage,202600985,512,512,28,4.5,FlowMatchEulerDiscreteScheduler,sd3base_0985_formal_train_1576.png,sd3rgda_0985_formal_train_1576.png,dca7d04a8b90b317724bd3572b21b91304f9c98fa36014208cc695df34489bc2
986,formal_train_0423,,,2afe3e69ef1ed2dfe04ad3586a34f2d97df7a6ef14c437005f55918fc96372e7,e3b0c44298fc1c149afbf4c8996fb92427ae41e4649b934ca495991b7852b855,train,true,,,a clean Czech road surface without visible road damage,202600986,512,512,28,4.5,FlowMatchEulerDiscreteScheduler,sd3base_0986_formal_train_0423.png,sd3rgda_0986_formal_train_0423.png,dca7d04a8b90b317724bd3572b21b91304f9c98fa36014208cc695df34489bc2
987,formal_train_0797,,,679619244b955f5702143736fc32e25c3343add3fbd764a98517919ec16ab2a8,e3b0c44298fc1c149afbf4c8996fb92427ae41e4649b934ca495991b7852b855,train,true,,,a clean Czech road surface without visible road damage,202600987,512,512,28,4.5,FlowMatchEulerDiscreteScheduler,sd3base_0987_formal_train_0797.png,sd3rgda_0987_formal_train_0797.png,dca7d04a8b90b317724bd3572b21b91304f9c98fa36014208cc695df34489bc2
988,formal_train_0094,,,90bce252b3b31378b64c4692232d755b28ff20e9a5725e23512fd232554b2ceb,e3b0c44298fc1c149afbf4c8996fb92427ae41e4649b934ca495991b7852b855,train,true,,,a clean Czech road surface without visible road damage,202600988,512,512,28,4.5,FlowMatchEulerDiscreteScheduler,sd3base_0988_formal_train_0094.png,sd3rgda_0988_formal_train_0094.png,dca7d04a8b90b317724bd3572b21b91304f9c98fa36014208cc695df34489bc2
989,formal_train_1381,,,7921263d0ffc77ed65e0a20291d86a0f0762a79acc53f3f3b42f3da21e4c2af4,e3b0c44298fc1c149afbf4c8996fb92427ae41e4649b934ca495991b7852b855,train,true,,,a clean Czech road surface without visible road damage,202600989,512,512,28,4.5,FlowMatchEulerDiscreteScheduler,sd3base_0989_formal_train_1381.png,sd3rgda_0989_formal_train_1381.png,dca7d04a8b90b317724bd3572b21b91304f9c98fa36014208cc695df34489bc2
990,formal_train_0935,,,f466e8487c11c599ccd3819dfb522ff64df6ec4b416f158a49551c425a7400bc,e3b0c44298fc1c149afbf4c8996fb92427ae41e4649b934ca495991b7852b855,train,true,,,a clean Czech road surface without visible road damage,202600990,512,512,28,4.5,FlowMatchEulerDiscreteScheduler,sd3base_0990_formal_train_0935.png,sd3rgda_0990_formal_train_0935.png,dca7d04a8b90b317724bd3572b21b91304f9c98fa36014208cc695df34489bc2
991,formal_train_1126,,,28a16756b58e476cf6c48d6584100922b4a29160bfad36db51b3571877bfdbdb,e3b0c44298fc1c149afbf4c8996fb92427ae41e4649b934ca495991b7852b855,train,true,,,a clean Czech road surface without visible road damage,202600991,512,512,28,4.5,FlowMatchEulerDiscreteScheduler,sd3base_0991_formal_train_1126.png,sd3rgda_0991_formal_train_1126.png,dca7d04a8b90b317724bd3572b21b91304f9c98fa36014208cc695df34489bc2
992,formal_train_1413,,,13dc89ba0edaffe338c5de78ef7372b592c775441310cf8df6304a9222685783,e3b0c44298fc1c149afbf4c8996fb92427ae41e4649b934ca495991b7852b855,train,true,,,a clean Czech road surface without visible road damage,202600992,512,512,28,4.5,FlowMatchEulerDiscreteScheduler,sd3base_0992_formal_train_1413.png,sd3rgda_0992_formal_train_1413.png,dca7d04a8b90b317724bd3572b21b91304f9c98fa36014208cc695df34489bc2
993,formal_train_1433,,,a58097f171eb5d09d9bd7ea059a54b47eae9220a3263c0ad27df5b22325e315d,e3b0c44298fc1c149afbf4c8996fb92427ae41e4649b934ca495991b7852b855,train,true,,,a clean Czech road surface without visible road damage,202600993,512,512,28,4.5,FlowMatchEulerDiscreteScheduler,sd3base_0993_formal_train_1433.png,sd3rgda_0993_formal_train_1433.png,dca7d04a8b90b317724bd3572b21b91304f9c98fa36014208cc695df34489bc2
994,formal_train_1452,,,981ab116aec5b39a6e0debadfe59e1052cd175b782784ef16fdf3eac79b8793c,e3b0c44298fc1c149afbf4c8996fb92427ae41e4649b934ca495991b7852b855,train,true,,,a clean Czech road surface without visible road damage,202600994,512,512,28,4.5,FlowMatchEulerDiscreteScheduler,sd3base_0994_formal_train_1452.png,sd3rgda_0994_formal_train_1452.png,dca7d04a8b90b317724bd3572b21b91304f9c98fa36014208cc695df34489bc2
995,formal_train_0590,,,c79babf10bd1ba41073fcade9b365397bd25ef2d72667e9d5af9115049844322,e3b0c44298fc1c149afbf4c8996fb92427ae41e4649b934ca495991b7852b855,train,true,,,a clean Czech road surface without visible road damage,202600995,512,512,28,4.5,FlowMatchEulerDiscreteScheduler,sd3base_0995_formal_train_0590.png,sd3rgda_0995_formal_train_0590.png,dca7d04a8b90b317724bd3572b21b91304f9c98fa36014208cc695df34489bc2
996,formal_train_1097,,,48937f84ad961e3f71d4202fccd31dbba3e2c200da8d477c6b578cbe28f99f28,e3b0c44298fc1c149afbf4c8996fb92427ae41e4649b934ca495991b7852b855,train,true,,,a clean Czech road surface without visible road damage,202600996,512,512,28,4.5,FlowMatchEulerDiscreteScheduler,sd3base_0996_formal_train_1097.png,sd3rgda_0996_formal_train_1097.png,dca7d04a8b90b317724bd3572b21b91304f9c98fa36014208cc695df34489bc2
997,formal_train_1053,,,0ce80e30dc1888bb7ad61e3c07f685cd179bba18628d5d57b0087114e01be28b,e3b0c44298fc1c149afbf4c8996fb92427ae41e4649b934ca495991b7852b855,train,true,,,a clean Czech road surface without visible road damage,202600997,512,512,28,4.5,FlowMatchEulerDiscreteScheduler,sd3base_0997_formal_train_1053.png,sd3rgda_0997_formal_train_1053.png,dca7d04a8b90b317724bd3572b21b91304f9c98fa36014208cc695df34489bc2
998,formal_train_0093,,,4728056efa195c4450728bd3b139b825bbb25b238f86ef3ea5cd2cc7a7adedec,e3b0c44298fc1c149afbf4c8996fb92427ae41e4649b934ca495991b7852b855,train,true,,,a clean Czech road surface without visible road damage,202600998,512,512,28,4.5,FlowMatchEulerDiscreteScheduler,sd3base_0998_formal_train_0093.png,sd3rgda_0998_formal_train_0093.png,dca7d04a8b90b317724bd3572b21b91304f9c98fa36014208cc695df34489bc2
999,formal_train_1214,,,06d4d1d64a66ccfdb6ddea29e04d3166c4d4fa741dd8345ee293383d88457480,e3b0c44298fc1c149afbf4c8996fb92427ae41e4649b934ca495991b7852b855,train,true,,,a clean Czech road surface without visible road damage,202600999,512,512,28,4.5,FlowMatchEulerDiscreteScheduler,sd3base_0999_formal_train_1214.png,sd3rgda_0999_formal_train_1214.png,dca7d04a8b90b317724bd3572b21b91304f9c98fa36014208cc695df34489bc2
